
Gurobi 11.0.3 (win64, Java) logging started Mon Nov 25 17:35:47 2024

Set parameter Username
Set parameter LicenseID to value 2562516
Set parameter LogFile to value "src/main/java/gzhu/yh/logger/ILP_RD12.log"
Academic license - for non-commercial use only - expires 2025-09-30
Gurobi Optimizer version 11.0.3 build v11.0.3rc0 (win64 - Windows 10.0 (19045.2))

CPU model: 11th Gen Intel(R) Core(TM) i5-1135G7 @ 2.40GHz, instruction set [SSE2|AVX|AVX2|AVX512]
Thread count: 4 physical cores, 8 logical processors, using up to 8 threads

Optimize a model with 60 rows, 60 columns and 176 nonzeros
Model fingerprint: 0x180a0912
Variable types: 0 continuous, 60 integer (60 binary)
Coefficient statistics:
  Matrix range     [1e+00, 1e+05]
  Objective range  [1e+00, 2e+00]
  Bounds range     [1e+00, 1e+00]
  RHS range        [1e+00, 1e+05]
Found heuristic solution: objective 20.0000000
Presolve removed 60 rows and 60 columns
Presolve time: 0.00s
Presolve: All rows and columns removed

Explored 0 nodes (0 simplex iterations) in 0.00 seconds (0.00 work units)
Thread count was 1 (of 8 available processors)

Solution count 2: 14 20 

Optimal solution found (tolerance 1.00e-04)
Best objective 1.400000000000e+01, best bound 1.400000000000e+01, gap 0.0000%

Gurobi 11.0.3 (win64, Java) logging started Mon Nov 25 17:38:10 2024

Set parameter Username
Set parameter LicenseID to value 2562516
Set parameter LogFile to value "src/main/java/gzhu/yh/logger/ILP_RD12.log"
Academic license - for non-commercial use only - expires 2025-09-30
Gurobi Optimizer version 11.0.3 build v11.0.3rc0 (win64 - Windows 10.0 (19045.2))

CPU model: 11th Gen Intel(R) Core(TM) i5-1135G7 @ 2.40GHz, instruction set [SSE2|AVX|AVX2|AVX512]
Thread count: 4 physical cores, 8 logical processors, using up to 8 threads

Optimize a model with 60 rows, 60 columns and 362 nonzeros
Model fingerprint: 0xcf726aa5
Variable types: 0 continuous, 60 integer (60 binary)
Coefficient statistics:
  Matrix range     [1e+00, 1e+05]
  Objective range  [1e+00, 2e+00]
  Bounds range     [1e+00, 1e+00]
  RHS range        [1e+00, 1e+05]
Found heuristic solution: objective 20.0000000
Presolve removed 1 rows and 20 columns
Presolve time: 0.00s
Presolved: 59 rows, 40 columns, 333 nonzeros
Variable types: 0 continuous, 40 integer (40 binary)

Root relaxation: objective 5.384615e+00, 36 iterations, 0.00 seconds (0.00 work units)

    Nodes    |    Current Node    |     Objective Bounds      |     Work
 Expl Unexpl |  Obj  Depth IntInf | Incumbent    BestBd   Gap | It/Node Time

     0     0    5.38462    0   21   20.00000    5.38462  73.1%     -    0s
H    0     0                       7.0000000    5.38462  23.1%     -    0s
H    0     0                       6.0000000    5.38462  10.3%     -    0s
     0     0    5.38462    0   21    6.00000    5.38462  10.3%     -    0s

Explored 1 nodes (37 simplex iterations) in 0.01 seconds (0.00 work units)
Thread count was 8 (of 8 available processors)

Solution count 3: 6 7 20 

Optimal solution found (tolerance 1.00e-04)
Best objective 6.000000000000e+00, best bound 6.000000000000e+00, gap 0.0000%

Gurobi 11.0.3 (win64, Java) logging started Mon Nov 25 17:39:06 2024

Set parameter Username
Set parameter LicenseID to value 2562516
Set parameter LogFile to value "src/main/java/gzhu/yh/logger/ILP_RD12.log"
Academic license - for non-commercial use only - expires 2025-09-30
Gurobi Optimizer version 11.0.3 build v11.0.3rc0 (win64 - Windows 10.0 (19045.2))

CPU model: 11th Gen Intel(R) Core(TM) i5-1135G7 @ 2.40GHz, instruction set [SSE2|AVX|AVX2|AVX512]
Thread count: 4 physical cores, 8 logical processors, using up to 8 threads

Optimize a model with 60 rows, 60 columns and 348 nonzeros
Model fingerprint: 0x594d6d5c
Variable types: 0 continuous, 60 integer (60 binary)
Coefficient statistics:
  Matrix range     [1e+00, 1e+05]
  Objective range  [1e+00, 2e+00]
  Bounds range     [1e+00, 1e+00]
  RHS range        [1e+00, 1e+05]
Found heuristic solution: objective 20.0000000
Presolve removed 2 rows and 20 columns
Presolve time: 0.00s
Presolved: 58 rows, 40 columns, 320 nonzeros
Variable types: 0 continuous, 40 integer (40 binary)

Root relaxation: objective 7.000000e+00, 39 iterations, 0.00 seconds (0.00 work units)

    Nodes    |    Current Node    |     Objective Bounds      |     Work
 Expl Unexpl |  Obj  Depth IntInf | Incumbent    BestBd   Gap | It/Node Time

     0     0    7.00000    0   17   20.00000    7.00000  65.0%     -    0s
H    0     0                       9.0000000    7.00000  22.2%     -    0s
H    0     0                       8.0000000    7.00000  12.5%     -    0s

Cutting planes:
  Gomory: 1
  MIR: 2
  Zero half: 1

Explored 1 nodes (49 simplex iterations) in 0.02 seconds (0.00 work units)
Thread count was 8 (of 8 available processors)

Solution count 3: 8 9 20 

Optimal solution found (tolerance 1.00e-04)
Best objective 8.000000000000e+00, best bound 8.000000000000e+00, gap 0.0000%

Gurobi 11.0.3 (win64, Java) logging started Mon Nov 25 17:39:57 2024

Set parameter Username
Set parameter LicenseID to value 2562516
Set parameter LogFile to value "src/main/java/gzhu/yh/logger/ILP_RD12.log"
Academic license - for non-commercial use only - expires 2025-09-30
Gurobi Optimizer version 11.0.3 build v11.0.3rc0 (win64 - Windows 10.0 (19045.2))

CPU model: 11th Gen Intel(R) Core(TM) i5-1135G7 @ 2.40GHz, instruction set [SSE2|AVX|AVX2|AVX512]
Thread count: 4 physical cores, 8 logical processors, using up to 8 threads

Optimize a model with 1020 rows, 1020 columns and 3876 nonzeros
Model fingerprint: 0x29f56df3
Variable types: 0 continuous, 1020 integer (1020 binary)
Coefficient statistics:
  Matrix range     [1e+00, 1e+05]
  Objective range  [1e+00, 2e+00]
  Bounds range     [1e+00, 1e+00]
  RHS range        [1e+00, 1e+05]
Found heuristic solution: objective 340.0000000
Presolve removed 165 rows and 442 columns
Presolve time: 0.01s
Presolved: 855 rows, 578 columns, 3288 nonzeros
Variable types: 0 continuous, 578 integer (578 binary)

Root relaxation: objective 1.744253e+02, 1289 iterations, 0.06 seconds (0.06 work units)

    Nodes    |    Current Node    |     Objective Bounds      |     Work
 Expl Unexpl |  Obj  Depth IntInf | Incumbent    BestBd   Gap | It/Node Time

     0     0  174.42532    0  572  340.00000  174.42532  48.7%     -    0s
H    0     0                     234.0000000  174.42532  25.5%     -    0s
H    0     0                     216.0000000  174.42532  19.2%     -    0s
H    0     0                     215.0000000  174.42532  18.9%     -    0s
H    0     0                     204.0000000  174.42532  14.5%     -    0s
H    0     0                     200.0000000  175.03169  12.5%     -    0s
H    0     0                     199.0000000  175.03169  12.0%     -    0s
     0     0  175.03169    0  558  199.00000  175.03169  12.0%     -    0s
     0     0  175.17534    0  562  199.00000  175.17534  12.0%     -    0s
     0     0  175.17534    0  561  199.00000  175.17534  12.0%     -    0s
     0     0  175.17534    0  559  199.00000  175.17534  12.0%     -    0s
     0     0  175.19743    0  560  199.00000  175.19743  12.0%     -    0s
H    0     0                     197.0000000  175.51595  10.9%     -    0s
     0     0  175.62219    0  563  197.00000  175.62219  10.9%     -    0s
     0     0  175.62219    0  563  197.00000  175.62219  10.9%     -    0s
H    0     0                     195.0000000  175.62219  9.94%     -    0s
     0     2  175.62219    0  563  195.00000  175.62219  9.94%     -    0s
H   34    39                     194.0000000  175.88518  9.34%   104    0s
H   68    73                     193.0000000  175.88518  8.87%  86.9    0s
H  108   113                     192.0000000  175.88518  8.39%  73.7    0s
H  110   113                     187.0000000  175.88518  5.94%  73.7    0s
*  139   126              24     184.0000000  175.97536  4.36%  69.3    0s
H  226   190                     183.0000000  175.97536  3.84%  69.2    0s
H  230   190                     181.0000000  175.97536  2.78%  69.6    0s
H  338   216                     180.0000000  176.60425  1.89%  63.6    1s

Cutting planes:
  Gomory: 2
  Zero half: 13

Explored 2155 nodes (100430 simplex iterations) in 2.97 seconds (5.85 work units)
Thread count was 8 (of 8 available processors)

Solution count 10: 180 181 183 ... 197

Optimal solution found (tolerance 1.00e-04)
Best objective 1.800000000000e+02, best bound 1.800000000000e+02, gap 0.0000%

Gurobi 11.0.3 (win64, Java) logging started Mon Nov 25 17:41:32 2024

Set parameter Username
Set parameter LicenseID to value 2562516
Set parameter LogFile to value "src/main/java/gzhu/yh/logger/ILP_RD12.log"
Academic license - for non-commercial use only - expires 2025-09-30
Gurobi Optimizer version 11.0.3 build v11.0.3rc0 (win64 - Windows 10.0 (19045.2))

CPU model: 11th Gen Intel(R) Core(TM) i5-1135G7 @ 2.40GHz, instruction set [SSE2|AVX|AVX2|AVX512]
Thread count: 4 physical cores, 8 logical processors, using up to 8 threads

Optimize a model with 90 rows, 90 columns and 266 nonzeros
Model fingerprint: 0x51d743e4
Variable types: 0 continuous, 90 integer (90 binary)
Coefficient statistics:
  Matrix range     [1e+00, 1e+05]
  Objective range  [1e+00, 2e+00]
  Bounds range     [1e+00, 1e+00]
  RHS range        [1e+00, 1e+05]
Found heuristic solution: objective 30.0000000
Presolve removed 75 rows and 77 columns
Presolve time: 0.00s
Presolved: 15 rows, 13 columns, 40 nonzeros
Found heuristic solution: objective 20.0000000
Variable types: 0 continuous, 13 integer (13 binary)

Root relaxation: objective 1.800000e+01, 3 iterations, 0.00 seconds (0.00 work units)

    Nodes    |    Current Node    |     Objective Bounds      |     Work
 Expl Unexpl |  Obj  Depth IntInf | Incumbent    BestBd   Gap | It/Node Time

*    0     0               0      18.0000000   18.00000  0.00%     -    0s

Explored 1 nodes (3 simplex iterations) in 0.00 seconds (0.00 work units)
Thread count was 8 (of 8 available processors)

Solution count 3: 18 20 30 

Optimal solution found (tolerance 1.00e-04)
Best objective 1.800000000000e+01, best bound 1.800000000000e+01, gap 0.0000%

Gurobi 11.0.3 (win64, Java) logging started Mon Nov 25 17:42:27 2024

Set parameter Username
Set parameter LicenseID to value 2562516
Set parameter LogFile to value "src/main/java/gzhu/yh/logger/ILP_RD12.log"
Academic license - for non-commercial use only - expires 2025-09-30
Gurobi Optimizer version 11.0.3 build v11.0.3rc0 (win64 - Windows 10.0 (19045.2))

CPU model: 11th Gen Intel(R) Core(TM) i5-1135G7 @ 2.40GHz, instruction set [SSE2|AVX|AVX2|AVX512]
Thread count: 4 physical cores, 8 logical processors, using up to 8 threads

Optimize a model with 150 rows, 150 columns and 446 nonzeros
Model fingerprint: 0x806cc058
Variable types: 0 continuous, 150 integer (150 binary)
Coefficient statistics:
  Matrix range     [1e+00, 1e+05]
  Objective range  [1e+00, 2e+00]
  Bounds range     [1e+00, 1e+00]
  RHS range        [1e+00, 1e+05]
Found heuristic solution: objective 50.0000000
Presolve removed 115 rows and 119 columns
Presolve time: 0.00s
Presolved: 35 rows, 31 columns, 94 nonzeros
Found heuristic solution: objective 32.0000000
Variable types: 0 continuous, 31 integer (31 binary)

Root relaxation: objective 2.900000e+01, 13 iterations, 0.00 seconds (0.00 work units)

    Nodes    |    Current Node    |     Objective Bounds      |     Work
 Expl Unexpl |  Obj  Depth IntInf | Incumbent    BestBd   Gap | It/Node Time

*    0     0               0      29.0000000   29.00000  0.00%     -    0s

Explored 1 nodes (13 simplex iterations) in 0.01 seconds (0.00 work units)
Thread count was 8 (of 8 available processors)

Solution count 3: 29 32 50 

Optimal solution found (tolerance 1.00e-04)
Best objective 2.900000000000e+01, best bound 2.900000000000e+01, gap 0.0000%

Gurobi 11.0.3 (win64, Java) logging started Mon Mar 17 21:20:08 2025

Set parameter Username
Set parameter LicenseID to value 2562516
Set parameter LogFile to value "src/main/java/gzhu/yh/logger/ILP_RD12.log"
Academic license - for non-commercial use only - expires 2025-09-30
Gurobi Optimizer version 11.0.3 build v11.0.3rc0 (win64 - Windows 10.0 (19045.2))

CPU model: 11th Gen Intel(R) Core(TM) i5-1135G7 @ 2.40GHz, instruction set [SSE2|AVX|AVX2|AVX512]
Thread count: 4 physical cores, 8 logical processors, using up to 8 threads

Optimize a model with 150 rows, 150 columns and 446 nonzeros
Model fingerprint: 0xafca96fb
Variable types: 0 continuous, 150 integer (150 binary)
Coefficient statistics:
  Matrix range     [1e+00, 1e+05]
  Objective range  [1e+00, 2e+00]
  Bounds range     [1e+00, 1e+00]
  RHS range        [1e+00, 1e+05]
Found heuristic solution: objective 50.0000000
Presolve removed 129 rows and 131 columns
Presolve time: 0.00s
Presolved: 21 rows, 19 columns, 56 nonzeros
Found heuristic solution: objective 33.0000000
Variable types: 0 continuous, 19 integer (19 binary)

Root relaxation: objective 3.000000e+01, 7 iterations, 0.00 seconds (0.00 work units)

    Nodes    |    Current Node    |     Objective Bounds      |     Work
 Expl Unexpl |  Obj  Depth IntInf | Incumbent    BestBd   Gap | It/Node Time

*    0     0               0      30.0000000   30.00000  0.00%     -    0s

Explored 1 nodes (7 simplex iterations) in 0.01 seconds (0.00 work units)
Thread count was 8 (of 8 available processors)

Solution count 3: 30 33 50 

Optimal solution found (tolerance 1.00e-04)
Best objective 3.000000000000e+01, best bound 3.000000000000e+01, gap 0.0000%

Gurobi 11.0.3 (win64, Java) logging started Mon Mar 17 21:46:07 2025

Set parameter Username
Set parameter LicenseID to value 2562516
Set parameter LogFile to value "src/main/java/gzhu/yh/logger/ILP_RD12.log"
Academic license - for non-commercial use only - expires 2025-09-30
Gurobi Optimizer version 11.0.3 build v11.0.3rc0 (win64 - Windows 10.0 (19045.2))

CPU model: 11th Gen Intel(R) Core(TM) i5-1135G7 @ 2.40GHz, instruction set [SSE2|AVX|AVX2|AVX512]
Thread count: 4 physical cores, 8 logical processors, using up to 8 threads

Optimize a model with 150 rows, 150 columns and 446 nonzeros
Model fingerprint: 0x3c6b6b37
Variable types: 0 continuous, 150 integer (150 binary)
Coefficient statistics:
  Matrix range     [1e+00, 1e+05]
  Objective range  [1e+00, 2e+00]
  Bounds range     [1e+00, 1e+00]
  RHS range        [1e+00, 1e+05]
Found heuristic solution: objective 50.0000000
Presolve removed 96 rows and 103 columns
Presolve time: 0.00s
Presolved: 54 rows, 47 columns, 149 nonzeros
Variable types: 0 continuous, 47 integer (47 binary)
Found heuristic solution: objective 37.0000000

Root relaxation: objective 3.400000e+01, 33 iterations, 0.00 seconds (0.00 work units)

    Nodes    |    Current Node    |     Objective Bounds      |     Work
 Expl Unexpl |  Obj  Depth IntInf | Incumbent    BestBd   Gap | It/Node Time

*    0     0               0      34.0000000   34.00000  0.00%     -    0s

Explored 1 nodes (33 simplex iterations) in 0.01 seconds (0.00 work units)
Thread count was 8 (of 8 available processors)

Solution count 3: 34 37 50 

Optimal solution found (tolerance 1.00e-04)
Best objective 3.400000000000e+01, best bound 3.400000000000e+01, gap 0.0000%

Gurobi 11.0.3 (win64, Java) logging started Mon Mar 17 21:47:32 2025

Set parameter Username
Set parameter LicenseID to value 2562516
Set parameter LogFile to value "src/main/java/gzhu/yh/logger/ILP_RD12.log"
Academic license - for non-commercial use only - expires 2025-09-30
Gurobi Optimizer version 11.0.3 build v11.0.3rc0 (win64 - Windows 10.0 (19045.2))

CPU model: 11th Gen Intel(R) Core(TM) i5-1135G7 @ 2.40GHz, instruction set [SSE2|AVX|AVX2|AVX512]
Thread count: 4 physical cores, 8 logical processors, using up to 8 threads

Optimize a model with 150 rows, 150 columns and 446 nonzeros
Model fingerprint: 0x6e18dca9
Variable types: 0 continuous, 150 integer (150 binary)
Coefficient statistics:
  Matrix range     [1e+00, 1e+05]
  Objective range  [1e+00, 2e+00]
  Bounds range     [1e+00, 1e+00]
  RHS range        [1e+00, 1e+05]
Found heuristic solution: objective 50.0000000
Presolve removed 109 rows and 112 columns
Presolve time: 0.00s
Presolved: 41 rows, 38 columns, 112 nonzeros
Found heuristic solution: objective 36.0000000
Variable types: 0 continuous, 38 integer (38 binary)

Root relaxation: objective 3.200000e+01, 21 iterations, 0.00 seconds (0.00 work units)

    Nodes    |    Current Node    |     Objective Bounds      |     Work
 Expl Unexpl |  Obj  Depth IntInf | Incumbent    BestBd   Gap | It/Node Time

*    0     0               0      32.0000000   32.00000  0.00%     -    0s

Explored 1 nodes (21 simplex iterations) in 0.00 seconds (0.00 work units)
Thread count was 8 (of 8 available processors)

Solution count 3: 32 36 50 

Optimal solution found (tolerance 1.00e-04)
Best objective 3.200000000000e+01, best bound 3.200000000000e+01, gap 0.0000%

Gurobi 11.0.3 (win64, Java) logging started Mon Mar 17 21:49:25 2025

Set parameter Username
Set parameter LicenseID to value 2562516
Set parameter LogFile to value "src/main/java/gzhu/yh/logger/ILP_RD12.log"
Academic license - for non-commercial use only - expires 2025-09-30
Gurobi Optimizer version 11.0.3 build v11.0.3rc0 (win64 - Windows 10.0 (19045.2))

CPU model: 11th Gen Intel(R) Core(TM) i5-1135G7 @ 2.40GHz, instruction set [SSE2|AVX|AVX2|AVX512]
Thread count: 4 physical cores, 8 logical processors, using up to 8 threads

Optimize a model with 150 rows, 150 columns and 446 nonzeros
Model fingerprint: 0xe1ce9136
Variable types: 0 continuous, 150 integer (150 binary)
Coefficient statistics:
  Matrix range     [1e+00, 1e+05]
  Objective range  [1e+00, 2e+00]
  Bounds range     [1e+00, 1e+00]
  RHS range        [1e+00, 1e+05]
Found heuristic solution: objective 50.0000000
Presolve removed 97 rows and 104 columns
Presolve time: 0.00s
Presolved: 53 rows, 46 columns, 147 nonzeros
Variable types: 0 continuous, 46 integer (46 binary)
Found heuristic solution: objective 36.0000000

Root relaxation: objective 3.200000e+01, 21 iterations, 0.00 seconds (0.00 work units)

    Nodes    |    Current Node    |     Objective Bounds      |     Work
 Expl Unexpl |  Obj  Depth IntInf | Incumbent    BestBd   Gap | It/Node Time

     0     0   32.00000    0    2   36.00000   32.00000  11.1%     -    0s
H    0     0                      32.0000000   32.00000  0.00%     -    0s
     0     0   32.00000    0    2   32.00000   32.00000  0.00%     -    0s

Explored 1 nodes (21 simplex iterations) in 0.01 seconds (0.00 work units)
Thread count was 8 (of 8 available processors)

Solution count 3: 32 36 50 

Optimal solution found (tolerance 1.00e-04)
Best objective 3.200000000000e+01, best bound 3.200000000000e+01, gap 0.0000%

Gurobi 11.0.3 (win64, Java) logging started Mon Mar 17 21:50:36 2025

Set parameter Username
Set parameter LicenseID to value 2562516
Set parameter LogFile to value "src/main/java/gzhu/yh/logger/ILP_RD12.log"
Academic license - for non-commercial use only - expires 2025-09-30
Gurobi Optimizer version 11.0.3 build v11.0.3rc0 (win64 - Windows 10.0 (19045.2))

CPU model: 11th Gen Intel(R) Core(TM) i5-1135G7 @ 2.40GHz, instruction set [SSE2|AVX|AVX2|AVX512]
Thread count: 4 physical cores, 8 logical processors, using up to 8 threads

Optimize a model with 150 rows, 150 columns and 446 nonzeros
Model fingerprint: 0x5f0c735e
Variable types: 0 continuous, 150 integer (150 binary)
Coefficient statistics:
  Matrix range     [1e+00, 1e+05]
  Objective range  [1e+00, 2e+00]
  Bounds range     [1e+00, 1e+00]
  RHS range        [1e+00, 1e+05]
Found heuristic solution: objective 50.0000000
Presolve removed 123 rows and 127 columns
Presolve time: 0.00s
Presolved: 27 rows, 23 columns, 72 nonzeros
Found heuristic solution: objective 33.0000000
Variable types: 0 continuous, 23 integer (23 binary)

Root relaxation: objective 3.100000e+01, 9 iterations, 0.00 seconds (0.00 work units)

    Nodes    |    Current Node    |     Objective Bounds      |     Work
 Expl Unexpl |  Obj  Depth IntInf | Incumbent    BestBd   Gap | It/Node Time

*    0     0               0      31.0000000   31.00000  0.00%     -    0s

Explored 1 nodes (9 simplex iterations) in 0.01 seconds (0.00 work units)
Thread count was 8 (of 8 available processors)

Solution count 3: 31 33 50 

Optimal solution found (tolerance 1.00e-04)
Best objective 3.100000000000e+01, best bound 3.100000000000e+01, gap 0.0000%

Gurobi 11.0.3 (win64, Java) logging started Mon Mar 17 21:51:08 2025

Set parameter Username
Set parameter LicenseID to value 2562516
Set parameter LogFile to value "src/main/java/gzhu/yh/logger/ILP_RD12.log"
Academic license - for non-commercial use only - expires 2025-09-30
Gurobi Optimizer version 11.0.3 build v11.0.3rc0 (win64 - Windows 10.0 (19045.2))

CPU model: 11th Gen Intel(R) Core(TM) i5-1135G7 @ 2.40GHz, instruction set [SSE2|AVX|AVX2|AVX512]
Thread count: 4 physical cores, 8 logical processors, using up to 8 threads

Optimize a model with 150 rows, 150 columns and 446 nonzeros
Model fingerprint: 0xadfbdf56
Variable types: 0 continuous, 150 integer (150 binary)
Coefficient statistics:
  Matrix range     [1e+00, 1e+05]
  Objective range  [1e+00, 2e+00]
  Bounds range     [1e+00, 1e+00]
  RHS range        [1e+00, 1e+05]
Found heuristic solution: objective 50.0000000
Presolve removed 132 rows and 133 columns
Presolve time: 0.00s
Presolved: 18 rows, 17 columns, 49 nonzeros
Found heuristic solution: objective 31.0000000
Variable types: 0 continuous, 17 integer (17 binary)

Root relaxation: cutoff, 7 iterations, 0.00 seconds (0.00 work units)

    Nodes    |    Current Node    |     Objective Bounds      |     Work
 Expl Unexpl |  Obj  Depth IntInf | Incumbent    BestBd   Gap | It/Node Time

     0     0     cutoff    0        31.00000   31.00000  0.00%     -    0s

Explored 1 nodes (7 simplex iterations) in 0.00 seconds (0.00 work units)
Thread count was 8 (of 8 available processors)

Solution count 2: 31 50 

Optimal solution found (tolerance 1.00e-04)
Best objective 3.100000000000e+01, best bound 3.100000000000e+01, gap 0.0000%

Gurobi 11.0.3 (win64, Java) logging started Mon Mar 17 22:00:34 2025

Set parameter Username
Set parameter LicenseID to value 2562516
Set parameter LogFile to value "src/main/java/gzhu/yh/logger/ILP_RD12.log"
Academic license - for non-commercial use only - expires 2025-09-30
Gurobi Optimizer version 11.0.3 build v11.0.3rc0 (win64 - Windows 10.0 (19045.2))

CPU model: 11th Gen Intel(R) Core(TM) i5-1135G7 @ 2.40GHz, instruction set [SSE2|AVX|AVX2|AVX512]
Thread count: 4 physical cores, 8 logical processors, using up to 8 threads

Optimize a model with 150 rows, 150 columns and 446 nonzeros
Model fingerprint: 0x583d0276
Variable types: 0 continuous, 150 integer (150 binary)
Coefficient statistics:
  Matrix range     [1e+00, 1e+05]
  Objective range  [1e+00, 2e+00]
  Bounds range     [1e+00, 1e+00]
  RHS range        [1e+00, 1e+05]
Found heuristic solution: objective 50.0000000
Presolve removed 126 rows and 128 columns
Presolve time: 0.00s
Presolved: 24 rows, 22 columns, 64 nonzeros
Found heuristic solution: objective 34.0000000
Variable types: 0 continuous, 22 integer (22 binary)

Root relaxation: objective 3.300000e+01, 10 iterations, 0.00 seconds (0.00 work units)

    Nodes    |    Current Node    |     Objective Bounds      |     Work
 Expl Unexpl |  Obj  Depth IntInf | Incumbent    BestBd   Gap | It/Node Time

*    0     0               0      33.0000000   33.00000  0.00%     -    0s

Explored 1 nodes (10 simplex iterations) in 0.01 seconds (0.00 work units)
Thread count was 8 (of 8 available processors)

Solution count 3: 33 34 50 

Optimal solution found (tolerance 1.00e-04)
Best objective 3.300000000000e+01, best bound 3.300000000000e+01, gap 0.0000%

Gurobi 11.0.3 (win64, Java) logging started Mon Mar 17 22:01:17 2025

Set parameter Username
Set parameter LicenseID to value 2562516
Set parameter LogFile to value "src/main/java/gzhu/yh/logger/ILP_RD12.log"
Academic license - for non-commercial use only - expires 2025-09-30
Gurobi Optimizer version 11.0.3 build v11.0.3rc0 (win64 - Windows 10.0 (19045.2))

CPU model: 11th Gen Intel(R) Core(TM) i5-1135G7 @ 2.40GHz, instruction set [SSE2|AVX|AVX2|AVX512]
Thread count: 4 physical cores, 8 logical processors, using up to 8 threads

Optimize a model with 150 rows, 150 columns and 446 nonzeros
Model fingerprint: 0xefb70137
Variable types: 0 continuous, 150 integer (150 binary)
Coefficient statistics:
  Matrix range     [1e+00, 1e+05]
  Objective range  [1e+00, 2e+00]
  Bounds range     [1e+00, 1e+00]
  RHS range        [1e+00, 1e+05]
Found heuristic solution: objective 50.0000000
Presolve removed 115 rows and 120 columns
Presolve time: 0.00s
Presolved: 35 rows, 30 columns, 94 nonzeros
Found heuristic solution: objective 34.0000000
Variable types: 0 continuous, 30 integer (30 binary)

Root relaxation: cutoff, 15 iterations, 0.00 seconds (0.00 work units)

    Nodes    |    Current Node    |     Objective Bounds      |     Work
 Expl Unexpl |  Obj  Depth IntInf | Incumbent    BestBd   Gap | It/Node Time

     0     0     cutoff    0        34.00000   34.00000  0.00%     -    0s

Explored 1 nodes (15 simplex iterations) in 0.00 seconds (0.00 work units)
Thread count was 8 (of 8 available processors)

Solution count 2: 34 50 

Optimal solution found (tolerance 1.00e-04)
Best objective 3.400000000000e+01, best bound 3.400000000000e+01, gap 0.0000%

Gurobi 11.0.3 (win64, Java) logging started Mon Mar 17 22:02:49 2025

Set parameter Username
Set parameter LicenseID to value 2562516
Set parameter LogFile to value "src/main/java/gzhu/yh/logger/ILP_RD12.log"
Academic license - for non-commercial use only - expires 2025-09-30
Gurobi Optimizer version 11.0.3 build v11.0.3rc0 (win64 - Windows 10.0 (19045.2))

CPU model: 11th Gen Intel(R) Core(TM) i5-1135G7 @ 2.40GHz, instruction set [SSE2|AVX|AVX2|AVX512]
Thread count: 4 physical cores, 8 logical processors, using up to 8 threads

Optimize a model with 150 rows, 150 columns and 446 nonzeros
Model fingerprint: 0x1b8be6f5
Variable types: 0 continuous, 150 integer (150 binary)
Coefficient statistics:
  Matrix range     [1e+00, 1e+05]
  Objective range  [1e+00, 2e+00]
  Bounds range     [1e+00, 1e+00]
  RHS range        [1e+00, 1e+05]
Found heuristic solution: objective 50.0000000
Presolve removed 98 rows and 103 columns
Presolve time: 0.00s
Presolved: 52 rows, 47 columns, 142 nonzeros
Found heuristic solution: objective 35.0000000
Variable types: 0 continuous, 47 integer (47 binary)

Root relaxation: objective 3.300000e+01, 26 iterations, 0.00 seconds (0.00 work units)

    Nodes    |    Current Node    |     Objective Bounds      |     Work
 Expl Unexpl |  Obj  Depth IntInf | Incumbent    BestBd   Gap | It/Node Time

*    0     0               0      33.0000000   33.00000  0.00%     -    0s

Explored 1 nodes (26 simplex iterations) in 0.01 seconds (0.00 work units)
Thread count was 8 (of 8 available processors)

Solution count 3: 33 35 50 

Optimal solution found (tolerance 1.00e-04)
Best objective 3.300000000000e+01, best bound 3.300000000000e+01, gap 0.0000%

Gurobi 11.0.3 (win64, Java) logging started Mon Mar 17 22:03:10 2025

Set parameter Username
Set parameter LicenseID to value 2562516
Set parameter LogFile to value "src/main/java/gzhu/yh/logger/ILP_RD12.log"
Academic license - for non-commercial use only - expires 2025-09-30
Gurobi Optimizer version 11.0.3 build v11.0.3rc0 (win64 - Windows 10.0 (19045.2))

CPU model: 11th Gen Intel(R) Core(TM) i5-1135G7 @ 2.40GHz, instruction set [SSE2|AVX|AVX2|AVX512]
Thread count: 4 physical cores, 8 logical processors, using up to 8 threads

Optimize a model with 150 rows, 150 columns and 446 nonzeros
Model fingerprint: 0x99a57659
Variable types: 0 continuous, 150 integer (150 binary)
Coefficient statistics:
  Matrix range     [1e+00, 1e+05]
  Objective range  [1e+00, 2e+00]
  Bounds range     [1e+00, 1e+00]
  RHS range        [1e+00, 1e+05]
Found heuristic solution: objective 50.0000000
Presolve removed 123 rows and 126 columns
Presolve time: 0.00s
Presolved: 27 rows, 24 columns, 73 nonzeros
Found heuristic solution: objective 32.0000000
Variable types: 0 continuous, 24 integer (24 binary)

Root relaxation: objective 3.000000e+01, 10 iterations, 0.00 seconds (0.00 work units)

    Nodes    |    Current Node    |     Objective Bounds      |     Work
 Expl Unexpl |  Obj  Depth IntInf | Incumbent    BestBd   Gap | It/Node Time

*    0     0               0      30.0000000   30.00000  0.00%     -    0s

Explored 1 nodes (10 simplex iterations) in 0.01 seconds (0.00 work units)
Thread count was 8 (of 8 available processors)

Solution count 3: 30 32 50 

Optimal solution found (tolerance 1.00e-04)
Best objective 3.000000000000e+01, best bound 3.000000000000e+01, gap 0.0000%

Gurobi 11.0.3 (win64, Java) logging started Mon Mar 17 22:03:44 2025

Set parameter Username
Set parameter LicenseID to value 2562516
Set parameter LogFile to value "src/main/java/gzhu/yh/logger/ILP_RD12.log"
Academic license - for non-commercial use only - expires 2025-09-30
Gurobi Optimizer version 11.0.3 build v11.0.3rc0 (win64 - Windows 10.0 (19045.2))

CPU model: 11th Gen Intel(R) Core(TM) i5-1135G7 @ 2.40GHz, instruction set [SSE2|AVX|AVX2|AVX512]
Thread count: 4 physical cores, 8 logical processors, using up to 8 threads

Optimize a model with 300 rows, 300 columns and 896 nonzeros
Model fingerprint: 0xb138e616
Variable types: 0 continuous, 300 integer (300 binary)
Coefficient statistics:
  Matrix range     [1e+00, 1e+05]
  Objective range  [1e+00, 2e+00]
  Bounds range     [1e+00, 1e+00]
  RHS range        [1e+00, 1e+05]
Found heuristic solution: objective 100.0000000
Presolve removed 277 rows and 280 columns
Presolve time: 0.01s
Presolved: 23 rows, 20 columns, 61 nonzeros
Found heuristic solution: objective 63.0000000
Variable types: 0 continuous, 20 integer (20 binary)

Root relaxation: objective 6.200000e+01, 9 iterations, 0.00 seconds (0.00 work units)

    Nodes    |    Current Node    |     Objective Bounds      |     Work
 Expl Unexpl |  Obj  Depth IntInf | Incumbent    BestBd   Gap | It/Node Time

*    0     0               0      62.0000000   62.00000  0.00%     -    0s

Explored 1 nodes (9 simplex iterations) in 0.01 seconds (0.00 work units)
Thread count was 8 (of 8 available processors)

Solution count 3: 62 63 100 

Optimal solution found (tolerance 1.00e-04)
Best objective 6.200000000000e+01, best bound 6.200000000000e+01, gap 0.0000%

Gurobi 11.0.3 (win64, Java) logging started Mon Mar 17 22:04:20 2025

Set parameter Username
Set parameter LicenseID to value 2562516
Set parameter LogFile to value "src/main/java/gzhu/yh/logger/ILP_RD12.log"
Academic license - for non-commercial use only - expires 2025-09-30
Gurobi Optimizer version 11.0.3 build v11.0.3rc0 (win64 - Windows 10.0 (19045.2))

CPU model: 11th Gen Intel(R) Core(TM) i5-1135G7 @ 2.40GHz, instruction set [SSE2|AVX|AVX2|AVX512]
Thread count: 4 physical cores, 8 logical processors, using up to 8 threads

Optimize a model with 1500 rows, 1500 columns and 4496 nonzeros
Model fingerprint: 0x793fb7c8
Variable types: 0 continuous, 1500 integer (1500 binary)
Coefficient statistics:
  Matrix range     [1e+00, 1e+05]
  Objective range  [1e+00, 2e+00]
  Bounds range     [1e+00, 1e+00]
  RHS range        [1e+00, 1e+05]
Found heuristic solution: objective 500.0000000
Presolve removed 1190 rows and 1223 columns
Presolve time: 0.02s
Presolved: 310 rows, 277 columns, 874 nonzeros
Found heuristic solution: objective 326.0000000
Variable types: 0 continuous, 277 integer (277 binary)

Root relaxation: objective 3.140000e+02, 130 iterations, 0.00 seconds (0.00 work units)

    Nodes    |    Current Node    |     Objective Bounds      |     Work
 Expl Unexpl |  Obj  Depth IntInf | Incumbent    BestBd   Gap | It/Node Time

     0     0  314.00000    0    9  326.00000  314.00000  3.68%     -    0s
H    0     0                     315.0000000  314.00000  0.32%     -    0s
H    0     0                     314.0000000  314.00000  0.00%     -    0s
     0     0  314.00000    0    9  314.00000  314.00000  0.00%     -    0s

Explored 1 nodes (130 simplex iterations) in 0.02 seconds (0.01 work units)
Thread count was 8 (of 8 available processors)

Solution count 4: 314 315 326 500 

Optimal solution found (tolerance 1.00e-04)
Best objective 3.140000000000e+02, best bound 3.140000000000e+02, gap 0.0000%

Gurobi 11.0.3 (win64, Java) logging started Mon Mar 17 22:06:47 2025

Set parameter Username
Set parameter LicenseID to value 2562516
Set parameter LogFile to value "src/main/java/gzhu/yh/logger/ILP_RD12.log"
Academic license - for non-commercial use only - expires 2025-09-30
Gurobi Optimizer version 11.0.3 build v11.0.3rc0 (win64 - Windows 10.0 (19045.2))

CPU model: 11th Gen Intel(R) Core(TM) i5-1135G7 @ 2.40GHz, instruction set [SSE2|AVX|AVX2|AVX512]
Thread count: 4 physical cores, 8 logical processors, using up to 8 threads

Optimize a model with 600 rows, 600 columns and 1796 nonzeros
Model fingerprint: 0x36b257c2
Variable types: 0 continuous, 600 integer (600 binary)
Coefficient statistics:
  Matrix range     [1e+00, 1e+05]
  Objective range  [1e+00, 2e+00]
  Bounds range     [1e+00, 1e+00]
  RHS range        [1e+00, 1e+05]
Found heuristic solution: objective 200.0000000
Presolve removed 451 rows and 465 columns
Presolve time: 0.01s
Presolved: 149 rows, 135 columns, 420 nonzeros
Found heuristic solution: objective 131.0000000
Variable types: 0 continuous, 135 integer (135 binary)

Root relaxation: objective 1.260000e+02, 56 iterations, 0.00 seconds (0.00 work units)

    Nodes    |    Current Node    |     Objective Bounds      |     Work
 Expl Unexpl |  Obj  Depth IntInf | Incumbent    BestBd   Gap | It/Node Time

*    0     0               0     126.0000000  126.00000  0.00%     -    0s

Explored 1 nodes (56 simplex iterations) in 0.02 seconds (0.00 work units)
Thread count was 8 (of 8 available processors)

Solution count 3: 126 131 200 

Optimal solution found (tolerance 1.00e-04)
Best objective 1.260000000000e+02, best bound 1.260000000000e+02, gap 0.0000%

Gurobi 11.0.3 (win64, Java) logging started Mon Mar 17 22:07:02 2025

Set parameter Username
Set parameter LicenseID to value 2562516
Set parameter LogFile to value "src/main/java/gzhu/yh/logger/ILP_RD12.log"
Academic license - for non-commercial use only - expires 2025-09-30
Gurobi Optimizer version 11.0.3 build v11.0.3rc0 (win64 - Windows 10.0 (19045.2))

CPU model: 11th Gen Intel(R) Core(TM) i5-1135G7 @ 2.40GHz, instruction set [SSE2|AVX|AVX2|AVX512]
Thread count: 4 physical cores, 8 logical processors, using up to 8 threads

Optimize a model with 750 rows, 750 columns and 2246 nonzeros
Model fingerprint: 0xe8ea80da
Variable types: 0 continuous, 750 integer (750 binary)
Coefficient statistics:
  Matrix range     [1e+00, 1e+05]
  Objective range  [1e+00, 2e+00]
  Bounds range     [1e+00, 1e+00]
  RHS range        [1e+00, 1e+05]
Found heuristic solution: objective 250.0000000
Presolve removed 538 rows and 565 columns
Presolve time: 0.00s
Presolved: 212 rows, 185 columns, 596 nonzeros
Found heuristic solution: objective 166.0000000
Variable types: 0 continuous, 185 integer (185 binary)

Root relaxation: objective 1.584286e+02, 77 iterations, 0.00 seconds (0.00 work units)

    Nodes    |    Current Node    |     Objective Bounds      |     Work
 Expl Unexpl |  Obj  Depth IntInf | Incumbent    BestBd   Gap | It/Node Time

     0     0  158.42857    0    9  166.00000  158.42857  4.56%     -    0s
H    0     0                     159.0000000  158.42857  0.36%     -    0s
     0     0  158.42857    0    9  159.00000  158.42857  0.36%     -    0s

Explored 1 nodes (77 simplex iterations) in 0.01 seconds (0.00 work units)
Thread count was 8 (of 8 available processors)

Solution count 3: 159 166 250 

Optimal solution found (tolerance 1.00e-04)
Best objective 1.590000000000e+02, best bound 1.590000000000e+02, gap 0.0000%

Gurobi 11.0.3 (win64, Java) logging started Mon Mar 17 22:07:13 2025

Set parameter Username
Set parameter LicenseID to value 2562516
Set parameter LogFile to value "src/main/java/gzhu/yh/logger/ILP_RD12.log"
Academic license - for non-commercial use only - expires 2025-09-30
Gurobi Optimizer version 11.0.3 build v11.0.3rc0 (win64 - Windows 10.0 (19045.2))

CPU model: 11th Gen Intel(R) Core(TM) i5-1135G7 @ 2.40GHz, instruction set [SSE2|AVX|AVX2|AVX512]
Thread count: 4 physical cores, 8 logical processors, using up to 8 threads

Optimize a model with 900 rows, 900 columns and 2696 nonzeros
Model fingerprint: 0x8d6be5b3
Variable types: 0 continuous, 900 integer (900 binary)
Coefficient statistics:
  Matrix range     [1e+00, 1e+05]
  Objective range  [1e+00, 2e+00]
  Bounds range     [1e+00, 1e+00]
  RHS range        [1e+00, 1e+05]
Found heuristic solution: objective 300.0000000
Presolve removed 688 rows and 713 columns
Presolve time: 0.01s
Presolved: 212 rows, 187 columns, 595 nonzeros
Found heuristic solution: objective 187.0000000
Variable types: 0 continuous, 187 integer (187 binary)

Root relaxation: objective 1.810000e+02, 61 iterations, 0.00 seconds (0.00 work units)

    Nodes    |    Current Node    |     Objective Bounds      |     Work
 Expl Unexpl |  Obj  Depth IntInf | Incumbent    BestBd   Gap | It/Node Time

*    0     0               0     181.0000000  181.00000  0.00%     -    0s

Explored 1 nodes (61 simplex iterations) in 0.01 seconds (0.00 work units)
Thread count was 8 (of 8 available processors)

Solution count 3: 181 187 300 

Optimal solution found (tolerance 1.00e-04)
Best objective 1.810000000000e+02, best bound 1.810000000000e+02, gap 0.0000%

Gurobi 11.0.3 (win64, Java) logging started Mon Mar 17 22:07:25 2025

Set parameter Username
Set parameter LicenseID to value 2562516
Set parameter LogFile to value "src/main/java/gzhu/yh/logger/ILP_RD12.log"
Academic license - for non-commercial use only - expires 2025-09-30
Gurobi Optimizer version 11.0.3 build v11.0.3rc0 (win64 - Windows 10.0 (19045.2))

CPU model: 11th Gen Intel(R) Core(TM) i5-1135G7 @ 2.40GHz, instruction set [SSE2|AVX|AVX2|AVX512]
Thread count: 4 physical cores, 8 logical processors, using up to 8 threads

Optimize a model with 1050 rows, 1050 columns and 3146 nonzeros
Model fingerprint: 0x81b408e9
Variable types: 0 continuous, 1050 integer (1050 binary)
Coefficient statistics:
  Matrix range     [1e+00, 1e+05]
  Objective range  [1e+00, 2e+00]
  Bounds range     [1e+00, 1e+00]
  RHS range        [1e+00, 1e+05]
Found heuristic solution: objective 350.0000000
Presolve removed 825 rows and 851 columns
Presolve time: 0.02s
Presolved: 225 rows, 199 columns, 635 nonzeros
Found heuristic solution: objective 233.0000000
Variable types: 0 continuous, 199 integer (199 binary)

Root relaxation: objective 2.215000e+02, 81 iterations, 0.00 seconds (0.00 work units)

    Nodes    |    Current Node    |     Objective Bounds      |     Work
 Expl Unexpl |  Obj  Depth IntInf | Incumbent    BestBd   Gap | It/Node Time

     0     0  221.50000    0    1  233.00000  221.50000  4.94%     -    0s
H    0     0                     222.0000000  221.50000  0.23%     -    0s
     0     0  221.50000    0    1  222.00000  221.50000  0.23%     -    0s

Explored 1 nodes (81 simplex iterations) in 0.02 seconds (0.00 work units)
Thread count was 8 (of 8 available processors)

Solution count 3: 222 233 350 

Optimal solution found (tolerance 1.00e-04)
Best objective 2.220000000000e+02, best bound 2.220000000000e+02, gap 0.0000%

Gurobi 11.0.3 (win64, Java) logging started Mon Mar 17 22:08:48 2025

Set parameter Username
Set parameter LicenseID to value 2562516
Set parameter LogFile to value "src/main/java/gzhu/yh/logger/ILP_RD12.log"
Academic license - for non-commercial use only - expires 2025-09-30
Gurobi Optimizer version 11.0.3 build v11.0.3rc0 (win64 - Windows 10.0 (19045.2))

CPU model: 11th Gen Intel(R) Core(TM) i5-1135G7 @ 2.40GHz, instruction set [SSE2|AVX|AVX2|AVX512]
Thread count: 4 physical cores, 8 logical processors, using up to 8 threads

Optimize a model with 300 rows, 300 columns and 6544 nonzeros
Model fingerprint: 0x12d4db4b
Variable types: 0 continuous, 300 integer (300 binary)
Coefficient statistics:
  Matrix range     [1e+00, 1e+05]
  Objective range  [1e+00, 2e+00]
  Bounds range     [1e+00, 1e+00]
  RHS range        [1e+00, 1e+05]
Found heuristic solution: objective 100.0000000
Presolve removed 0 rows and 100 columns
Presolve time: 0.01s
Presolved: 300 rows, 200 columns, 6444 nonzeros
Variable types: 0 continuous, 200 integer (200 binary)

Root relaxation: objective 6.417303e+00, 411 iterations, 0.01 seconds (0.02 work units)

    Nodes    |    Current Node    |     Objective Bounds      |     Work
 Expl Unexpl |  Obj  Depth IntInf | Incumbent    BestBd   Gap | It/Node Time

     0     0    6.41730    0  102  100.00000    6.41730  93.6%     -    0s
H    0     0                      31.0000000    6.41730  79.3%     -    0s
     0     0    6.54399    0  100   31.00000    6.54399  78.9%     -    0s
     0     0    6.55324    0   94   31.00000    6.55324  78.9%     -    0s
H    0     0                      28.0000000    6.73603  75.9%     -    0s
     0     0    6.73603    0   86   28.00000    6.73603  75.9%     -    0s
H    0     0                      27.0000000    6.73603  75.1%     -    0s
     0     0    6.73603    0   96   27.00000    6.73603  75.1%     -    0s
     0     0    7.14476    0   94   27.00000    7.14476  73.5%     -    0s
     0     0    7.19474    0   94   27.00000    7.19474  73.4%     -    0s
     0     0    7.50929    0  100   27.00000    7.50929  72.2%     -    0s
H    0     0                      23.0000000    7.50929  67.4%     -    0s
     0     0    7.62247    0   98   23.00000    7.62247  66.9%     -    0s
     0     0    7.80633    0   98   23.00000    7.80633  66.1%     -    0s
     0     0    7.80633    0   98   23.00000    7.80633  66.1%     -    0s
     0     2    7.80633    0   98   23.00000    7.80633  66.1%     -    0s
H 1548  1130                      21.0000000    7.80633  62.8%  44.1    1s
 14120 10134   16.41673   61   76   21.00000    8.58499  59.1%  40.7    5s
H27924 18319                      19.0000000    8.96702  52.8%  39.0    7s
 29392 19112   17.35039   39   98   19.00000    8.99393  52.7%  38.9   11s
 29457 19155   11.38896   33  114   19.00000    8.99393  52.7%  38.9   15s
 37475 22856   10.24006   30   87   19.00000    9.00724  52.6%  39.5   20s
 61351 31706   15.33391   44   78   19.00000    9.55424  49.7%  38.6   25s
 86528 40027   11.74171   45   88   19.00000    9.92765  47.7%  38.0   30s
H89538 39612                      18.0000000    9.95741  44.7%  38.0   30s
 114242 54839   10.93204   30   76   18.00000   10.24043  43.1%  37.5   35s
 145497 72712   15.77856   42   79   18.00000   10.52181  41.5%  36.9   40s
 175042 89154   13.59005   58   85   18.00000   10.72828  40.4%  36.5   45s
 203082 104351   13.46494   52   90   18.00000   10.88532  39.5%  36.2   50s
 233568 121444   12.76120   59   70   18.00000   11.03876  38.7%  35.9   55s
 263967 137382   15.31381   49   84   18.00000   11.17296  37.9%  35.7   60s
 288069 149480   16.68036   59   72   18.00000   11.27049  37.4%  35.4   65s
 313422 162025   16.76711   74   65   18.00000   11.37057  36.8%  35.2   70s
 344745 174848     cutoff   82        18.00000   11.48668  36.2%  35.0   75s
 378323 188760   12.89440   57   78   18.00000   11.60463  35.5%  34.7   80s
 411730 202550   16.32767   52   65   18.00000   11.71756  34.9%  34.6   85s
 443546 216157   15.27811   59   84   18.00000   11.81890  34.3%  34.5   90s
 471192 227844   16.12298   49   84   18.00000   11.90851  33.8%  34.5   95s
 500534 240285 infeasible   53        18.00000   11.99709  33.3%  34.4  100s
 528171 250495   15.96812   68   76   18.00000   12.07651  32.9%  34.3  105s
 558850 261551   15.29894   36   82   18.00000   12.16290  32.4%  34.3  110s
 590433 272478   15.52676   51   79   18.00000   12.24774  32.0%  34.2  115s
 621415 282583   15.33416   60   71   18.00000   12.33348  31.5%  34.1  120s
 649542 292207     cutoff   60        18.00000   12.40401  31.1%  34.1  125s
 682777 302935   15.09163   67   82   18.00000   12.48931  30.6%  34.0  130s
 713061 311994   14.87368   72   80   18.00000   12.56467  30.2%  33.8  135s
 744478 320876   14.59911   52   77   18.00000   12.64117  29.8%  33.7  140s
 762120 325686   16.79351   57   65   18.00000   12.68284  29.5%  33.7  145s
 791442 332990   15.32742   65   73   18.00000   12.75605  29.1%  33.6  150s
 820875 340345   16.07094   46   88   18.00000   12.83094  28.7%  33.5  155s
 852484 347869   13.87969   60   77   18.00000   12.90628  28.3%  33.4  160s
 880805 354126     cutoff   62        18.00000   12.97590  27.9%  33.3  165s
 906596 359160   14.83699   67   84   18.00000   13.03672  27.6%  33.2  170s
 934865 363496     cutoff   73        18.00000   13.10344  27.2%  33.1  175s
 964427 368900   15.54816   64   71   18.00000   13.17579  26.8%  33.0  180s
 993007 373785     cutoff   58        18.00000   13.24707  26.4%  33.0  185s
 1022423 378365   15.86179   77   80   18.00000   13.31907  26.0%  32.9  190s
 1052381 382758 infeasible   61        18.00000   13.39194  25.6%  32.8  195s
 1080784 385901   14.50713   52   85   18.00000   13.46223  25.2%  32.7  200s
 1111915 388905   15.41106   69   71   18.00000   13.54021  24.8%  32.6  205s
 1141639 391298   14.18420   62   68   18.00000   13.61304  24.4%  32.5  210s
 1168695 391677     cutoff   61        18.00000   13.68268  24.0%  32.4  215s
 1196009 392675   13.84148   66   70   18.00000   13.75274  23.6%  32.3  220s
 1219724 393076   14.92300   84   65   18.00000   13.81298  23.3%  32.3  225s
 1247519 393071     cutoff   68        18.00000   13.88413  22.9%  32.2  230s
 1279014 391755   15.88792   74   78   18.00000   13.97028  22.4%  32.2  235s
 1311542 390189   15.49051   63   84   18.00000   14.05328  21.9%  32.1  240s
 1339733 387642   15.89707   68   79   18.00000   14.13225  21.5%  32.0  245s
 1372902 383335   16.95839   68   59   18.00000   14.22589  21.0%  32.0  250s
 1404154 378171     cutoff   82        18.00000   14.31562  20.5%  31.9  255s
 1433851 372647     cutoff   83        18.00000   14.39872  20.0%  31.8  260s
 1462801 366009     cutoff   58        18.00000   14.48318  19.5%  31.7  265s
 1491212 359068   15.67194   72   77   18.00000   14.56441  19.1%  31.6  270s
 1515800 351934   15.60638   67   73   18.00000   14.63708  18.7%  31.5  275s
 1547699 341193   15.87316   64   76   18.00000   14.73257  18.2%  31.4  280s
 1582623 328328     cutoff   78        18.00000   14.83589  17.6%  31.2  285s

Gurobi 11.0.3 (win64, Java) logging started Mon Mar 17 22:29:17 2025

Set parameter Username
Set parameter LogFile to value "src/main/java/gzhu/yh/logger/ILP_RD12.log"
Academic license - for non-commercial use only - expires 2025-09-02
Gurobi Optimizer version 11.0.3 build v11.0.3rc0 (win64 - Windows 10.0 (19045.2))

CPU model: Intel(R) Core(TM) i5-7300HQ CPU @ 2.50GHz, instruction set [SSE2|AVX|AVX2]
Thread count: 4 physical cores, 4 logical processors, using up to 4 threads

Optimize a model with 150 rows, 150 columns and 1782 nonzeros
Model fingerprint: 0xd45c43f1
Variable types: 0 continuous, 150 integer (150 binary)
Coefficient statistics:
  Matrix range     [1e+00, 1e+05]
  Objective range  [1e+00, 2e+00]
  Bounds range     [1e+00, 1e+00]
  RHS range        [1e+00, 1e+05]
Found heuristic solution: objective 50.0000000
Presolve removed 0 rows and 50 columns
Presolve time: 0.00s
Presolved: 150 rows, 100 columns, 1732 nonzeros
Variable types: 0 continuous, 100 integer (100 binary)

Root relaxation: objective 6.099632e+00, 200 iterations, 0.00 seconds (0.00 work units)

    Nodes    |    Current Node    |     Objective Bounds      |     Work
 Expl Unexpl |  Obj  Depth IntInf | Incumbent    BestBd   Gap | It/Node Time

     0     0    6.09963    0   50   50.00000    6.09963  87.8%     -    0s
H    0     0                      18.0000000    6.09963  66.1%     -    0s
H    0     0                      14.0000000    6.09963  56.4%     -    0s
     0     0    6.55741    0   52   14.00000    6.55741  53.2%     -    0s
     0     0    6.56236    0   54   14.00000    6.56236  53.1%     -    0s
H    0     0                      11.0000000    6.89080  37.4%     -    0s
     0     0    6.89080    0   52   11.00000    6.89080  37.4%     -    0s
     0     0    6.91505    0   54   11.00000    6.91505  37.1%     -    0s
H    0     0                      10.0000000    7.40391  26.0%     -    0s
     0     0    7.49643    0   56   10.00000    7.49643  25.0%     -    0s
     0     0    7.49643    0   56   10.00000    7.49643  25.0%     -    0s
     0     2    7.49643    0   56   10.00000    7.49643  25.0%     -    0s
H  101    34                       9.0000000    7.49643  16.7%  24.3    0s

Cutting planes:
  Gomory: 3
  MIR: 2
  Zero half: 16

Explored 141 nodes (2988 simplex iterations) in 0.13 seconds (0.09 work units)
Thread count was 4 (of 4 available processors)

Solution count 6: 9 10 11 ... 50

Optimal solution found (tolerance 1.00e-04)
Best objective 9.000000000000e+00, best bound 9.000000000000e+00, gap 0.0000%

Gurobi 11.0.3 (win64, Java) logging started Mon Mar 17 22:29:30 2025

Set parameter Username
Set parameter LogFile to value "src/main/java/gzhu/yh/logger/ILP_RD12.log"
Academic license - for non-commercial use only - expires 2025-09-02
Gurobi Optimizer version 11.0.3 build v11.0.3rc0 (win64 - Windows 10.0 (19045.2))

CPU model: Intel(R) Core(TM) i5-7300HQ CPU @ 2.50GHz, instruction set [SSE2|AVX|AVX2]
Thread count: 4 physical cores, 4 logical processors, using up to 4 threads

Optimize a model with 300 rows, 300 columns and 6524 nonzeros
Model fingerprint: 0x4e8b9ebb
Variable types: 0 continuous, 300 integer (300 binary)
Coefficient statistics:
  Matrix range     [1e+00, 1e+05]
  Objective range  [1e+00, 2e+00]
  Bounds range     [1e+00, 1e+00]
  RHS range        [1e+00, 1e+05]
Found heuristic solution: objective 100.0000000
Presolve removed 0 rows and 100 columns
Presolve time: 0.01s
Presolved: 300 rows, 200 columns, 6424 nonzeros
Variable types: 0 continuous, 200 integer (200 binary)

Root relaxation: objective 6.586174e+00, 394 iterations, 0.01 seconds (0.02 work units)

    Nodes    |    Current Node    |     Objective Bounds      |     Work
 Expl Unexpl |  Obj  Depth IntInf | Incumbent    BestBd   Gap | It/Node Time

     0     0    6.58617    0  114  100.00000    6.58617  93.4%     -    0s
H    0     0                      35.0000000    6.58617  81.2%     -    0s
H    0     0                      28.0000000    6.72293  76.0%     -    0s
     0     0    6.72293    0  106   28.00000    6.72293  76.0%     -    0s
     0     0    6.72757    0  100   28.00000    6.72757  76.0%     -    0s
     0     0    6.79197    0   98   28.00000    6.79197  75.7%     -    0s
     0     0    6.79197    0  102   28.00000    6.79197  75.7%     -    0s
     0     0    7.18334    0   98   28.00000    7.18334  74.3%     -    0s
     0     0    7.30491    0  106   28.00000    7.30491  73.9%     -    0s
     0     0    7.60338    0  102   28.00000    7.60338  72.8%     -    0s
     0     0    7.64426    0  104   28.00000    7.64426  72.7%     -    0s
     0     0    7.76130    0  108   28.00000    7.76130  72.3%     -    0s
     0     0    7.76130    0  108   28.00000    7.76130  72.3%     -    0s
     0     2    7.76130    0  108   28.00000    7.76130  72.3%     -    0s
H  498   480                      27.0000000    7.76130  71.3%  38.8    0s
H  991   817                      25.0000000    7.76130  69.0%  39.0    1s
H 1368  1031                      23.0000000    7.76130  66.3%  44.2    2s
H 1573  1071                      22.0000000    7.76130  64.7%  45.3    2s
H 3453  1878                      21.0000000    7.76130  63.0%  44.6    3s
H 3576  1685                      19.0000000    7.76130  59.2%  44.6    3s
  6637  3840   11.33237   35   79   19.00000    8.15125  57.1%  41.9    5s
H16634  9121                      17.0000000    8.65327  49.1%  38.4    8s
 20788 11854   10.19671   26  108   17.00000    8.77532  48.4%  37.8   14s
 20796 11859   10.80175   32  120   17.00000    8.77532  48.4%  37.8   15s
 20853 11897   14.22948   75  124   17.00000    8.77532  48.4%  37.7   20s
 20935 11955    9.50472   21  128   17.00000    9.50472  44.1%  37.7   25s
 25520 13926    9.60134   35   88   17.00000    9.50472  44.1%  39.1   30s
 38833 19038   12.52225   50   78   17.00000    9.50472  44.1%  39.2   35s
 53187 24088   10.21346   51   77   17.00000    9.50472  44.1%  39.6   40s
 68149 33014   12.35239   64   81   17.00000    9.50472  44.1%  39.0   45s
 83483 42242   10.76514   45   91   17.00000    9.59139  43.6%  39.1   50s
 96737 50375   14.95141   68   80   17.00000    9.71776  42.8%  39.1   55s
 109664 58391   12.25144   53   82   17.00000    9.82180  42.2%  38.9   60s
 124583 67568   11.49286   64   76   17.00000    9.94274  41.5%  38.8   65s
 139930 76852   11.74452   51   86   17.00000   10.05018  40.9%  38.6   70s
 150962 82953   12.04819   53   84   17.00000   10.11882  40.5%  38.6   75s
 164624 91118   15.07447   53   92   17.00000   10.19592  40.0%  38.4   80s
 180389 100406   11.68910   52   80   17.00000   10.27373  39.6%  38.3   85s
 196201 109641   13.47853   72   73   17.00000   10.35091  39.1%  38.1   90s
 210752 118056   12.23225   55   80   17.00000   10.41026  38.8%  37.9   95s
 226537 126888   12.83086   58   77   17.00000   10.47267  38.4%  37.8  100s
 239984 134599   13.25820   60   79   17.00000   10.52253  38.1%  37.6  105s
 256716 143756     cutoff   72        17.00000   10.58413  37.7%  37.5  110s
 272295 152157   14.26787   41   80   17.00000   10.63585  37.4%  37.3  115s
 287622 160771   10.87764   50   79   17.00000   10.68308  37.2%  37.2  120s
 304769 169921   13.82310   58   76   17.00000   10.73353  36.9%  37.1  125s
 320263 178202   15.13078   71   71   17.00000   10.77815  36.6%  37.0  130s
 337368 187350   14.04719   44   77   17.00000   10.82488  36.3%  36.8  135s
 353853 195989   12.03138   58   90   17.00000   10.87011  36.1%  36.7  140s
 364877 201610   15.03019   71   84   17.00000   10.89764  35.9%  36.7  145s
 380362 209150   14.37599   60   62   17.00000   10.93833  35.7%  36.6  150s
 396912 217115   13.36796   48   75   17.00000   10.98099  35.4%  36.5  155s
 410581 223640   14.48174   62   73   17.00000   11.01340  35.2%  36.5  160s
 426768 231510     cutoff   47        17.00000   11.05024  35.0%  36.4  165s
 442992 239313   13.05455   48   77   17.00000   11.08492  34.8%  36.4  170s
 459385 247142     cutoff   62        17.00000   11.11992  34.6%  36.3  175s
 472313 253137   12.69862   65   77   17.00000   11.14805  34.4%  36.3  180s
 488889 260657   14.30871   72   82   17.00000   11.18416  34.2%  36.3  185s
 505173 268454     cutoff   52        17.00000   11.21684  34.0%  36.2  190s
 521614 276045   12.65713   51   77   17.00000   11.24926  33.8%  36.2  195s
 536699 282515   13.06229   50   78   17.00000   11.28047  33.6%  36.2  200s
 553364 290205   14.94239   74   72   17.00000   11.31379  33.4%  36.1  205s
 568841 296826   13.17382   62   77   17.00000   11.34437  33.3%  36.1  210s
 583131 303454     cutoff   82        17.00000   11.37077  33.1%  36.1  215s
 599222 310420   13.08639   56   71   17.00000   11.40314  32.9%  36.1  220s
 615824 317589   12.83762   55   70   17.00000   11.43465  32.7%  36.0  225s
 629417 323177   13.10730   50   76   17.00000   11.45963  32.6%  36.0  230s
 644326 329242   15.42288   65   73   17.00000   11.48645  32.4%  35.9  235s
 661489 336244     cutoff   66        17.00000   11.51834  32.2%  35.9  240s
 676307 342189   15.50337   47   68   17.00000   11.54428  32.1%  35.8  245s
 693556 349520   15.30348   52   73   17.00000   11.57339  31.9%  35.7  250s
 709447 355997   15.79249   54   93   17.00000   11.60063  31.8%  35.7  255s
 726327 362878   14.17331   78   58   17.00000   11.62881  31.6%  35.6  260s
 743862 369958   13.57455   60   85   17.00000   11.65638  31.4%  35.6  265s
 759438 376063     cutoff   68        17.00000   11.68222  31.3%  35.5  270s
 775373 382204   15.08756   81   71   17.00000   11.70629  31.1%  35.5  275s
 790488 387912   14.96132   62   60   17.00000   11.73013  31.0%  35.4  280s
 807908 394298     cutoff   66        17.00000   11.75678  30.8%  35.4  285s
 825412 400904   14.10067   50   85   17.00000   11.78353  30.7%  35.3  290s
 841417 406677   13.02864   59   82   17.00000   11.80751  30.5%  35.3  295s
 857052 412080     cutoff   44        17.00000   11.83063  30.4%  35.2  300s
 873567 418011   14.04279   72   81   17.00000   11.85596  30.3%  35.2  305s
 890734 424275   14.35231   65   74   17.00000   11.88054  30.1%  35.2  310s
 905643 429150 infeasible   50        17.00000   11.90174  30.0%  35.1  316s
 919040 433903   12.71612   67   75   17.00000   11.92100  29.9%  35.1  320s
 935281 439622   14.17912   58   70   17.00000   11.94414  29.7%  35.0  325s
 950667 444551   15.55832   48   74   17.00000   11.96490  29.6%  35.0  330s
 968062 450291     cutoff   66        17.00000   11.98907  29.5%  35.0  335s
 983687 455519     cutoff   55        17.00000   12.00974  29.4%  34.9  340s
 1001359 461237   12.16471   51   70   17.00000   12.03388  29.2%  34.9  345s
 1019117 466870   13.43916   59   69   17.00000   12.05603  29.1%  34.8  350s
 1035165 471749   14.82172   61   55   17.00000   12.07734  29.0%  34.8  355s
 1051937 476948   13.75870   50   80   17.00000   12.09983  28.8%  34.8  360s
 1067497 481761     cutoff   80        17.00000   12.12189  28.7%  34.7  365s
 1084884 486846   13.17745   72   74   17.00000   12.14517  28.6%  34.7  370s
 1102562 492343   15.85667   75   74   17.00000   12.16822  28.4%  34.7  375s
 1112619 495226   14.78598   69   71   17.00000   12.18080  28.3%  34.6  380s
 1128387 499923   13.31505   65   78   17.00000   12.20149  28.2%  34.6  385s
 1145513 504707   14.13540   56   64   17.00000   12.22423  28.1%  34.6  390s
 1162723 509128   12.59369   62   82   17.00000   12.24757  28.0%  34.5  395s
 1177614 513125   13.80549   55   62   17.00000   12.26770  27.8%  34.5  400s
 1195398 518103   13.61200   61   68   17.00000   12.28998  27.7%  34.5  405s
 1212050 522423   15.04877   63   68   17.00000   12.31133  27.6%  34.4  410s
 1229756 527140     cutoff   58        17.00000   12.33302  27.5%  34.4  415s
 1244301 530657     cutoff   61        17.00000   12.35115  27.3%  34.4  420s
 1260915 534788   13.28901   68   77   17.00000   12.37138  27.2%  34.4  425s
 1275517 538494     cutoff   65        17.00000   12.38776  27.1%  34.4  430s
 1291332 542362   15.13477   75   83   17.00000   12.40656  27.0%  34.4  435s
 1304571 545394   14.85205   65   89   17.00000   12.42191  26.9%  34.4  440s
 1320342 549264   15.87020   44   67   17.00000   12.44067  26.8%  34.3  445s
 1337068 553162     cutoff   59        17.00000   12.46000  26.7%  34.3  450s
 1353206 556408   14.36109   70   66   17.00000   12.47987  26.6%  34.3  455s
 1367359 559448   15.67188   56   75   17.00000   12.49710  26.5%  34.3  460s
 1381213 561819     cutoff   48        17.00000   12.51350  26.4%  34.3  465s
 1396247 564956   14.28275   74   75   17.00000   12.53146  26.3%  34.3  470s
 1410710 568123   14.19265   59   79   17.00000   12.54791  26.2%  34.3  475s
 1426828 571359   15.25647   73   80   17.00000   12.56696  26.1%  34.2  480s
 1443246 574582   13.68617   65   70   17.00000   12.58610  26.0%  34.2  485s
 1456257 577099   12.90629   78   61   17.00000   12.60140  25.9%  34.2  490s
 1472763 580506   13.78132   61   63   17.00000   12.62015  25.8%  34.2  495s
 1485814 582857   13.83931   56   85   17.00000   12.63652  25.7%  34.2  500s
 1499714 585359   15.76639   83   56   17.00000   12.65250  25.6%  34.2  505s
 1514658 588192   14.41405   61   81   17.00000   12.66907  25.5%  34.2  510s
 1530628 590855   15.88085   57   71   17.00000   12.68794  25.4%  34.2  515s
 1545318 593178   14.57677   67   79   17.00000   12.70538  25.3%  34.2  520s
 1561866 596120   13.43227   60   87   17.00000   12.72471  25.1%  34.2  525s
 1578106 598925   14.90722   64   85   17.00000   12.74377  25.0%  34.1  530s
 1590931 600785     cutoff   60        17.00000   12.75917  24.9%  34.1  535s
 1606199 603218   15.79476   67   57   17.00000   12.77739  24.8%  34.1  540s
 1622169 605500     cutoff   71        17.00000   12.79599  24.7%  34.1  545s
 1636454 607707   14.03086   57   81   17.00000   12.81205  24.6%  34.1  550s
 1653193 609951   15.41936   80   70   17.00000   12.83132  24.5%  34.1  555s
 1668235 612085     cutoff   54        17.00000   12.84841  24.4%  34.1  560s
 1682861 613863   13.71895   74   72   17.00000   12.86544  24.3%  34.1  565s
 1698972 615542   14.34097   58   74   17.00000   12.88327  24.2%  34.1  570s
 1714099 617145   14.31312   68   72   17.00000   12.90020  24.1%  34.0  575s
 1729843 618996   14.01777   68   81   17.00000   12.91867  24.0%  34.0  580s
 1741150 620266   14.28781   66   70   17.00000   12.93182  23.9%  34.0  585s
 1755802 621897 infeasible   61        17.00000   12.94771  23.8%  34.0  590s
 1771883 623353   14.98004   73   77   17.00000   12.96591  23.7%  34.0  595s
 1787771 624587   14.24641   68   77   17.00000   12.98395  23.6%  34.0  600s
 1803539 625979   14.86969   55   75   17.00000   13.00248  23.5%  34.0  605s
 1817805 626987   14.45576   76   78   17.00000   13.01940  23.4%  34.0  610s
 1832047 627937   15.19829   47   77   17.00000   13.03544  23.3%  33.9  615s
 1846057 628868     cutoff   64        17.00000   13.05098  23.2%  33.9  620s
 1862726 629768   14.02959   69   60   17.00000   13.07029  23.1%  33.9  625s
 1878340 630631     cutoff   55        17.00000   13.08796  23.0%  33.9  630s
 1894513 631300   13.88417   54   81   17.00000   13.10721  22.9%  33.9  635s
 1909144 631945     cutoff   73        17.00000   13.12326  22.8%  33.9  640s
 1926261 632787     cutoff   64        17.00000   13.14226  22.7%  33.8  645s
 1943827 633349   15.28939   79   66   17.00000   13.16233  22.6%  33.8  650s
 1959596 633766   14.92565   74   79   17.00000   13.18007  22.5%  33.8  655s
 1977376 633856     cutoff   79        17.00000   13.20092  22.3%  33.7  660s
 1994890 633719     cutoff   47        17.00000   13.22207  22.2%  33.7  665s
 2010203 633596   14.59612   57   72   17.00000   13.23960  22.1%  33.7  670s
 2026702 633809   14.97611   67   64   17.00000   13.25791  22.0%  33.6  675s
 2044437 633685     cutoff   47        17.00000   13.27870  21.9%  33.6  680s
 2062241 633449   15.54789   60   81   17.00000   13.29911  21.8%  33.6  685s
 2078356 632931 infeasible   73        17.00000   13.31796  21.7%  33.5  690s
 2096847 632216     cutoff   69        17.00000   13.33926  21.5%  33.5  695s
 2112724 631630   15.02937   69   63   17.00000   13.35764  21.4%  33.5  700s
 2131446 630358     cutoff   73        17.00000   13.38043  21.3%  33.4  705s
 2149816 629369   15.89365   59   62   17.00000   13.40152  21.2%  33.4  710s
 2164702 628421   15.03237   64   70   17.00000   13.41927  21.1%  33.4  715s
 2182849 626800   15.47087   71   67   17.00000   13.44028  20.9%  33.3  720s
 2200947 625209   14.02709   56   74   17.00000   13.46149  20.8%  33.3  725s
 2217775 623614   13.93918   56   68   17.00000   13.48136  20.7%  33.3  730s
 2235021 622160   14.33474   67   64   17.00000   13.50102  20.6%  33.2  735s
 2252819 620158   14.35493   77   72   17.00000   13.52233  20.5%  33.2  740s
 2269400 618236     cutoff   73        17.00000   13.54152  20.3%  33.2  745s
 2288650 616080   15.51403   61   76   17.00000   13.56425  20.2%  33.1  750s
 2307350 613541     cutoff   63        17.00000   13.58719  20.1%  33.1  755s
 2321432 611358   14.10432   73   84   17.00000   13.60460  20.0%  33.1  760s
 2335821 608880 infeasible   76        17.00000   13.62316  19.9%  33.0  765s
 2355246 606074 infeasible   69        17.00000   13.64565  19.7%  33.0  770s
 2373093 603230   15.94034   60   61   17.00000   13.66686  19.6%  32.9  775s
 2392438 599933   14.55809   78   81   17.00000   13.68959  19.5%  32.9  780s
 2411374 596333   15.72351   69   72   17.00000   13.71308  19.3%  32.8  785s
 2425954 593909   15.00440   69   70   17.00000   13.73108  19.2%  32.8  790s
 2445248 590058     cutoff   81        17.00000   13.75414  19.1%  32.8  795s
 2464046 585886   15.36704   61   64   17.00000   13.77814  19.0%  32.7  800s
 2483979 580883   15.74680   82   61   17.00000   13.80334  18.8%  32.7  805s
 2502079 576825   14.43773   64   82   17.00000   13.82536  18.7%  32.6  810s
 2522691 571697   14.73259   75   63   17.00000   13.85142  18.5%  32.6  815s
 2542555 566784   15.55123   82   62   17.00000   13.87612  18.4%  32.5  820s
 2561213 561591     cutoff   74        17.00000   13.90051  18.2%  32.5  825s
 2581012 556135     cutoff   50        17.00000   13.92562  18.1%  32.4  830s
 2599933 550444     cutoff   48        17.00000   13.95014  17.9%  32.4  835s
 2620220 544192   15.38193   63   71   17.00000   13.97682  17.8%  32.3  840s
 2638732 538581   15.16883   69   84   17.00000   13.99974  17.6%  32.3  845s
 2659580 531959   15.00314   70   77   17.00000   14.02614  17.5%  32.2  850s
 2678810 525116     cutoff   69        17.00000   14.05142  17.3%  32.2  855s
 2696762 519040     cutoff   72        17.00000   14.07487  17.2%  32.1  860s
 2717714 511237     cutoff   66        17.00000   14.10296  17.0%  32.1  865s
 2738968 503039     cutoff   72        17.00000   14.13044  16.9%  32.0  870s
 2760614 494453   15.05317   59   66   17.00000   14.15958  16.7%  31.9  875s
 2780159 486431 infeasible   75        17.00000   14.18565  16.6%  31.9  880s
 2802839 476609   14.95567   71   76   17.00000   14.21583  16.4%  31.8  885s
 2823591 467327     cutoff   69        17.00000   14.24405  16.2%  31.7  890s
 2846261 456908   15.88660   72   57   17.00000   14.27518  16.0%  31.6  895s
 2868443 446682     cutoff   36        17.00000   14.30578  15.8%  31.6  900s
 2882284 439570   14.36451   59   81   17.00000   14.32546  15.7%  31.5  905s
 2903962 428597   14.54174   46   65   17.00000   14.35594  15.6%  31.4  910s
 2925366 417942   15.62482   79   68   17.00000   14.38447  15.4%  31.4  915s
 2949683 405012   15.54434   80   69   17.00000   14.41812  15.2%  31.3  920s
 2974587 391292   15.73649   67   57   17.00000   14.45406  15.0%  31.2  925s
 2997410 378545     cutoff   74        17.00000   14.48597  14.8%  31.1  930s
 3022446 363707     cutoff   48        17.00000   14.52177  14.6%  31.0  935s
 3048315 348224   14.86481   55   69   17.00000   14.55896  14.4%  30.9  940s
 3072123 333458     cutoff   74        17.00000   14.59374  14.2%  30.8  945s
 3098874 316656     cutoff   68        17.00000   14.63259  13.9%  30.7  950s
 3124900 299749     cutoff   78        17.00000   14.67108  13.7%  30.5  955s
 3149447 283391   15.63110   77   69   17.00000   14.70671  13.5%  30.4  960s
 3176214 264879     cutoff   73        17.00000   14.74704  13.3%  30.3  965s
 3206104 243544   15.96520   52   70   17.00000   14.79270  13.0%  30.2  970s
 3236282 221807     cutoff   57        17.00000   14.83914  12.7%  30.0  975s
 3264351 200928     cutoff   57        17.00000   14.88390  12.4%  29.9  980s
 3297099 175619     cutoff   69        17.00000   14.93797  12.1%  29.7  985s
 3327866 151130     cutoff   73        17.00000   14.99107  11.8%  29.5  990s
 3361026 123586     cutoff   75        17.00000   15.05557  11.4%  29.3  995s
 3388877 100042     cutoff   59        17.00000   15.11850  11.1%  29.2 1000s
 3422690 71288 infeasible   65        17.00000   15.20968  10.5%  29.0 1005s
 3454104 44790     cutoff   68        17.00000   15.32260  9.87%  28.9 1010s
 3490335 15775 infeasible   79        17.00000   15.55255  8.51%  28.6 1015s

Cutting planes:
  Gomory: 23
  Flow cover: 8
  Zero half: 16
  Mod-K: 1

Explored 3510302 nodes (100175789 simplex iterations) in 1017.68 seconds (1838.24 work units)
Thread count was 4 (of 4 available processors)

Solution count 10: 17 19 21 ... 100

Optimal solution found (tolerance 1.00e-04)
Best objective 1.700000000000e+01, best bound 1.700000000000e+01, gap 0.0000%

Gurobi 11.0.3 (win64, Java) logging started Mon Mar 17 22:53:27 2025

Set parameter Username
Set parameter LogFile to value "src/main/java/gzhu/yh/logger/ILP_RD12.log"
Academic license - for non-commercial use only - expires 2025-09-02
Gurobi Optimizer version 11.0.3 build v11.0.3rc0 (win64 - Windows 10.0 (19045.2))

CPU model: Intel(R) Core(TM) i5-7300HQ CPU @ 2.50GHz, instruction set [SSE2|AVX|AVX2]
Thread count: 4 physical cores, 4 logical processors, using up to 4 threads

Optimize a model with 300 rows, 300 columns and 6304 nonzeros
Model fingerprint: 0x0765e03d
Variable types: 0 continuous, 300 integer (300 binary)
Coefficient statistics:
  Matrix range     [1e+00, 1e+05]
  Objective range  [1e+00, 2e+00]
  Bounds range     [1e+00, 1e+00]
  RHS range        [1e+00, 1e+05]
Found heuristic solution: objective 100.0000000
Presolve removed 0 rows and 100 columns
Presolve time: 0.01s
Presolved: 300 rows, 200 columns, 6204 nonzeros
Variable types: 0 continuous, 200 integer (200 binary)

Root relaxation: objective 6.936987e+00, 379 iterations, 0.02 seconds (0.02 work units)

    Nodes    |    Current Node    |     Objective Bounds      |     Work
 Expl Unexpl |  Obj  Depth IntInf | Incumbent    BestBd   Gap | It/Node Time

     0     0    6.93699    0  118  100.00000    6.93699  93.1%     -    0s
H    0     0                      40.0000000    6.93699  82.7%     -    0s
H    0     0                      32.0000000    6.93699  78.3%     -    0s
     0     0    7.09265    0  108   32.00000    7.09265  77.8%     -    0s
H    0     0                      30.0000000    7.09265  76.4%     -    0s
H    0     0                      28.0000000    7.11917  74.6%     -    0s
     0     0    7.11917    0  108   28.00000    7.11917  74.6%     -    0s
     0     0    7.21958    0  114   28.00000    7.21958  74.2%     -    0s
H    0     0                      27.0000000    7.21958  73.3%     -    0s
     0     0    7.22623    0  116   27.00000    7.22623  73.2%     -    0s
     0     0    7.39298    0  104   27.00000    7.39298  72.6%     -    0s
H    0     0                      25.0000000    7.39298  70.4%     -    0s
     0     0    7.40996    0   98   25.00000    7.40996  70.4%     -    0s
     0     0    7.70614    0   96   25.00000    7.70614  69.2%     -    0s
     0     0    7.80335    0   96   25.00000    7.80335  68.8%     -    0s
     0     0    7.83743    0  108   25.00000    7.83743  68.7%     -    0s
     0     0    7.83743    0  108   25.00000    7.83743  68.7%     -    0s
     0     2    7.83743    0  108   25.00000    7.83743  68.7%     -    0s
H  548   508                      22.0000000    7.83743  64.4%  37.8    0s
H 3036  1840                      21.0000000    7.83743  62.7%  45.1    3s
  6821  4426    8.79564   40   83   21.00000    8.53300  59.4%  42.5    5s
H11252  7698                      20.0000000    8.79748  56.0%  40.3    6s
 20604 14105   13.69265   65  108   20.00000    9.18436  54.1%  38.4   14s
 20616 14113   13.14408   63  112   20.00000    9.18436  54.1%  38.4   15s
H20619 13409                      19.0000000    9.18436  51.7%  38.4   15s
H20636 12748                      17.0000000    9.18436  46.0%  38.4   17s
 20680 12778    9.53445   34  124   17.00000    9.18436  46.0%  38.3   20s
 22596 13629   15.96290   79   65   17.00000    9.32590  45.1%  39.5   25s
 33540 18002   12.10849   62   80   17.00000    9.32590  45.1%  40.0   30s
 48578 22968   13.29530   66   92   17.00000    9.68260  43.0%  39.7   35s
 62990 28574   11.70357   46   75   17.00000    9.94541  41.5%  39.9   40s
 74080 35455   14.33550   76   80   17.00000   10.09096  40.6%  39.7   45s
 89379 44305   12.46687   60   86   17.00000   10.26506  39.6%  39.5   50s
 103975 53365   11.93040   45   78   17.00000   10.41513  38.7%  39.1   55s
 119874 62286     cutoff   41        17.00000   10.53457  38.0%  38.8   60s
 133313 69769   12.71496   59   74   17.00000   10.62632  37.5%  38.6   65s
 148769 78548   15.62713   72   77   17.00000   10.72771  36.9%  38.4   70s
 164050 86820   14.65112   78   68   17.00000   10.81868  36.4%  38.2   75s
 179644 94580   15.10926   68   80   17.00000   10.89852  35.9%  38.0   80s
 193586 101816   14.86612   60   71   17.00000   10.96773  35.5%  37.8   86s
 204852 108041   11.64604   44   86   17.00000   11.01863  35.2%  37.6   90s
 220956 116379   15.39477   65   78   17.00000   11.09139  34.8%  37.5   95s
 236682 124279   15.07591   53   78   17.00000   11.15808  34.4%  37.4  100s
 251687 131588   13.10857   55   70   17.00000   11.21572  34.0%  37.2  105s
 267392 139456   15.40613   54   75   17.00000   11.27197  33.7%  37.1  110s
 280851 146205     cutoff   54        17.00000   11.31657  33.4%  37.0  115s
 291837 151499   15.32409   66   78   17.00000   11.35500  33.2%  36.9  120s
 306187 158229   15.95705   76   66   17.00000   11.40189  32.9%  36.8  125s
 322469 165289     cutoff   53        17.00000   11.45345  32.6%  36.8  130s
 338186 172359     cutoff   56        17.00000   11.50028  32.4%  36.7  135s
 353654 178978   14.64605   67   70   17.00000   11.54727  32.1%  36.7  140s
 367491 184793     cutoff   73        17.00000   11.58532  31.9%  36.6  145s
 383563 191162   14.27474   69   85   17.00000   11.62922  31.6%  36.6  150s
 399058 197841   13.68284   62   82   17.00000   11.67120  31.3%  36.5  155s
 414881 204648   13.43315   66   77   17.00000   11.71108  31.1%  36.5  160s
 427758 210282   14.01046   70   75   17.00000   11.74410  30.9%  36.4  165s
 443643 216862     cutoff   78        17.00000   11.78125  30.7%  36.4  170s
 455571 221551   13.43214   59   82   17.00000   11.81124  30.5%  36.3  175s
 469521 226927     cutoff   53        17.00000   11.84362  30.3%  36.3  180s
 485833 233303 infeasible   43        17.00000   11.88262  30.1%  36.2  185s
 502756 239766   12.90434   70   66   17.00000   11.92419  29.9%  36.2  190s
 517033 245209   14.24429   68   82   17.00000   11.95882  29.7%  36.1  195s
 532028 250596   15.16763   53   70   17.00000   11.99399  29.4%  36.0  200s
 548782 256436   13.59985   67   72   17.00000   12.03169  29.2%  36.0  205s
 565394 262278   14.36105   63   88   17.00000   12.07200  29.0%  35.9  210s
 579888 267435     cutoff   70        17.00000   12.10525  28.8%  35.9  215s
 596437 272991   14.13215   65   78   17.00000   12.13995  28.6%  35.8  220s
 613074 278521   14.78475   74   71   17.00000   12.17573  28.4%  35.7  225s
 629730 283786     cutoff   63        17.00000   12.21201  28.2%  35.7  230s
 643480 288239   14.56707   54   79   17.00000   12.23888  28.0%  35.6  235s
 659773 293075     cutoff   72        17.00000   12.27336  27.8%  35.6  240s
 675057 297789   14.78747   62   96   17.00000   12.30561  27.6%  35.5  245s
 691892 302445     cutoff   59        17.00000   12.33865  27.4%  35.5  250s
 702245 305486   14.00081   55   66   17.00000   12.35846  27.3%  35.5  255s
 718460 310053   13.93129   62   84   17.00000   12.39299  27.1%  35.4  260s
 735528 314416   13.88487   66   74   17.00000   12.42616  26.9%  35.4  265s
 749672 317307   15.18665   68   86   17.00000   12.45067  26.8%  35.4  270s
 766344 321517   13.37712   79   73   17.00000   12.48413  26.6%  35.3  275s
 782309 325443   14.24283   67   77   17.00000   12.51430  26.4%  35.3  280s
 796197 328733 infeasible   50        17.00000   12.53930  26.2%  35.3  285s
 812411 332609   15.55429   70   70   17.00000   12.57013  26.1%  35.2  290s
 826365 335943   14.49100   58   85   17.00000   12.59617  25.9%  35.2  295s
 842679 339627   15.12000   75   65   17.00000   12.62597  25.7%  35.2  300s
 858739 343187   14.20069   61   77   17.00000   12.65653  25.5%  35.1  305s
 873628 346123   14.57653   53   79   17.00000   12.68343  25.4%  35.1  310s
 886959 348812     cutoff   53        17.00000   12.70768  25.2%  35.0  315s
 903420 351763     cutoff   48        17.00000   12.73834  25.1%  35.0  320s
 918890 354660     cutoff   68        17.00000   12.76615  24.9%  35.0  325s
 931376 356786     cutoff   52        17.00000   12.78774  24.8%  35.0  330s
 946713 359489     cutoff   72        17.00000   12.81465  24.6%  35.0  335s
 956940 361032   15.56894   77   62   17.00000   12.83253  24.5%  35.0  340s
 972153 363605   14.03287   63   87   17.00000   12.85992  24.4%  35.0  345s
 986696 366202     cutoff   62        17.00000   12.88491  24.2%  35.0  350s
 1001995 368845     cutoff   71        17.00000   12.91044  24.1%  35.0  355s
 1016170 371071   14.27251   70   82   17.00000   12.93511  23.9%  35.0  360s
 1031203 373151   14.88743   63   73   17.00000   12.96117  23.8%  34.9  365s
 1046188 375069   15.54774   53   63   17.00000   12.98730  23.6%  34.9  370s
 1059247 376932   14.09985   64   88   17.00000   13.00867  23.5%  34.9  375s
 1074483 378748   14.94015   72   75   17.00000   13.03381  23.3%  34.9  380s
 1088703 380260   14.28742   61   89   17.00000   13.05934  23.2%  34.9  385s
 1103330 381795   14.83074   65   65   17.00000   13.08405  23.0%  34.9  390s
 1115485 382976     cutoff   66        17.00000   13.10644  22.9%  34.9  395s

Gurobi 11.0.3 (win64, Java) logging started Tue Mar 18 21:28:38 2025

Set parameter Username
Set parameter LogFile to value "src/main/java/gzhu/yh/logger/ILP_RD12.log"
Academic license - for non-commercial use only - expires 2025-09-02
Gurobi Optimizer version 11.0.3 build v11.0.3rc0 (win64 - Windows 10.0 (19045.2))

CPU model: Intel(R) Core(TM) i5-7300HQ CPU @ 2.50GHz, instruction set [SSE2|AVX|AVX2]
Thread count: 4 physical cores, 4 logical processors, using up to 4 threads

Optimize a model with 300 rows, 300 columns and 6520 nonzeros
Model fingerprint: 0xfac8c9d3
Variable types: 0 continuous, 300 integer (300 binary)
Coefficient statistics:
  Matrix range     [1e+00, 1e+05]
  Objective range  [1e+00, 2e+00]
  Bounds range     [1e+00, 1e+00]
  RHS range        [1e+00, 1e+05]
Found heuristic solution: objective 100.0000000
Presolve removed 0 rows and 100 columns
Presolve time: 0.02s
Presolved: 300 rows, 200 columns, 6420 nonzeros
Variable types: 0 continuous, 200 integer (200 binary)

Root relaxation: objective 6.688940e+00, 357 iterations, 0.02 seconds (0.01 work units)

    Nodes    |    Current Node    |     Objective Bounds      |     Work
 Expl Unexpl |  Obj  Depth IntInf | Incumbent    BestBd   Gap | It/Node Time

     0     0    6.68894    0   92  100.00000    6.68894  93.3%     -    0s
H    0     0                      38.0000000    6.68894  82.4%     -    0s
H    0     0                      36.0000000    6.68894  81.4%     -    0s
H    0     0                      35.0000000    6.71442  80.8%     -    0s
     0     0    6.82470    0   90   35.00000    6.82470  80.5%     -    0s
H    0     0                      32.0000000    6.82470  78.7%     -    0s
H    0     0                      31.0000000    6.82470  78.0%     -    0s
     0     0    6.82470    0   94   31.00000    6.82470  78.0%     -    0s
     0     0    6.91837    0   88   31.00000    6.91837  77.7%     -    0s
H    0     0                      26.0000000    6.91837  73.4%     -    0s
H    0     0                      25.0000000    6.91837  72.3%     -    0s
     0     0    6.91837    0   92   25.00000    6.91837  72.3%     -    0s
     0     0    7.32053    0   92   25.00000    7.32053  70.7%     -    0s
     0     0    7.32053    0   84   25.00000    7.32053  70.7%     -    0s
     0     0    7.93153    0   86   25.00000    7.93153  68.3%     -    0s
     0     0    7.93153    0   86   25.00000    7.93153  68.3%     -    0s
     0     2    7.93153    0   86   25.00000    7.93153  68.3%     -    0s
H   37    40                      22.0000000    7.93153  63.9%  55.2    0s
H 2759  1673                      21.0000000    7.93153  62.2%  50.2    3s
H 5141  2730                      19.0000000    8.46480  55.4%  46.6    4s
  6909  4153   12.01295   26   86   19.00000    8.60336  54.7%  44.5    5s
H14851  9397                      18.0000000    9.08832  49.5%  41.1    8s
 19982 12797   10.95901   38   72   18.00000    9.27591  48.5%  40.6   10s
 20705 13034   10.04708   44  100   18.00000    9.30287  48.3%  40.8   15s
 20874 13151   11.41817   40   71   18.00000    9.30287  48.3%  41.0   20s
H21076 12574                      17.0000000    9.30287  45.3%  41.2   20s
 29776 15861   14.11127   44   65   17.00000    9.30287  45.3%  42.3   25s
 43855 20341   13.46703   55   69   17.00000    9.30287  45.3%  41.2   30s
 58134 24357     cutoff   73        17.00000    9.56425  43.7%  41.1   35s
 70325 31669   14.48758   80   77   17.00000    9.76691  42.5%  41.1   40s
 85611 40551   12.61783   58   60   17.00000    9.96130  41.4%  40.7   45s
 99051 48255 infeasible   80        17.00000   10.09945  40.6%  40.4   50s
 112895 56150     cutoff   58        17.00000   10.23459  39.8%  40.0   55s
 128146 64808   14.12817   52   71   17.00000   10.36486  39.0%  39.7   60s
 141347 71945   14.30651   62   74   17.00000   10.46445  38.4%  39.5   65s
 155125 79599   12.93933   55   89   17.00000   10.56161  37.9%  39.2   70s
 170944 87335   14.44996   73   68   17.00000   10.65395  37.3%  39.0   75s
 187028 95915   12.31768   65   81   17.00000   10.74539  36.8%  38.7   80s
 201232 103467   12.54587   49   70   17.00000   10.82561  36.3%  38.4   85s
 217069 111458   13.68548   48   90   17.00000   10.90513  35.9%  38.2   90s
 233709 120001   11.55584   62   82   17.00000   10.98126  35.4%  38.0   95s
 249970 127911     cutoff   70        17.00000   11.04951  35.0%  37.8  100s
 264480 135324   11.94992   57   78   17.00000   11.10561  34.7%  37.7  105s
 279472 142382   13.40336   59   72   17.00000   11.16583  34.3%  37.5  110s
 294816 149481   12.54567   61   80   17.00000   11.22568  34.0%  37.4  115s
 308258 155468   13.69633   48   81   17.00000   11.27413  33.7%  37.3  120s
 324024 162616   13.21567   56   81   17.00000   11.33141  33.3%  37.3  125s
 338723 169263   13.44363   60   98   17.00000   11.37778  33.1%  37.2  130s
 353873 175817   13.97275   73   72   17.00000   11.42627  32.8%  37.1  135s
 368084 182178   14.48073   74   76   17.00000   11.47178  32.5%  37.1  140s
 382047 188083   15.56119   63   69   17.00000   11.51625  32.3%  37.0  145s
 397482 194663   14.27279   68   65   17.00000   11.56356  32.0%  37.0  150s
 413339 201047   14.18758   58   69   17.00000   11.60968  31.7%  36.9  155s
 429406 207629   13.37953   60   77   17.00000   11.65476  31.4%  36.9  160s
 441534 212336   15.37842   59   62   17.00000   11.68895  31.2%  36.8  165s
 454611 217536   13.77818   64   79   17.00000   11.72578  31.0%  36.8  170s
 470117 223701   15.34300   64   91   17.00000   11.76728  30.8%  36.7  175s
 486688 230082 infeasible   66        17.00000   11.81005  30.5%  36.7  180s
 502039 235641   13.31269   59   70   17.00000   11.84886  30.3%  36.6  185s
 518438 241489   14.57719   64   70   17.00000   11.89248  30.0%  36.5  190s
 533468 247057   15.46304   72   91   17.00000   11.92881  29.8%  36.4  195s
 548741 252517     cutoff   56        17.00000   11.96419  29.6%  36.3  200s
 565969 258196   13.53889   62   74   17.00000   12.00636  29.4%  36.2  205s
 582659 263652   15.33494   47   65   17.00000   12.04658  29.1%  36.1  210s
 598786 268783   13.96748   62   74   17.00000   12.08298  28.9%  36.1  215s
 615348 274295   14.46132   48   68   17.00000   12.12056  28.7%  36.0  220s
 630641 278851   13.91259   74   68   17.00000   12.15495  28.5%  36.0  225s
 647241 283961     cutoff   69        17.00000   12.19196  28.3%  35.9  230s
 663974 288905   15.70577   54   72   17.00000   12.22838  28.1%  35.8  235s
 678235 293155   14.85366   55   74   17.00000   12.26061  27.9%  35.8  240s
 690341 296436   13.43957   53   74   17.00000   12.28685  27.7%  35.7  245s
 705188 300346     cutoff   74        17.00000   12.31892  27.5%  35.7  250s
 722122 304775   15.48284   52   72   17.00000   12.35508  27.3%  35.6  255s
 738576 308749   13.31139   48   70   17.00000   12.39100  27.1%  35.6  260s
 754603 312926   15.79464   67   72   17.00000   12.42375  26.9%  35.5  265s
 770980 316872   14.99444   65   65   17.00000   12.45857  26.7%  35.5  270s
 785215 320254     cutoff   73        17.00000   12.48806  26.5%  35.4  275s
 802254 324333   13.78424   62   79   17.00000   12.52286  26.3%  35.4  280s
 818654 327550   14.57155   66   75   17.00000   12.55819  26.1%  35.3  285s
 833480 330634   15.31630   55   74   17.00000   12.59044  25.9%  35.3  290s
 850243 333751   14.08973   70   81   17.00000   12.62603  25.7%  35.2  295s
 865470 336445     cutoff   58        17.00000   12.65949  25.5%  35.2  300s
 882605 339560   14.60262   66   87   17.00000   12.69453  25.3%  35.1  305s
 898119 342136   14.23250   57   67   17.00000   12.72772  25.1%  35.1  310s
 913364 344603   14.90109   56   69   17.00000   12.75868  24.9%  35.1  315s
 929476 347196   14.31869   74   66   17.00000   12.79059  24.8%  35.0  320s
 942867 349133   14.09628   62   69   17.00000   12.81799  24.6%  35.0  325s
 958358 351235   15.20501   59   66   17.00000   12.85013  24.4%  35.0  330s
 973360 353094   14.28672   81   67   17.00000   12.88181  24.2%  35.0  335s
 984020 354265 infeasible   54        17.00000   12.90411  24.1%  35.0  340s
 999709 356139   14.53787   61   76   17.00000   12.93509  23.9%  35.0  345s
 1015115 357414   13.20278   58   81   17.00000   12.96651  23.7%  35.0  350s
 1027938 358418   15.08566   46   68   17.00000   12.99421  23.6%  35.0  355s
 1043048 359596     cutoff   44        17.00000   13.02636  23.4%  35.0  360s
 1058619 360964   15.19439   75   77   17.00000   13.05775  23.2%  35.0  365s
 1072675 361683   14.85495   81   76   17.00000   13.08781  23.0%  35.0  370s
 1087686 362301   14.35706   66   76   17.00000   13.12049  22.8%  34.9  375s
 1102846 363041     cutoff   58        17.00000   13.15277  22.6%  34.9  380s
 1115585 363281   15.01673   67   62   17.00000   13.17976  22.5%  34.9  385s
 1131000 363627   15.55463   70   74   17.00000   13.21155  22.3%  34.9  390s
 1146591 363658     cutoff   65        17.00000   13.24445  22.1%  34.9  395s
 1161270 363624   15.82453   72   74   17.00000   13.27553  21.9%  34.9  400s
 1177076 363351   14.78271   68   79   17.00000   13.30974  21.7%  34.9  405s
 1192092 362781   15.69837   63   79   17.00000   13.34100  21.5%  34.9  410s
 1207431 362179     cutoff   62        17.00000   13.37279  21.3%  34.8  415s
 1223172 361026   15.40247   73   66   17.00000   13.40653  21.1%  34.8  420s
 1237260 359982     cutoff   55        17.00000   13.43555  21.0%  34.8  425s
 1247121 359205     cutoff   55        17.00000   13.45621  20.8%  34.8  430s
 1262643 358126   15.92944   52   72   17.00000   13.48864  20.7%  34.8  435s
 1279103 356414   15.09251   72   56   17.00000   13.52427  20.4%  34.8  440s
 1293600 354732   14.91089   59   71   17.00000   13.55440  20.3%  34.7  445s
 1309286 352634   15.76628   56   64   17.00000   13.58886  20.1%  34.7  450s
 1325696 350244   15.06380   76   72   17.00000   13.62431  19.9%  34.7  455s
 1341012 347495     cutoff   61        17.00000   13.65952  19.6%  34.7  460s
 1356240 344482   15.74136   61   59   17.00000   13.69414  19.4%  34.6  465s
 1374494 340755   14.72974   68   68   17.00000   13.73463  19.2%  34.6  470s
 1391985 336823     cutoff   76        17.00000   13.77469  19.0%  34.5  475s
 1409222 332651     cutoff   73        17.00000   13.81520  18.7%  34.4  480s
 1428057 327813   15.95573   63   64   17.00000   13.85756  18.5%  34.4  485s
 1445816 322926     cutoff   58        17.00000   13.89832  18.2%  34.3  490s
 1464551 317339   14.85981   77   69   17.00000   13.94162  18.0%  34.2  495s
 1483757 311207     cutoff   70        17.00000   13.98708  17.7%  34.1  500s
 1501726 304944   14.38579   70   72   17.00000   14.02963  17.5%  34.1  505s
 1520022 298418     cutoff   52        17.00000   14.07278  17.2%  34.0  510s
 1538405 291403     cutoff   81        17.00000   14.11725  17.0%  33.9  515s
 1554328 284742   15.88308   62   72   17.00000   14.15554  16.7%  33.8  520s
 1572428 277194   15.26982   64   78   17.00000   14.19850  16.5%  33.7  525s
 1593146 267739   15.46601   82   71   17.00000   14.24967  16.2%  33.6  530s
 1614965 257060   15.57443   59   74   17.00000   14.30489  15.9%  33.5  535s
 1636780 246163   15.14676   69   67   17.00000   14.35910  15.5%  33.3  540s
 1657349 235215   15.50297   73   79   17.00000   14.41068  15.2%  33.2  545s
 1680728 221715     cutoff   73        17.00000   14.47169  14.9%  33.0  550s
 1699991 210468     cutoff   74        17.00000   14.52095  14.6%  32.9  555s
 1724279 196022     cutoff   71        17.00000   14.58193  14.2%  32.7  560s
 1747474 180867   15.94636   74   59   17.00000   14.64339  13.9%  32.6  565s
 1773697 163239     cutoff   50        17.00000   14.71242  13.5%  32.3  570s
 1799080 145315     cutoff   56        17.00000   14.78092  13.1%  32.1  575s
 1828085 123857     cutoff   72        17.00000   14.86279  12.6%  31.9  580s
 1856988 101232     cutoff   57        17.00000   14.94762  12.1%  31.6  585s
 1886379 77313     cutoff   69        17.00000   15.04152  11.5%  31.3  590s
 1927954 41574     cutoff   73        17.00000   15.22107  10.5%  30.8  595s
 1972047  5086     cutoff   77        17.00000   15.68694  7.72%  30.3  600s

Cutting planes:
  Gomory: 11
  MIR: 4
  Flow cover: 14
  Zero half: 11

Explored 1978273 nodes (59727395 simplex iterations) in 600.57 seconds (1081.23 work units)
Thread count was 4 (of 4 available processors)

Solution count 10: 17 18 19 ... 35

Optimal solution found (tolerance 1.00e-04)
Best objective 1.700000000000e+01, best bound 1.700000000000e+01, gap 0.0000%

Gurobi 11.0.3 (win64, Java) logging started Tue Mar 18 21:58:02 2025

Set parameter Username
Set parameter LogFile to value "src/main/java/gzhu/yh/logger/ILP_RD12.log"
Academic license - for non-commercial use only - expires 2025-09-02
Gurobi Optimizer version 11.0.3 build v11.0.3rc0 (win64 - Windows 10.0 (19045.2))

CPU model: Intel(R) Core(TM) i5-7300HQ CPU @ 2.50GHz, instruction set [SSE2|AVX|AVX2]
Thread count: 4 physical cores, 4 logical processors, using up to 4 threads

Optimize a model with 150 rows, 150 columns and 1646 nonzeros
Model fingerprint: 0x463f6311
Variable types: 0 continuous, 150 integer (150 binary)
Coefficient statistics:
  Matrix range     [1e+00, 1e+05]
  Objective range  [1e+00, 2e+00]
  Bounds range     [1e+00, 1e+00]
  RHS range        [1e+00, 1e+05]
Found heuristic solution: objective 50.0000000
Presolve removed 0 rows and 50 columns
Presolve time: 0.00s
Presolved: 150 rows, 100 columns, 1596 nonzeros
Variable types: 0 continuous, 100 integer (100 binary)

Root relaxation: objective 6.854273e+00, 177 iterations, 0.00 seconds (0.00 work units)

    Nodes    |    Current Node    |     Objective Bounds      |     Work
 Expl Unexpl |  Obj  Depth IntInf | Incumbent    BestBd   Gap | It/Node Time

     0     0    6.85427    0   60   50.00000    6.85427  86.3%     -    0s
H    0     0                      19.0000000    6.85427  63.9%     -    0s
H    0     0                      18.0000000    6.85427  61.9%     -    0s
     0     0    7.43850    0   52   18.00000    7.43850  58.7%     -    0s
H    0     0                      17.0000000    7.43850  56.2%     -    0s
H    0     0                      16.0000000    7.50466  53.1%     -    0s
     0     0    7.50466    0   56   16.00000    7.50466  53.1%     -    0s
     0     0    7.72656    0   52   16.00000    7.72656  51.7%     -    0s
     0     0    7.75473    0   52   16.00000    7.75473  51.5%     -    0s
H    0     0                      15.0000000    7.99938  46.7%     -    0s
H    0     0                      14.0000000    8.07359  42.3%     -    0s
     0     0    8.07359    0   58   14.00000    8.07359  42.3%     -    0s
     0     0    8.07359    0   58   14.00000    8.07359  42.3%     -    0s
H    0     0                      13.0000000    8.07359  37.9%     -    0s
     0     2    8.07359    0   58   13.00000    8.07359  37.9%     -    0s
*   38    35               7      12.0000000    8.07359  32.7%  29.2    0s
H  297   100                      11.0000000    8.58303  22.0%  18.7    0s

Cutting planes:
  Gomory: 17
  MIR: 3
  Zero half: 31

Explored 547 nodes (9448 simplex iterations) in 0.37 seconds (0.22 work units)
Thread count was 4 (of 4 available processors)

Solution count 10: 11 12 13 ... 50

Optimal solution found (tolerance 1.00e-04)
Best objective 1.100000000000e+01, best bound 1.100000000000e+01, gap 0.0000%

Gurobi 11.0.3 (win64, Java) logging started Tue Mar 18 21:58:03 2025

Set parameter Username
Set parameter LogFile to value "src/main/java/gzhu/yh/logger/ILP_RD12.log"
Academic license - for non-commercial use only - expires 2025-09-02
Gurobi Optimizer version 11.0.3 build v11.0.3rc0 (win64 - Windows 10.0 (19045.2))

CPU model: Intel(R) Core(TM) i5-7300HQ CPU @ 2.50GHz, instruction set [SSE2|AVX|AVX2]
Thread count: 4 physical cores, 4 logical processors, using up to 4 threads

Optimize a model with 150 rows, 150 columns and 1646 nonzeros
Model fingerprint: 0x463f6311
Variable types: 0 continuous, 150 integer (150 binary)
Coefficient statistics:
  Matrix range     [1e+00, 1e+05]
  Objective range  [1e+00, 2e+00]
  Bounds range     [1e+00, 1e+00]
  RHS range        [1e+00, 1e+05]
Found heuristic solution: objective 50.0000000
Presolve removed 0 rows and 50 columns
Presolve time: 0.00s
Presolved: 150 rows, 100 columns, 1596 nonzeros
Variable types: 0 continuous, 100 integer (100 binary)

Root relaxation: objective 6.854273e+00, 177 iterations, 0.00 seconds (0.00 work units)

    Nodes    |    Current Node    |     Objective Bounds      |     Work
 Expl Unexpl |  Obj  Depth IntInf | Incumbent    BestBd   Gap | It/Node Time

     0     0    6.85427    0   60   50.00000    6.85427  86.3%     -    0s
H    0     0                      19.0000000    6.85427  63.9%     -    0s
H    0     0                      18.0000000    6.85427  61.9%     -    0s
     0     0    7.43850    0   52   18.00000    7.43850  58.7%     -    0s
H    0     0                      17.0000000    7.43850  56.2%     -    0s
H    0     0                      16.0000000    7.50466  53.1%     -    0s
     0     0    7.50466    0   56   16.00000    7.50466  53.1%     -    0s
     0     0    7.72656    0   52   16.00000    7.72656  51.7%     -    0s
     0     0    7.75473    0   52   16.00000    7.75473  51.5%     -    0s
H    0     0                      15.0000000    7.99938  46.7%     -    0s
H    0     0                      14.0000000    8.07359  42.3%     -    0s
     0     0    8.07359    0   58   14.00000    8.07359  42.3%     -    0s
     0     0    8.07359    0   58   14.00000    8.07359  42.3%     -    0s
H    0     0                      13.0000000    8.07359  37.9%     -    0s
     0     2    8.07359    0   58   13.00000    8.07359  37.9%     -    0s
*   38    35               7      12.0000000    8.07359  32.7%  29.2    0s
H  297   100                      11.0000000    8.58303  22.0%  18.7    0s

Cutting planes:
  Gomory: 17
  MIR: 3
  Zero half: 31

Explored 547 nodes (9448 simplex iterations) in 0.45 seconds (0.22 work units)
Thread count was 4 (of 4 available processors)

Solution count 10: 11 12 13 ... 50

Optimal solution found (tolerance 1.00e-04)
Best objective 1.100000000000e+01, best bound 1.100000000000e+01, gap 0.0000%

Gurobi 11.0.3 (win64, Java) logging started Tue Mar 18 21:58:03 2025

Set parameter Username
Set parameter LogFile to value "src/main/java/gzhu/yh/logger/ILP_RD12.log"
Academic license - for non-commercial use only - expires 2025-09-02
Gurobi Optimizer version 11.0.3 build v11.0.3rc0 (win64 - Windows 10.0 (19045.2))

CPU model: Intel(R) Core(TM) i5-7300HQ CPU @ 2.50GHz, instruction set [SSE2|AVX|AVX2]
Thread count: 4 physical cores, 4 logical processors, using up to 4 threads

Optimize a model with 150 rows, 150 columns and 1646 nonzeros
Model fingerprint: 0x463f6311
Variable types: 0 continuous, 150 integer (150 binary)
Coefficient statistics:
  Matrix range     [1e+00, 1e+05]
  Objective range  [1e+00, 2e+00]
  Bounds range     [1e+00, 1e+00]
  RHS range        [1e+00, 1e+05]
Found heuristic solution: objective 50.0000000
Presolve removed 0 rows and 50 columns
Presolve time: 0.00s
Presolved: 150 rows, 100 columns, 1596 nonzeros
Variable types: 0 continuous, 100 integer (100 binary)

Root relaxation: objective 6.854273e+00, 177 iterations, 0.00 seconds (0.00 work units)

    Nodes    |    Current Node    |     Objective Bounds      |     Work
 Expl Unexpl |  Obj  Depth IntInf | Incumbent    BestBd   Gap | It/Node Time

     0     0    6.85427    0   60   50.00000    6.85427  86.3%     -    0s
H    0     0                      19.0000000    6.85427  63.9%     -    0s
H    0     0                      18.0000000    6.85427  61.9%     -    0s
     0     0    7.43850    0   52   18.00000    7.43850  58.7%     -    0s
H    0     0                      17.0000000    7.43850  56.2%     -    0s
H    0     0                      16.0000000    7.50466  53.1%     -    0s
     0     0    7.50466    0   56   16.00000    7.50466  53.1%     -    0s
     0     0    7.72656    0   52   16.00000    7.72656  51.7%     -    0s
     0     0    7.75473    0   52   16.00000    7.75473  51.5%     -    0s
H    0     0                      15.0000000    7.99938  46.7%     -    0s
H    0     0                      14.0000000    8.07359  42.3%     -    0s
     0     0    8.07359    0   58   14.00000    8.07359  42.3%     -    0s
     0     0    8.07359    0   58   14.00000    8.07359  42.3%     -    0s
H    0     0                      13.0000000    8.07359  37.9%     -    0s
     0     2    8.07359    0   58   13.00000    8.07359  37.9%     -    0s
*   38    35               7      12.0000000    8.07359  32.7%  29.2    0s
H  297   100                      11.0000000    8.58303  22.0%  18.7    0s

Cutting planes:
  Gomory: 17
  MIR: 3
  Zero half: 31

Explored 547 nodes (9448 simplex iterations) in 0.38 seconds (0.22 work units)
Thread count was 4 (of 4 available processors)

Solution count 10: 11 12 13 ... 50

Optimal solution found (tolerance 1.00e-04)
Best objective 1.100000000000e+01, best bound 1.100000000000e+01, gap 0.0000%

Gurobi 11.0.3 (win64, Java) logging started Tue Mar 18 21:58:04 2025

Set parameter Username
Set parameter LogFile to value "src/main/java/gzhu/yh/logger/ILP_RD12.log"
Academic license - for non-commercial use only - expires 2025-09-02
Gurobi Optimizer version 11.0.3 build v11.0.3rc0 (win64 - Windows 10.0 (19045.2))

CPU model: Intel(R) Core(TM) i5-7300HQ CPU @ 2.50GHz, instruction set [SSE2|AVX|AVX2]
Thread count: 4 physical cores, 4 logical processors, using up to 4 threads

Optimize a model with 150 rows, 150 columns and 1646 nonzeros
Model fingerprint: 0x463f6311
Variable types: 0 continuous, 150 integer (150 binary)
Coefficient statistics:
  Matrix range     [1e+00, 1e+05]
  Objective range  [1e+00, 2e+00]
  Bounds range     [1e+00, 1e+00]
  RHS range        [1e+00, 1e+05]
Found heuristic solution: objective 50.0000000
Presolve removed 0 rows and 50 columns
Presolve time: 0.00s
Presolved: 150 rows, 100 columns, 1596 nonzeros
Variable types: 0 continuous, 100 integer (100 binary)

Root relaxation: objective 6.854273e+00, 177 iterations, 0.00 seconds (0.00 work units)

    Nodes    |    Current Node    |     Objective Bounds      |     Work
 Expl Unexpl |  Obj  Depth IntInf | Incumbent    BestBd   Gap | It/Node Time

     0     0    6.85427    0   60   50.00000    6.85427  86.3%     -    0s
H    0     0                      19.0000000    6.85427  63.9%     -    0s
H    0     0                      18.0000000    6.85427  61.9%     -    0s
     0     0    7.43850    0   52   18.00000    7.43850  58.7%     -    0s
H    0     0                      17.0000000    7.43850  56.2%     -    0s
H    0     0                      16.0000000    7.50466  53.1%     -    0s
     0     0    7.50466    0   56   16.00000    7.50466  53.1%     -    0s
     0     0    7.72656    0   52   16.00000    7.72656  51.7%     -    0s
     0     0    7.75473    0   52   16.00000    7.75473  51.5%     -    0s
H    0     0                      15.0000000    7.99938  46.7%     -    0s
H    0     0                      14.0000000    8.07359  42.3%     -    0s
     0     0    8.07359    0   58   14.00000    8.07359  42.3%     -    0s
     0     0    8.07359    0   58   14.00000    8.07359  42.3%     -    0s
H    0     0                      13.0000000    8.07359  37.9%     -    0s
     0     2    8.07359    0   58   13.00000    8.07359  37.9%     -    0s
*   38    35               7      12.0000000    8.07359  32.7%  29.2    0s
H  297   100                      11.0000000    8.58303  22.0%  18.7    0s

Cutting planes:
  Gomory: 17
  MIR: 3
  Zero half: 31

Explored 547 nodes (9448 simplex iterations) in 0.31 seconds (0.22 work units)
Thread count was 4 (of 4 available processors)

Solution count 10: 11 12 13 ... 50

Optimal solution found (tolerance 1.00e-04)
Best objective 1.100000000000e+01, best bound 1.100000000000e+01, gap 0.0000%

Gurobi 11.0.3 (win64, Java) logging started Tue Mar 18 21:58:04 2025

Set parameter Username
Set parameter LogFile to value "src/main/java/gzhu/yh/logger/ILP_RD12.log"
Academic license - for non-commercial use only - expires 2025-09-02
Gurobi Optimizer version 11.0.3 build v11.0.3rc0 (win64 - Windows 10.0 (19045.2))

CPU model: Intel(R) Core(TM) i5-7300HQ CPU @ 2.50GHz, instruction set [SSE2|AVX|AVX2]
Thread count: 4 physical cores, 4 logical processors, using up to 4 threads

Optimize a model with 150 rows, 150 columns and 1646 nonzeros
Model fingerprint: 0x463f6311
Variable types: 0 continuous, 150 integer (150 binary)
Coefficient statistics:
  Matrix range     [1e+00, 1e+05]
  Objective range  [1e+00, 2e+00]
  Bounds range     [1e+00, 1e+00]
  RHS range        [1e+00, 1e+05]
Found heuristic solution: objective 50.0000000
Presolve removed 0 rows and 50 columns
Presolve time: 0.00s
Presolved: 150 rows, 100 columns, 1596 nonzeros
Variable types: 0 continuous, 100 integer (100 binary)

Root relaxation: objective 6.854273e+00, 177 iterations, 0.00 seconds (0.00 work units)

    Nodes    |    Current Node    |     Objective Bounds      |     Work
 Expl Unexpl |  Obj  Depth IntInf | Incumbent    BestBd   Gap | It/Node Time

     0     0    6.85427    0   60   50.00000    6.85427  86.3%     -    0s
H    0     0                      19.0000000    6.85427  63.9%     -    0s
H    0     0                      18.0000000    6.85427  61.9%     -    0s
     0     0    7.43850    0   52   18.00000    7.43850  58.7%     -    0s
H    0     0                      17.0000000    7.43850  56.2%     -    0s
H    0     0                      16.0000000    7.50466  53.1%     -    0s
     0     0    7.50466    0   56   16.00000    7.50466  53.1%     -    0s
     0     0    7.72656    0   52   16.00000    7.72656  51.7%     -    0s
     0     0    7.75473    0   52   16.00000    7.75473  51.5%     -    0s
H    0     0                      15.0000000    7.99938  46.7%     -    0s
H    0     0                      14.0000000    8.07359  42.3%     -    0s
     0     0    8.07359    0   58   14.00000    8.07359  42.3%     -    0s
     0     0    8.07359    0   58   14.00000    8.07359  42.3%     -    0s
H    0     0                      13.0000000    8.07359  37.9%     -    0s
     0     2    8.07359    0   58   13.00000    8.07359  37.9%     -    0s
*   38    35               7      12.0000000    8.07359  32.7%  29.2    0s
H  297   100                      11.0000000    8.58303  22.0%  18.7    0s

Cutting planes:
  Gomory: 17
  MIR: 3
  Zero half: 31

Explored 547 nodes (9448 simplex iterations) in 0.36 seconds (0.22 work units)
Thread count was 4 (of 4 available processors)

Solution count 10: 11 12 13 ... 50

Optimal solution found (tolerance 1.00e-04)
Best objective 1.100000000000e+01, best bound 1.100000000000e+01, gap 0.0000%

Gurobi 11.0.3 (win64, Java) logging started Tue Mar 18 21:58:04 2025

Set parameter Username
Set parameter LogFile to value "src/main/java/gzhu/yh/logger/ILP_RD12.log"
Academic license - for non-commercial use only - expires 2025-09-02
Gurobi Optimizer version 11.0.3 build v11.0.3rc0 (win64 - Windows 10.0 (19045.2))

CPU model: Intel(R) Core(TM) i5-7300HQ CPU @ 2.50GHz, instruction set [SSE2|AVX|AVX2]
Thread count: 4 physical cores, 4 logical processors, using up to 4 threads

Optimize a model with 150 rows, 150 columns and 1646 nonzeros
Model fingerprint: 0x463f6311
Variable types: 0 continuous, 150 integer (150 binary)
Coefficient statistics:
  Matrix range     [1e+00, 1e+05]
  Objective range  [1e+00, 2e+00]
  Bounds range     [1e+00, 1e+00]
  RHS range        [1e+00, 1e+05]
Found heuristic solution: objective 50.0000000
Presolve removed 0 rows and 50 columns
Presolve time: 0.00s
Presolved: 150 rows, 100 columns, 1596 nonzeros
Variable types: 0 continuous, 100 integer (100 binary)

Root relaxation: objective 6.854273e+00, 177 iterations, 0.00 seconds (0.00 work units)

    Nodes    |    Current Node    |     Objective Bounds      |     Work
 Expl Unexpl |  Obj  Depth IntInf | Incumbent    BestBd   Gap | It/Node Time

     0     0    6.85427    0   60   50.00000    6.85427  86.3%     -    0s
H    0     0                      19.0000000    6.85427  63.9%     -    0s
H    0     0                      18.0000000    6.85427  61.9%     -    0s
     0     0    7.43850    0   52   18.00000    7.43850  58.7%     -    0s
H    0     0                      17.0000000    7.43850  56.2%     -    0s
H    0     0                      16.0000000    7.50466  53.1%     -    0s
     0     0    7.50466    0   56   16.00000    7.50466  53.1%     -    0s
     0     0    7.72656    0   52   16.00000    7.72656  51.7%     -    0s
     0     0    7.75473    0   52   16.00000    7.75473  51.5%     -    0s
H    0     0                      15.0000000    7.99938  46.7%     -    0s
H    0     0                      14.0000000    8.07359  42.3%     -    0s
     0     0    8.07359    0   58   14.00000    8.07359  42.3%     -    0s
     0     0    8.07359    0   58   14.00000    8.07359  42.3%     -    0s
H    0     0                      13.0000000    8.07359  37.9%     -    0s
     0     2    8.07359    0   58   13.00000    8.07359  37.9%     -    0s
*   38    35               7      12.0000000    8.07359  32.7%  29.2    0s
H  297   100                      11.0000000    8.58303  22.0%  18.7    0s

Cutting planes:
  Gomory: 17
  MIR: 3
  Zero half: 31

Explored 547 nodes (9448 simplex iterations) in 0.33 seconds (0.22 work units)
Thread count was 4 (of 4 available processors)

Solution count 10: 11 12 13 ... 50

Optimal solution found (tolerance 1.00e-04)
Best objective 1.100000000000e+01, best bound 1.100000000000e+01, gap 0.0000%

Gurobi 11.0.3 (win64, Java) logging started Tue Mar 18 21:58:05 2025

Set parameter Username
Set parameter LogFile to value "src/main/java/gzhu/yh/logger/ILP_RD12.log"
Academic license - for non-commercial use only - expires 2025-09-02
Gurobi Optimizer version 11.0.3 build v11.0.3rc0 (win64 - Windows 10.0 (19045.2))

CPU model: Intel(R) Core(TM) i5-7300HQ CPU @ 2.50GHz, instruction set [SSE2|AVX|AVX2]
Thread count: 4 physical cores, 4 logical processors, using up to 4 threads

Optimize a model with 150 rows, 150 columns and 1646 nonzeros
Model fingerprint: 0x463f6311
Variable types: 0 continuous, 150 integer (150 binary)
Coefficient statistics:
  Matrix range     [1e+00, 1e+05]
  Objective range  [1e+00, 2e+00]
  Bounds range     [1e+00, 1e+00]
  RHS range        [1e+00, 1e+05]
Found heuristic solution: objective 50.0000000
Presolve removed 0 rows and 50 columns
Presolve time: 0.00s
Presolved: 150 rows, 100 columns, 1596 nonzeros
Variable types: 0 continuous, 100 integer (100 binary)

Root relaxation: objective 6.854273e+00, 177 iterations, 0.00 seconds (0.00 work units)

    Nodes    |    Current Node    |     Objective Bounds      |     Work
 Expl Unexpl |  Obj  Depth IntInf | Incumbent    BestBd   Gap | It/Node Time

     0     0    6.85427    0   60   50.00000    6.85427  86.3%     -    0s
H    0     0                      19.0000000    6.85427  63.9%     -    0s
H    0     0                      18.0000000    6.85427  61.9%     -    0s
     0     0    7.43850    0   52   18.00000    7.43850  58.7%     -    0s
H    0     0                      17.0000000    7.43850  56.2%     -    0s
H    0     0                      16.0000000    7.50466  53.1%     -    0s
     0     0    7.50466    0   56   16.00000    7.50466  53.1%     -    0s
     0     0    7.72656    0   52   16.00000    7.72656  51.7%     -    0s
     0     0    7.75473    0   52   16.00000    7.75473  51.5%     -    0s
H    0     0                      15.0000000    7.99938  46.7%     -    0s
H    0     0                      14.0000000    8.07359  42.3%     -    0s
     0     0    8.07359    0   58   14.00000    8.07359  42.3%     -    0s
     0     0    8.07359    0   58   14.00000    8.07359  42.3%     -    0s
H    0     0                      13.0000000    8.07359  37.9%     -    0s
     0     2    8.07359    0   58   13.00000    8.07359  37.9%     -    0s
*   38    35               7      12.0000000    8.07359  32.7%  29.2    0s
H  297   100                      11.0000000    8.58303  22.0%  18.7    0s

Cutting planes:
  Gomory: 17
  MIR: 3
  Zero half: 31

Explored 547 nodes (9448 simplex iterations) in 0.27 seconds (0.22 work units)
Thread count was 4 (of 4 available processors)

Solution count 10: 11 12 13 ... 50

Optimal solution found (tolerance 1.00e-04)
Best objective 1.100000000000e+01, best bound 1.100000000000e+01, gap 0.0000%

Gurobi 11.0.3 (win64, Java) logging started Tue Mar 18 21:58:05 2025

Set parameter Username
Set parameter LogFile to value "src/main/java/gzhu/yh/logger/ILP_RD12.log"
Academic license - for non-commercial use only - expires 2025-09-02
Gurobi Optimizer version 11.0.3 build v11.0.3rc0 (win64 - Windows 10.0 (19045.2))

CPU model: Intel(R) Core(TM) i5-7300HQ CPU @ 2.50GHz, instruction set [SSE2|AVX|AVX2]
Thread count: 4 physical cores, 4 logical processors, using up to 4 threads

Optimize a model with 150 rows, 150 columns and 1646 nonzeros
Model fingerprint: 0x463f6311
Variable types: 0 continuous, 150 integer (150 binary)
Coefficient statistics:
  Matrix range     [1e+00, 1e+05]
  Objective range  [1e+00, 2e+00]
  Bounds range     [1e+00, 1e+00]
  RHS range        [1e+00, 1e+05]
Found heuristic solution: objective 50.0000000
Presolve removed 0 rows and 50 columns
Presolve time: 0.00s
Presolved: 150 rows, 100 columns, 1596 nonzeros
Variable types: 0 continuous, 100 integer (100 binary)

Root relaxation: objective 6.854273e+00, 177 iterations, 0.00 seconds (0.00 work units)

    Nodes    |    Current Node    |     Objective Bounds      |     Work
 Expl Unexpl |  Obj  Depth IntInf | Incumbent    BestBd   Gap | It/Node Time

     0     0    6.85427    0   60   50.00000    6.85427  86.3%     -    0s
H    0     0                      19.0000000    6.85427  63.9%     -    0s
H    0     0                      18.0000000    6.85427  61.9%     -    0s
     0     0    7.43850    0   52   18.00000    7.43850  58.7%     -    0s
H    0     0                      17.0000000    7.43850  56.2%     -    0s
H    0     0                      16.0000000    7.50466  53.1%     -    0s
     0     0    7.50466    0   56   16.00000    7.50466  53.1%     -    0s
     0     0    7.72656    0   52   16.00000    7.72656  51.7%     -    0s
     0     0    7.75473    0   52   16.00000    7.75473  51.5%     -    0s
H    0     0                      15.0000000    7.99938  46.7%     -    0s
H    0     0                      14.0000000    8.07359  42.3%     -    0s
     0     0    8.07359    0   58   14.00000    8.07359  42.3%     -    0s
     0     0    8.07359    0   58   14.00000    8.07359  42.3%     -    0s
H    0     0                      13.0000000    8.07359  37.9%     -    0s
     0     2    8.07359    0   58   13.00000    8.07359  37.9%     -    0s
*   38    35               7      12.0000000    8.07359  32.7%  29.2    0s
H  297   100                      11.0000000    8.58303  22.0%  18.7    0s

Cutting planes:
  Gomory: 17
  MIR: 3
  Zero half: 31

Explored 547 nodes (9448 simplex iterations) in 0.32 seconds (0.22 work units)
Thread count was 4 (of 4 available processors)

Solution count 10: 11 12 13 ... 50

Optimal solution found (tolerance 1.00e-04)
Best objective 1.100000000000e+01, best bound 1.100000000000e+01, gap 0.0000%

Gurobi 11.0.3 (win64, Java) logging started Tue Mar 18 21:58:05 2025

Set parameter Username
Set parameter LogFile to value "src/main/java/gzhu/yh/logger/ILP_RD12.log"
Academic license - for non-commercial use only - expires 2025-09-02
Gurobi Optimizer version 11.0.3 build v11.0.3rc0 (win64 - Windows 10.0 (19045.2))

CPU model: Intel(R) Core(TM) i5-7300HQ CPU @ 2.50GHz, instruction set [SSE2|AVX|AVX2]
Thread count: 4 physical cores, 4 logical processors, using up to 4 threads

Optimize a model with 150 rows, 150 columns and 1646 nonzeros
Model fingerprint: 0x463f6311
Variable types: 0 continuous, 150 integer (150 binary)
Coefficient statistics:
  Matrix range     [1e+00, 1e+05]
  Objective range  [1e+00, 2e+00]
  Bounds range     [1e+00, 1e+00]
  RHS range        [1e+00, 1e+05]
Found heuristic solution: objective 50.0000000
Presolve removed 0 rows and 50 columns
Presolve time: 0.00s
Presolved: 150 rows, 100 columns, 1596 nonzeros
Variable types: 0 continuous, 100 integer (100 binary)

Root relaxation: objective 6.854273e+00, 177 iterations, 0.00 seconds (0.00 work units)

    Nodes    |    Current Node    |     Objective Bounds      |     Work
 Expl Unexpl |  Obj  Depth IntInf | Incumbent    BestBd   Gap | It/Node Time

     0     0    6.85427    0   60   50.00000    6.85427  86.3%     -    0s
H    0     0                      19.0000000    6.85427  63.9%     -    0s
H    0     0                      18.0000000    6.85427  61.9%     -    0s
     0     0    7.43850    0   52   18.00000    7.43850  58.7%     -    0s
H    0     0                      17.0000000    7.43850  56.2%     -    0s
H    0     0                      16.0000000    7.50466  53.1%     -    0s
     0     0    7.50466    0   56   16.00000    7.50466  53.1%     -    0s
     0     0    7.72656    0   52   16.00000    7.72656  51.7%     -    0s
     0     0    7.75473    0   52   16.00000    7.75473  51.5%     -    0s
H    0     0                      15.0000000    7.99938  46.7%     -    0s
H    0     0                      14.0000000    8.07359  42.3%     -    0s
     0     0    8.07359    0   58   14.00000    8.07359  42.3%     -    0s
     0     0    8.07359    0   58   14.00000    8.07359  42.3%     -    0s
H    0     0                      13.0000000    8.07359  37.9%     -    0s
     0     2    8.07359    0   58   13.00000    8.07359  37.9%     -    0s
*   38    35               7      12.0000000    8.07359  32.7%  29.2    0s
H  297   100                      11.0000000    8.58303  22.0%  18.7    0s

Cutting planes:
  Gomory: 17
  MIR: 3
  Zero half: 31

Explored 547 nodes (9448 simplex iterations) in 0.31 seconds (0.22 work units)
Thread count was 4 (of 4 available processors)

Solution count 10: 11 12 13 ... 50

Optimal solution found (tolerance 1.00e-04)
Best objective 1.100000000000e+01, best bound 1.100000000000e+01, gap 0.0000%

Gurobi 11.0.3 (win64, Java) logging started Tue Mar 18 21:58:06 2025

Set parameter Username
Set parameter LogFile to value "src/main/java/gzhu/yh/logger/ILP_RD12.log"
Academic license - for non-commercial use only - expires 2025-09-02
Gurobi Optimizer version 11.0.3 build v11.0.3rc0 (win64 - Windows 10.0 (19045.2))

CPU model: Intel(R) Core(TM) i5-7300HQ CPU @ 2.50GHz, instruction set [SSE2|AVX|AVX2]
Thread count: 4 physical cores, 4 logical processors, using up to 4 threads

Optimize a model with 150 rows, 150 columns and 1646 nonzeros
Model fingerprint: 0x463f6311
Variable types: 0 continuous, 150 integer (150 binary)
Coefficient statistics:
  Matrix range     [1e+00, 1e+05]
  Objective range  [1e+00, 2e+00]
  Bounds range     [1e+00, 1e+00]
  RHS range        [1e+00, 1e+05]
Found heuristic solution: objective 50.0000000
Presolve removed 0 rows and 50 columns
Presolve time: 0.00s
Presolved: 150 rows, 100 columns, 1596 nonzeros
Variable types: 0 continuous, 100 integer (100 binary)

Root relaxation: objective 6.854273e+00, 177 iterations, 0.00 seconds (0.00 work units)

    Nodes    |    Current Node    |     Objective Bounds      |     Work
 Expl Unexpl |  Obj  Depth IntInf | Incumbent    BestBd   Gap | It/Node Time

     0     0    6.85427    0   60   50.00000    6.85427  86.3%     -    0s
H    0     0                      19.0000000    6.85427  63.9%     -    0s
H    0     0                      18.0000000    6.85427  61.9%     -    0s
     0     0    7.43850    0   52   18.00000    7.43850  58.7%     -    0s
H    0     0                      17.0000000    7.43850  56.2%     -    0s
H    0     0                      16.0000000    7.50466  53.1%     -    0s
     0     0    7.50466    0   56   16.00000    7.50466  53.1%     -    0s
     0     0    7.72656    0   52   16.00000    7.72656  51.7%     -    0s
     0     0    7.75473    0   52   16.00000    7.75473  51.5%     -    0s
H    0     0                      15.0000000    7.99938  46.7%     -    0s
H    0     0                      14.0000000    8.07359  42.3%     -    0s
     0     0    8.07359    0   58   14.00000    8.07359  42.3%     -    0s
     0     0    8.07359    0   58   14.00000    8.07359  42.3%     -    0s
H    0     0                      13.0000000    8.07359  37.9%     -    0s
     0     2    8.07359    0   58   13.00000    8.07359  37.9%     -    0s
*   38    35               7      12.0000000    8.07359  32.7%  29.2    0s
H  297   100                      11.0000000    8.58303  22.0%  18.7    0s

Cutting planes:
  Gomory: 17
  MIR: 3
  Zero half: 31

Explored 547 nodes (9448 simplex iterations) in 0.32 seconds (0.22 work units)
Thread count was 4 (of 4 available processors)

Solution count 10: 11 12 13 ... 50

Optimal solution found (tolerance 1.00e-04)
Best objective 1.100000000000e+01, best bound 1.100000000000e+01, gap 0.0000%

Gurobi 11.0.3 (win64, Java) logging started Tue Mar 18 22:21:49 2025

Set parameter Username
Set parameter LogFile to value "src/main/java/gzhu/yh/logger/ILP_RD12.log"
Academic license - for non-commercial use only - expires 2025-09-02
Gurobi Optimizer version 11.0.3 build v11.0.3rc0 (win64 - Windows 10.0 (19045.2))

CPU model: Intel(R) Core(TM) i5-7300HQ CPU @ 2.50GHz, instruction set [SSE2|AVX|AVX2]
Thread count: 4 physical cores, 4 logical processors, using up to 4 threads

Optimize a model with 150 rows, 150 columns and 1610 nonzeros
Model fingerprint: 0x1a423cb6
Variable types: 0 continuous, 150 integer (150 binary)
Coefficient statistics:
  Matrix range     [1e+00, 1e+05]
  Objective range  [1e+00, 2e+00]
  Bounds range     [1e+00, 1e+00]
  RHS range        [1e+00, 1e+05]
Found heuristic solution: objective 50.0000000
Presolve removed 0 rows and 50 columns
Presolve time: 0.00s
Presolved: 150 rows, 100 columns, 1560 nonzeros
Variable types: 0 continuous, 100 integer (100 binary)

Root relaxation: objective 7.194701e+00, 182 iterations, 0.00 seconds (0.00 work units)

    Nodes    |    Current Node    |     Objective Bounds      |     Work
 Expl Unexpl |  Obj  Depth IntInf | Incumbent    BestBd   Gap | It/Node Time

     0     0    7.19470    0   54   50.00000    7.19470  85.6%     -    0s
H    0     0                      20.0000000    7.19470  64.0%     -    0s
H    0     0                      18.0000000    7.19470  60.0%     -    0s
H    0     0                      17.0000000    7.19470  57.7%     -    0s
     0     0    7.80654    0   56   17.00000    7.80654  54.1%     -    0s
H    0     0                      16.0000000    8.05527  49.7%     -    0s
H    0     0                      14.0000000    8.05527  42.5%     -    0s
H    0     0                      11.0000000    8.05527  26.8%     -    0s
     0     0    8.05527    0   52   11.00000    8.05527  26.8%     -    0s
     0     0    8.23362    0   52   11.00000    8.23362  25.1%     -    0s
     0     0    8.34312    0   54   11.00000    8.34312  24.2%     -    0s
     0     0    8.57333    0   44   11.00000    8.57333  22.1%     -    0s
     0     0    8.59501    0   50   11.00000    8.59501  21.9%     -    0s
     0     0    8.88059    0   54   11.00000    8.88059  19.3%     -    0s
     0     0    8.89247    0   54   11.00000    8.89247  19.2%     -    0s
     0     2    8.89247    0   54   11.00000    8.89247  19.2%     -    0s

Cutting planes:
  Gomory: 2
  MIR: 2
  Zero half: 5

Explored 159 nodes (3545 simplex iterations) in 0.18 seconds (0.11 work units)
Thread count was 4 (of 4 available processors)

Solution count 7: 11 14 16 ... 50

Optimal solution found (tolerance 1.00e-04)
Best objective 1.100000000000e+01, best bound 1.100000000000e+01, gap 0.0000%

Gurobi 11.0.3 (win64, Java) logging started Tue Mar 18 22:21:50 2025

Set parameter Username
Set parameter LogFile to value "src/main/java/gzhu/yh/logger/ILP_RD12.log"
Academic license - for non-commercial use only - expires 2025-09-02
Gurobi Optimizer version 11.0.3 build v11.0.3rc0 (win64 - Windows 10.0 (19045.2))

CPU model: Intel(R) Core(TM) i5-7300HQ CPU @ 2.50GHz, instruction set [SSE2|AVX|AVX2]
Thread count: 4 physical cores, 4 logical processors, using up to 4 threads

Optimize a model with 150 rows, 150 columns and 1610 nonzeros
Model fingerprint: 0x1a423cb6
Variable types: 0 continuous, 150 integer (150 binary)
Coefficient statistics:
  Matrix range     [1e+00, 1e+05]
  Objective range  [1e+00, 2e+00]
  Bounds range     [1e+00, 1e+00]
  RHS range        [1e+00, 1e+05]
Found heuristic solution: objective 50.0000000
Presolve removed 0 rows and 50 columns
Presolve time: 0.00s
Presolved: 150 rows, 100 columns, 1560 nonzeros
Variable types: 0 continuous, 100 integer (100 binary)

Root relaxation: objective 7.194701e+00, 182 iterations, 0.01 seconds (0.00 work units)

    Nodes    |    Current Node    |     Objective Bounds      |     Work
 Expl Unexpl |  Obj  Depth IntInf | Incumbent    BestBd   Gap | It/Node Time

     0     0    7.19470    0   54   50.00000    7.19470  85.6%     -    0s
H    0     0                      20.0000000    7.19470  64.0%     -    0s
H    0     0                      18.0000000    7.19470  60.0%     -    0s
H    0     0                      17.0000000    7.19470  57.7%     -    0s
     0     0    7.80654    0   56   17.00000    7.80654  54.1%     -    0s
H    0     0                      16.0000000    8.05527  49.7%     -    0s
H    0     0                      14.0000000    8.05527  42.5%     -    0s
H    0     0                      11.0000000    8.05527  26.8%     -    0s
     0     0    8.05527    0   52   11.00000    8.05527  26.8%     -    0s
     0     0    8.23362    0   52   11.00000    8.23362  25.1%     -    0s
     0     0    8.34312    0   54   11.00000    8.34312  24.2%     -    0s
     0     0    8.57333    0   44   11.00000    8.57333  22.1%     -    0s
     0     0    8.59501    0   50   11.00000    8.59501  21.9%     -    0s
     0     0    8.88059    0   54   11.00000    8.88059  19.3%     -    0s
     0     0    8.89247    0   54   11.00000    8.89247  19.2%     -    0s
     0     2    8.89247    0   54   11.00000    8.89247  19.2%     -    0s

Cutting planes:
  Gomory: 2
  MIR: 2
  Zero half: 5

Explored 159 nodes (3545 simplex iterations) in 0.25 seconds (0.11 work units)
Thread count was 4 (of 4 available processors)

Solution count 7: 11 14 16 ... 50

Optimal solution found (tolerance 1.00e-04)
Best objective 1.100000000000e+01, best bound 1.100000000000e+01, gap 0.0000%

Gurobi 11.0.3 (win64, Java) logging started Tue Mar 18 22:21:50 2025

Set parameter Username
Set parameter LogFile to value "src/main/java/gzhu/yh/logger/ILP_RD12.log"
Academic license - for non-commercial use only - expires 2025-09-02
Gurobi Optimizer version 11.0.3 build v11.0.3rc0 (win64 - Windows 10.0 (19045.2))

CPU model: Intel(R) Core(TM) i5-7300HQ CPU @ 2.50GHz, instruction set [SSE2|AVX|AVX2]
Thread count: 4 physical cores, 4 logical processors, using up to 4 threads

Optimize a model with 150 rows, 150 columns and 1610 nonzeros
Model fingerprint: 0x1a423cb6
Variable types: 0 continuous, 150 integer (150 binary)
Coefficient statistics:
  Matrix range     [1e+00, 1e+05]
  Objective range  [1e+00, 2e+00]
  Bounds range     [1e+00, 1e+00]
  RHS range        [1e+00, 1e+05]
Found heuristic solution: objective 50.0000000
Presolve removed 0 rows and 50 columns
Presolve time: 0.00s
Presolved: 150 rows, 100 columns, 1560 nonzeros
Variable types: 0 continuous, 100 integer (100 binary)

Root relaxation: objective 7.194701e+00, 182 iterations, 0.00 seconds (0.00 work units)

    Nodes    |    Current Node    |     Objective Bounds      |     Work
 Expl Unexpl |  Obj  Depth IntInf | Incumbent    BestBd   Gap | It/Node Time

     0     0    7.19470    0   54   50.00000    7.19470  85.6%     -    0s
H    0     0                      20.0000000    7.19470  64.0%     -    0s
H    0     0                      18.0000000    7.19470  60.0%     -    0s
H    0     0                      17.0000000    7.19470  57.7%     -    0s
     0     0    7.80654    0   56   17.00000    7.80654  54.1%     -    0s
H    0     0                      16.0000000    8.05527  49.7%     -    0s
H    0     0                      14.0000000    8.05527  42.5%     -    0s
H    0     0                      11.0000000    8.05527  26.8%     -    0s
     0     0    8.05527    0   52   11.00000    8.05527  26.8%     -    0s
     0     0    8.23362    0   52   11.00000    8.23362  25.1%     -    0s
     0     0    8.34312    0   54   11.00000    8.34312  24.2%     -    0s
     0     0    8.57333    0   44   11.00000    8.57333  22.1%     -    0s
     0     0    8.59501    0   50   11.00000    8.59501  21.9%     -    0s
     0     0    8.88059    0   54   11.00000    8.88059  19.3%     -    0s
     0     0    8.89247    0   54   11.00000    8.89247  19.2%     -    0s
     0     2    8.89247    0   54   11.00000    8.89247  19.2%     -    0s

Cutting planes:
  Gomory: 2
  MIR: 2
  Zero half: 5

Explored 159 nodes (3545 simplex iterations) in 0.22 seconds (0.11 work units)
Thread count was 4 (of 4 available processors)

Solution count 7: 11 14 16 ... 50

Optimal solution found (tolerance 1.00e-04)
Best objective 1.100000000000e+01, best bound 1.100000000000e+01, gap 0.0000%

Gurobi 11.0.3 (win64, Java) logging started Tue Mar 18 22:21:50 2025

Set parameter Username
Set parameter LogFile to value "src/main/java/gzhu/yh/logger/ILP_RD12.log"
Academic license - for non-commercial use only - expires 2025-09-02
Gurobi Optimizer version 11.0.3 build v11.0.3rc0 (win64 - Windows 10.0 (19045.2))

CPU model: Intel(R) Core(TM) i5-7300HQ CPU @ 2.50GHz, instruction set [SSE2|AVX|AVX2]
Thread count: 4 physical cores, 4 logical processors, using up to 4 threads

Optimize a model with 150 rows, 150 columns and 1610 nonzeros
Model fingerprint: 0x1a423cb6
Variable types: 0 continuous, 150 integer (150 binary)
Coefficient statistics:
  Matrix range     [1e+00, 1e+05]
  Objective range  [1e+00, 2e+00]
  Bounds range     [1e+00, 1e+00]
  RHS range        [1e+00, 1e+05]
Found heuristic solution: objective 50.0000000
Presolve removed 0 rows and 50 columns
Presolve time: 0.00s
Presolved: 150 rows, 100 columns, 1560 nonzeros
Variable types: 0 continuous, 100 integer (100 binary)

Root relaxation: objective 7.194701e+00, 182 iterations, 0.01 seconds (0.00 work units)

    Nodes    |    Current Node    |     Objective Bounds      |     Work
 Expl Unexpl |  Obj  Depth IntInf | Incumbent    BestBd   Gap | It/Node Time

     0     0    7.19470    0   54   50.00000    7.19470  85.6%     -    0s
H    0     0                      20.0000000    7.19470  64.0%     -    0s
H    0     0                      18.0000000    7.19470  60.0%     -    0s
H    0     0                      17.0000000    7.19470  57.7%     -    0s
     0     0    7.80654    0   56   17.00000    7.80654  54.1%     -    0s
H    0     0                      16.0000000    8.05527  49.7%     -    0s
H    0     0                      14.0000000    8.05527  42.5%     -    0s
H    0     0                      11.0000000    8.05527  26.8%     -    0s
     0     0    8.05527    0   52   11.00000    8.05527  26.8%     -    0s
     0     0    8.23362    0   52   11.00000    8.23362  25.1%     -    0s
     0     0    8.34312    0   54   11.00000    8.34312  24.2%     -    0s
     0     0    8.57333    0   44   11.00000    8.57333  22.1%     -    0s
     0     0    8.59501    0   50   11.00000    8.59501  21.9%     -    0s
     0     0    8.88059    0   54   11.00000    8.88059  19.3%     -    0s
     0     0    8.89247    0   54   11.00000    8.89247  19.2%     -    0s
     0     2    8.89247    0   54   11.00000    8.89247  19.2%     -    0s

Cutting planes:
  Gomory: 2
  MIR: 2
  Zero half: 5

Explored 159 nodes (3545 simplex iterations) in 0.27 seconds (0.11 work units)
Thread count was 4 (of 4 available processors)

Solution count 7: 11 14 16 ... 50

Optimal solution found (tolerance 1.00e-04)
Best objective 1.100000000000e+01, best bound 1.100000000000e+01, gap 0.0000%

Gurobi 11.0.3 (win64, Java) logging started Tue Mar 18 22:21:50 2025

Set parameter Username
Set parameter LogFile to value "src/main/java/gzhu/yh/logger/ILP_RD12.log"
Academic license - for non-commercial use only - expires 2025-09-02
Gurobi Optimizer version 11.0.3 build v11.0.3rc0 (win64 - Windows 10.0 (19045.2))

CPU model: Intel(R) Core(TM) i5-7300HQ CPU @ 2.50GHz, instruction set [SSE2|AVX|AVX2]
Thread count: 4 physical cores, 4 logical processors, using up to 4 threads

Optimize a model with 150 rows, 150 columns and 1610 nonzeros
Model fingerprint: 0x1a423cb6
Variable types: 0 continuous, 150 integer (150 binary)
Coefficient statistics:
  Matrix range     [1e+00, 1e+05]
  Objective range  [1e+00, 2e+00]
  Bounds range     [1e+00, 1e+00]
  RHS range        [1e+00, 1e+05]
Found heuristic solution: objective 50.0000000
Presolve removed 0 rows and 50 columns
Presolve time: 0.00s
Presolved: 150 rows, 100 columns, 1560 nonzeros
Variable types: 0 continuous, 100 integer (100 binary)

Root relaxation: objective 7.194701e+00, 182 iterations, 0.00 seconds (0.00 work units)

    Nodes    |    Current Node    |     Objective Bounds      |     Work
 Expl Unexpl |  Obj  Depth IntInf | Incumbent    BestBd   Gap | It/Node Time

     0     0    7.19470    0   54   50.00000    7.19470  85.6%     -    0s
H    0     0                      20.0000000    7.19470  64.0%     -    0s
H    0     0                      18.0000000    7.19470  60.0%     -    0s
H    0     0                      17.0000000    7.19470  57.7%     -    0s
     0     0    7.80654    0   56   17.00000    7.80654  54.1%     -    0s
H    0     0                      16.0000000    8.05527  49.7%     -    0s
H    0     0                      14.0000000    8.05527  42.5%     -    0s
H    0     0                      11.0000000    8.05527  26.8%     -    0s
     0     0    8.05527    0   52   11.00000    8.05527  26.8%     -    0s
     0     0    8.23362    0   52   11.00000    8.23362  25.1%     -    0s
     0     0    8.34312    0   54   11.00000    8.34312  24.2%     -    0s
     0     0    8.57333    0   44   11.00000    8.57333  22.1%     -    0s
     0     0    8.59501    0   50   11.00000    8.59501  21.9%     -    0s
     0     0    8.88059    0   54   11.00000    8.88059  19.3%     -    0s
     0     0    8.89247    0   54   11.00000    8.89247  19.2%     -    0s
     0     2    8.89247    0   54   11.00000    8.89247  19.2%     -    0s

Cutting planes:
  Gomory: 2
  MIR: 2
  Zero half: 5

Explored 159 nodes (3545 simplex iterations) in 0.40 seconds (0.11 work units)
Thread count was 4 (of 4 available processors)

Solution count 7: 11 14 16 ... 50

Optimal solution found (tolerance 1.00e-04)
Best objective 1.100000000000e+01, best bound 1.100000000000e+01, gap 0.0000%

Gurobi 11.0.3 (win64, Java) logging started Tue Mar 18 22:21:51 2025

Set parameter Username
Set parameter LogFile to value "src/main/java/gzhu/yh/logger/ILP_RD12.log"
Academic license - for non-commercial use only - expires 2025-09-02
Gurobi Optimizer version 11.0.3 build v11.0.3rc0 (win64 - Windows 10.0 (19045.2))

CPU model: Intel(R) Core(TM) i5-7300HQ CPU @ 2.50GHz, instruction set [SSE2|AVX|AVX2]
Thread count: 4 physical cores, 4 logical processors, using up to 4 threads

Optimize a model with 150 rows, 150 columns and 1610 nonzeros
Model fingerprint: 0x1a423cb6
Variable types: 0 continuous, 150 integer (150 binary)
Coefficient statistics:
  Matrix range     [1e+00, 1e+05]
  Objective range  [1e+00, 2e+00]
  Bounds range     [1e+00, 1e+00]
  RHS range        [1e+00, 1e+05]
Found heuristic solution: objective 50.0000000
Presolve removed 0 rows and 50 columns
Presolve time: 0.00s
Presolved: 150 rows, 100 columns, 1560 nonzeros
Variable types: 0 continuous, 100 integer (100 binary)

Root relaxation: objective 7.194701e+00, 182 iterations, 0.00 seconds (0.00 work units)

    Nodes    |    Current Node    |     Objective Bounds      |     Work
 Expl Unexpl |  Obj  Depth IntInf | Incumbent    BestBd   Gap | It/Node Time

     0     0    7.19470    0   54   50.00000    7.19470  85.6%     -    0s
H    0     0                      20.0000000    7.19470  64.0%     -    0s
H    0     0                      18.0000000    7.19470  60.0%     -    0s
H    0     0                      17.0000000    7.19470  57.7%     -    0s
     0     0    7.80654    0   56   17.00000    7.80654  54.1%     -    0s
H    0     0                      16.0000000    8.05527  49.7%     -    0s
H    0     0                      14.0000000    8.05527  42.5%     -    0s
H    0     0                      11.0000000    8.05527  26.8%     -    0s
     0     0    8.05527    0   52   11.00000    8.05527  26.8%     -    0s
     0     0    8.23362    0   52   11.00000    8.23362  25.1%     -    0s
     0     0    8.34312    0   54   11.00000    8.34312  24.2%     -    0s
     0     0    8.57333    0   44   11.00000    8.57333  22.1%     -    0s
     0     0    8.59501    0   50   11.00000    8.59501  21.9%     -    0s
     0     0    8.88059    0   54   11.00000    8.88059  19.3%     -    0s
     0     0    8.89247    0   54   11.00000    8.89247  19.2%     -    0s
     0     2    8.89247    0   54   11.00000    8.89247  19.2%     -    0s

Cutting planes:
  Gomory: 2
  MIR: 2
  Zero half: 5

Explored 159 nodes (3545 simplex iterations) in 0.20 seconds (0.11 work units)
Thread count was 4 (of 4 available processors)

Solution count 7: 11 14 16 ... 50

Optimal solution found (tolerance 1.00e-04)
Best objective 1.100000000000e+01, best bound 1.100000000000e+01, gap 0.0000%

Gurobi 11.0.3 (win64, Java) logging started Tue Mar 18 22:21:51 2025

Set parameter Username
Set parameter LogFile to value "src/main/java/gzhu/yh/logger/ILP_RD12.log"
Academic license - for non-commercial use only - expires 2025-09-02
Gurobi Optimizer version 11.0.3 build v11.0.3rc0 (win64 - Windows 10.0 (19045.2))

CPU model: Intel(R) Core(TM) i5-7300HQ CPU @ 2.50GHz, instruction set [SSE2|AVX|AVX2]
Thread count: 4 physical cores, 4 logical processors, using up to 4 threads

Optimize a model with 150 rows, 150 columns and 1610 nonzeros
Model fingerprint: 0x1a423cb6
Variable types: 0 continuous, 150 integer (150 binary)
Coefficient statistics:
  Matrix range     [1e+00, 1e+05]
  Objective range  [1e+00, 2e+00]
  Bounds range     [1e+00, 1e+00]
  RHS range        [1e+00, 1e+05]
Found heuristic solution: objective 50.0000000
Presolve removed 0 rows and 50 columns
Presolve time: 0.00s
Presolved: 150 rows, 100 columns, 1560 nonzeros
Variable types: 0 continuous, 100 integer (100 binary)

Root relaxation: objective 7.194701e+00, 182 iterations, 0.00 seconds (0.00 work units)

    Nodes    |    Current Node    |     Objective Bounds      |     Work
 Expl Unexpl |  Obj  Depth IntInf | Incumbent    BestBd   Gap | It/Node Time

     0     0    7.19470    0   54   50.00000    7.19470  85.6%     -    0s
H    0     0                      20.0000000    7.19470  64.0%     -    0s
H    0     0                      18.0000000    7.19470  60.0%     -    0s
H    0     0                      17.0000000    7.19470  57.7%     -    0s
     0     0    7.80654    0   56   17.00000    7.80654  54.1%     -    0s
H    0     0                      16.0000000    8.05527  49.7%     -    0s
H    0     0                      14.0000000    8.05527  42.5%     -    0s
H    0     0                      11.0000000    8.05527  26.8%     -    0s
     0     0    8.05527    0   52   11.00000    8.05527  26.8%     -    0s
     0     0    8.23362    0   52   11.00000    8.23362  25.1%     -    0s
     0     0    8.34312    0   54   11.00000    8.34312  24.2%     -    0s
     0     0    8.57333    0   44   11.00000    8.57333  22.1%     -    0s
     0     0    8.59501    0   50   11.00000    8.59501  21.9%     -    0s
     0     0    8.88059    0   54   11.00000    8.88059  19.3%     -    0s
     0     0    8.89247    0   54   11.00000    8.89247  19.2%     -    0s
     0     2    8.89247    0   54   11.00000    8.89247  19.2%     -    0s

Cutting planes:
  Gomory: 2
  MIR: 2
  Zero half: 5

Explored 159 nodes (3545 simplex iterations) in 0.26 seconds (0.11 work units)
Thread count was 4 (of 4 available processors)

Solution count 7: 11 14 16 ... 50

Optimal solution found (tolerance 1.00e-04)
Best objective 1.100000000000e+01, best bound 1.100000000000e+01, gap 0.0000%

Gurobi 11.0.3 (win64, Java) logging started Tue Mar 18 22:21:51 2025

Set parameter Username
Set parameter LogFile to value "src/main/java/gzhu/yh/logger/ILP_RD12.log"
Academic license - for non-commercial use only - expires 2025-09-02
Gurobi Optimizer version 11.0.3 build v11.0.3rc0 (win64 - Windows 10.0 (19045.2))

CPU model: Intel(R) Core(TM) i5-7300HQ CPU @ 2.50GHz, instruction set [SSE2|AVX|AVX2]
Thread count: 4 physical cores, 4 logical processors, using up to 4 threads

Optimize a model with 150 rows, 150 columns and 1610 nonzeros
Model fingerprint: 0x1a423cb6
Variable types: 0 continuous, 150 integer (150 binary)
Coefficient statistics:
  Matrix range     [1e+00, 1e+05]
  Objective range  [1e+00, 2e+00]
  Bounds range     [1e+00, 1e+00]
  RHS range        [1e+00, 1e+05]
Found heuristic solution: objective 50.0000000
Presolve removed 0 rows and 50 columns
Presolve time: 0.00s
Presolved: 150 rows, 100 columns, 1560 nonzeros
Variable types: 0 continuous, 100 integer (100 binary)

Root relaxation: objective 7.194701e+00, 182 iterations, 0.00 seconds (0.00 work units)

    Nodes    |    Current Node    |     Objective Bounds      |     Work
 Expl Unexpl |  Obj  Depth IntInf | Incumbent    BestBd   Gap | It/Node Time

     0     0    7.19470    0   54   50.00000    7.19470  85.6%     -    0s
H    0     0                      20.0000000    7.19470  64.0%     -    0s
H    0     0                      18.0000000    7.19470  60.0%     -    0s
H    0     0                      17.0000000    7.19470  57.7%     -    0s
     0     0    7.80654    0   56   17.00000    7.80654  54.1%     -    0s
H    0     0                      16.0000000    8.05527  49.7%     -    0s
H    0     0                      14.0000000    8.05527  42.5%     -    0s
H    0     0                      11.0000000    8.05527  26.8%     -    0s
     0     0    8.05527    0   52   11.00000    8.05527  26.8%     -    0s
     0     0    8.23362    0   52   11.00000    8.23362  25.1%     -    0s
     0     0    8.34312    0   54   11.00000    8.34312  24.2%     -    0s
     0     0    8.57333    0   44   11.00000    8.57333  22.1%     -    0s
     0     0    8.59501    0   50   11.00000    8.59501  21.9%     -    0s
     0     0    8.88059    0   54   11.00000    8.88059  19.3%     -    0s
     0     0    8.89247    0   54   11.00000    8.89247  19.2%     -    0s
     0     2    8.89247    0   54   11.00000    8.89247  19.2%     -    0s

Cutting planes:
  Gomory: 2
  MIR: 2
  Zero half: 5

Explored 159 nodes (3545 simplex iterations) in 0.22 seconds (0.11 work units)
Thread count was 4 (of 4 available processors)

Solution count 7: 11 14 16 ... 50

Optimal solution found (tolerance 1.00e-04)
Best objective 1.100000000000e+01, best bound 1.100000000000e+01, gap 0.0000%

Gurobi 11.0.3 (win64, Java) logging started Tue Mar 18 22:21:52 2025

Set parameter Username
Set parameter LogFile to value "src/main/java/gzhu/yh/logger/ILP_RD12.log"
Academic license - for non-commercial use only - expires 2025-09-02
Gurobi Optimizer version 11.0.3 build v11.0.3rc0 (win64 - Windows 10.0 (19045.2))

CPU model: Intel(R) Core(TM) i5-7300HQ CPU @ 2.50GHz, instruction set [SSE2|AVX|AVX2]
Thread count: 4 physical cores, 4 logical processors, using up to 4 threads

Optimize a model with 150 rows, 150 columns and 1610 nonzeros
Model fingerprint: 0x1a423cb6
Variable types: 0 continuous, 150 integer (150 binary)
Coefficient statistics:
  Matrix range     [1e+00, 1e+05]
  Objective range  [1e+00, 2e+00]
  Bounds range     [1e+00, 1e+00]
  RHS range        [1e+00, 1e+05]
Found heuristic solution: objective 50.0000000
Presolve removed 0 rows and 50 columns
Presolve time: 0.00s
Presolved: 150 rows, 100 columns, 1560 nonzeros
Variable types: 0 continuous, 100 integer (100 binary)

Root relaxation: objective 7.194701e+00, 182 iterations, 0.00 seconds (0.00 work units)

    Nodes    |    Current Node    |     Objective Bounds      |     Work
 Expl Unexpl |  Obj  Depth IntInf | Incumbent    BestBd   Gap | It/Node Time

     0     0    7.19470    0   54   50.00000    7.19470  85.6%     -    0s
H    0     0                      20.0000000    7.19470  64.0%     -    0s
H    0     0                      18.0000000    7.19470  60.0%     -    0s
H    0     0                      17.0000000    7.19470  57.7%     -    0s
     0     0    7.80654    0   56   17.00000    7.80654  54.1%     -    0s
H    0     0                      16.0000000    8.05527  49.7%     -    0s
H    0     0                      14.0000000    8.05527  42.5%     -    0s
H    0     0                      11.0000000    8.05527  26.8%     -    0s
     0     0    8.05527    0   52   11.00000    8.05527  26.8%     -    0s
     0     0    8.23362    0   52   11.00000    8.23362  25.1%     -    0s
     0     0    8.34312    0   54   11.00000    8.34312  24.2%     -    0s
     0     0    8.57333    0   44   11.00000    8.57333  22.1%     -    0s
     0     0    8.59501    0   50   11.00000    8.59501  21.9%     -    0s
     0     0    8.88059    0   54   11.00000    8.88059  19.3%     -    0s
     0     0    8.89247    0   54   11.00000    8.89247  19.2%     -    0s
     0     2    8.89247    0   54   11.00000    8.89247  19.2%     -    0s

Cutting planes:
  Gomory: 2
  MIR: 2
  Zero half: 5

Explored 159 nodes (3545 simplex iterations) in 0.22 seconds (0.11 work units)
Thread count was 4 (of 4 available processors)

Solution count 7: 11 14 16 ... 50

Optimal solution found (tolerance 1.00e-04)
Best objective 1.100000000000e+01, best bound 1.100000000000e+01, gap 0.0000%

Gurobi 11.0.3 (win64, Java) logging started Tue Mar 18 22:21:52 2025

Set parameter Username
Set parameter LogFile to value "src/main/java/gzhu/yh/logger/ILP_RD12.log"
Academic license - for non-commercial use only - expires 2025-09-02
Gurobi Optimizer version 11.0.3 build v11.0.3rc0 (win64 - Windows 10.0 (19045.2))

CPU model: Intel(R) Core(TM) i5-7300HQ CPU @ 2.50GHz, instruction set [SSE2|AVX|AVX2]
Thread count: 4 physical cores, 4 logical processors, using up to 4 threads

Optimize a model with 150 rows, 150 columns and 1610 nonzeros
Model fingerprint: 0x1a423cb6
Variable types: 0 continuous, 150 integer (150 binary)
Coefficient statistics:
  Matrix range     [1e+00, 1e+05]
  Objective range  [1e+00, 2e+00]
  Bounds range     [1e+00, 1e+00]
  RHS range        [1e+00, 1e+05]
Found heuristic solution: objective 50.0000000
Presolve removed 0 rows and 50 columns
Presolve time: 0.00s
Presolved: 150 rows, 100 columns, 1560 nonzeros
Variable types: 0 continuous, 100 integer (100 binary)

Root relaxation: objective 7.194701e+00, 182 iterations, 0.01 seconds (0.00 work units)

    Nodes    |    Current Node    |     Objective Bounds      |     Work
 Expl Unexpl |  Obj  Depth IntInf | Incumbent    BestBd   Gap | It/Node Time

     0     0    7.19470    0   54   50.00000    7.19470  85.6%     -    0s
H    0     0                      20.0000000    7.19470  64.0%     -    0s
H    0     0                      18.0000000    7.19470  60.0%     -    0s
H    0     0                      17.0000000    7.19470  57.7%     -    0s
     0     0    7.80654    0   56   17.00000    7.80654  54.1%     -    0s
H    0     0                      16.0000000    8.05527  49.7%     -    0s
H    0     0                      14.0000000    8.05527  42.5%     -    0s
H    0     0                      11.0000000    8.05527  26.8%     -    0s
     0     0    8.05527    0   52   11.00000    8.05527  26.8%     -    0s
     0     0    8.23362    0   52   11.00000    8.23362  25.1%     -    0s
     0     0    8.34312    0   54   11.00000    8.34312  24.2%     -    0s
     0     0    8.57333    0   44   11.00000    8.57333  22.1%     -    0s
     0     0    8.59501    0   50   11.00000    8.59501  21.9%     -    0s
     0     0    8.88059    0   54   11.00000    8.88059  19.3%     -    0s
     0     0    8.89247    0   54   11.00000    8.89247  19.2%     -    0s
     0     2    8.89247    0   54   11.00000    8.89247  19.2%     -    0s

Cutting planes:
  Gomory: 2
  MIR: 2
  Zero half: 5

Explored 159 nodes (3545 simplex iterations) in 0.22 seconds (0.11 work units)
Thread count was 4 (of 4 available processors)

Solution count 7: 11 14 16 ... 50

Optimal solution found (tolerance 1.00e-04)
Best objective 1.100000000000e+01, best bound 1.100000000000e+01, gap 0.0000%

Gurobi 11.0.3 (win64, Java) logging started Tue Mar 18 22:26:07 2025

Set parameter Username
Set parameter LogFile to value "src/main/java/gzhu/yh/logger/ILP_RD12.log"
Academic license - for non-commercial use only - expires 2025-09-02
Gurobi Optimizer version 11.0.3 build v11.0.3rc0 (win64 - Windows 10.0 (19045.2))

CPU model: Intel(R) Core(TM) i5-7300HQ CPU @ 2.50GHz, instruction set [SSE2|AVX|AVX2]
Thread count: 4 physical cores, 4 logical processors, using up to 4 threads

Optimize a model with 150 rows, 150 columns and 1742 nonzeros
Model fingerprint: 0x835f7905
Variable types: 0 continuous, 150 integer (150 binary)
Coefficient statistics:
  Matrix range     [1e+00, 1e+05]
  Objective range  [1e+00, 2e+00]
  Bounds range     [1e+00, 1e+00]
  RHS range        [1e+00, 1e+05]
Found heuristic solution: objective 50.0000000
Presolve removed 0 rows and 50 columns
Presolve time: 0.00s
Presolved: 150 rows, 100 columns, 1692 nonzeros
Variable types: 0 continuous, 100 integer (100 binary)

Root relaxation: objective 6.540382e+00, 204 iterations, 0.00 seconds (0.00 work units)

    Nodes    |    Current Node    |     Objective Bounds      |     Work
 Expl Unexpl |  Obj  Depth IntInf | Incumbent    BestBd   Gap | It/Node Time

     0     0    6.54038    0   54   50.00000    6.54038  86.9%     -    0s
H    0     0                      18.0000000    6.54038  63.7%     -    0s
H    0     0                      14.0000000    6.54038  53.3%     -    0s
     0     0    7.02740    0   54   14.00000    7.02740  49.8%     -    0s
H    0     0                      11.0000000    7.02740  36.1%     -    0s
     0     0    7.02740    0   56   11.00000    7.02740  36.1%     -    0s
     0     0    7.10919    0   52   11.00000    7.10919  35.4%     -    0s
     0     0    7.32333    0   50   11.00000    7.32333  33.4%     -    0s
     0     0    7.81650    0   52   11.00000    7.81650  28.9%     -    0s
     0     0    7.82703    0   52   11.00000    7.82703  28.8%     -    0s
     0     2    7.82703    0   52   11.00000    7.82703  28.8%     -    0s

Cutting planes:
  Gomory: 1
  MIR: 1
  Zero half: 6

Explored 485 nodes (8784 simplex iterations) in 0.32 seconds (0.18 work units)
Thread count was 4 (of 4 available processors)

Solution count 4: 11 14 18 50 

Optimal solution found (tolerance 1.00e-04)
Best objective 1.100000000000e+01, best bound 1.100000000000e+01, gap 0.0000%

Gurobi 11.0.3 (win64, Java) logging started Tue Mar 18 22:26:07 2025

Set parameter Username
Set parameter LogFile to value "src/main/java/gzhu/yh/logger/ILP_RD12.log"
Academic license - for non-commercial use only - expires 2025-09-02
Gurobi Optimizer version 11.0.3 build v11.0.3rc0 (win64 - Windows 10.0 (19045.2))

CPU model: Intel(R) Core(TM) i5-7300HQ CPU @ 2.50GHz, instruction set [SSE2|AVX|AVX2]
Thread count: 4 physical cores, 4 logical processors, using up to 4 threads

Optimize a model with 150 rows, 150 columns and 1742 nonzeros
Model fingerprint: 0x835f7905
Variable types: 0 continuous, 150 integer (150 binary)
Coefficient statistics:
  Matrix range     [1e+00, 1e+05]
  Objective range  [1e+00, 2e+00]
  Bounds range     [1e+00, 1e+00]
  RHS range        [1e+00, 1e+05]
Found heuristic solution: objective 50.0000000
Presolve removed 0 rows and 50 columns
Presolve time: 0.00s
Presolved: 150 rows, 100 columns, 1692 nonzeros
Variable types: 0 continuous, 100 integer (100 binary)

Root relaxation: objective 6.540382e+00, 204 iterations, 0.01 seconds (0.00 work units)

    Nodes    |    Current Node    |     Objective Bounds      |     Work
 Expl Unexpl |  Obj  Depth IntInf | Incumbent    BestBd   Gap | It/Node Time

     0     0    6.54038    0   54   50.00000    6.54038  86.9%     -    0s
H    0     0                      18.0000000    6.54038  63.7%     -    0s
H    0     0                      14.0000000    6.54038  53.3%     -    0s
     0     0    7.02740    0   54   14.00000    7.02740  49.8%     -    0s
H    0     0                      11.0000000    7.02740  36.1%     -    0s
     0     0    7.02740    0   56   11.00000    7.02740  36.1%     -    0s
     0     0    7.10919    0   52   11.00000    7.10919  35.4%     -    0s
     0     0    7.32333    0   50   11.00000    7.32333  33.4%     -    0s
     0     0    7.81650    0   52   11.00000    7.81650  28.9%     -    0s
     0     0    7.82703    0   52   11.00000    7.82703  28.8%     -    0s
     0     2    7.82703    0   52   11.00000    7.82703  28.8%     -    0s

Cutting planes:
  Gomory: 1
  MIR: 1
  Zero half: 6

Explored 485 nodes (8784 simplex iterations) in 0.34 seconds (0.18 work units)
Thread count was 4 (of 4 available processors)

Solution count 4: 11 14 18 50 

Optimal solution found (tolerance 1.00e-04)
Best objective 1.100000000000e+01, best bound 1.100000000000e+01, gap 0.0000%

Gurobi 11.0.3 (win64, Java) logging started Tue Mar 18 22:26:08 2025

Set parameter Username
Set parameter LogFile to value "src/main/java/gzhu/yh/logger/ILP_RD12.log"
Academic license - for non-commercial use only - expires 2025-09-02
Gurobi Optimizer version 11.0.3 build v11.0.3rc0 (win64 - Windows 10.0 (19045.2))

CPU model: Intel(R) Core(TM) i5-7300HQ CPU @ 2.50GHz, instruction set [SSE2|AVX|AVX2]
Thread count: 4 physical cores, 4 logical processors, using up to 4 threads

Optimize a model with 150 rows, 150 columns and 1742 nonzeros
Model fingerprint: 0x835f7905
Variable types: 0 continuous, 150 integer (150 binary)
Coefficient statistics:
  Matrix range     [1e+00, 1e+05]
  Objective range  [1e+00, 2e+00]
  Bounds range     [1e+00, 1e+00]
  RHS range        [1e+00, 1e+05]
Found heuristic solution: objective 50.0000000
Presolve removed 0 rows and 50 columns
Presolve time: 0.00s
Presolved: 150 rows, 100 columns, 1692 nonzeros
Variable types: 0 continuous, 100 integer (100 binary)

Root relaxation: objective 6.540382e+00, 204 iterations, 0.01 seconds (0.00 work units)

    Nodes    |    Current Node    |     Objective Bounds      |     Work
 Expl Unexpl |  Obj  Depth IntInf | Incumbent    BestBd   Gap | It/Node Time

     0     0    6.54038    0   54   50.00000    6.54038  86.9%     -    0s
H    0     0                      18.0000000    6.54038  63.7%     -    0s
H    0     0                      14.0000000    6.54038  53.3%     -    0s
     0     0    7.02740    0   54   14.00000    7.02740  49.8%     -    0s
H    0     0                      11.0000000    7.02740  36.1%     -    0s
     0     0    7.02740    0   56   11.00000    7.02740  36.1%     -    0s
     0     0    7.10919    0   52   11.00000    7.10919  35.4%     -    0s
     0     0    7.32333    0   50   11.00000    7.32333  33.4%     -    0s
     0     0    7.81650    0   52   11.00000    7.81650  28.9%     -    0s
     0     0    7.82703    0   52   11.00000    7.82703  28.8%     -    0s
     0     2    7.82703    0   52   11.00000    7.82703  28.8%     -    0s

Cutting planes:
  Gomory: 1
  MIR: 1
  Zero half: 6

Explored 485 nodes (8784 simplex iterations) in 0.41 seconds (0.18 work units)
Thread count was 4 (of 4 available processors)

Solution count 4: 11 14 18 50 

Optimal solution found (tolerance 1.00e-04)
Best objective 1.100000000000e+01, best bound 1.100000000000e+01, gap 0.0000%

Gurobi 11.0.3 (win64, Java) logging started Tue Mar 18 22:26:08 2025

Set parameter Username
Set parameter LogFile to value "src/main/java/gzhu/yh/logger/ILP_RD12.log"
Academic license - for non-commercial use only - expires 2025-09-02
Gurobi Optimizer version 11.0.3 build v11.0.3rc0 (win64 - Windows 10.0 (19045.2))

CPU model: Intel(R) Core(TM) i5-7300HQ CPU @ 2.50GHz, instruction set [SSE2|AVX|AVX2]
Thread count: 4 physical cores, 4 logical processors, using up to 4 threads

Optimize a model with 150 rows, 150 columns and 1742 nonzeros
Model fingerprint: 0x835f7905
Variable types: 0 continuous, 150 integer (150 binary)
Coefficient statistics:
  Matrix range     [1e+00, 1e+05]
  Objective range  [1e+00, 2e+00]
  Bounds range     [1e+00, 1e+00]
  RHS range        [1e+00, 1e+05]
Found heuristic solution: objective 50.0000000
Presolve removed 0 rows and 50 columns
Presolve time: 0.00s
Presolved: 150 rows, 100 columns, 1692 nonzeros
Variable types: 0 continuous, 100 integer (100 binary)

Root relaxation: objective 6.540382e+00, 204 iterations, 0.00 seconds (0.00 work units)

    Nodes    |    Current Node    |     Objective Bounds      |     Work
 Expl Unexpl |  Obj  Depth IntInf | Incumbent    BestBd   Gap | It/Node Time

     0     0    6.54038    0   54   50.00000    6.54038  86.9%     -    0s
H    0     0                      18.0000000    6.54038  63.7%     -    0s
H    0     0                      14.0000000    6.54038  53.3%     -    0s
     0     0    7.02740    0   54   14.00000    7.02740  49.8%     -    0s
H    0     0                      11.0000000    7.02740  36.1%     -    0s
     0     0    7.02740    0   56   11.00000    7.02740  36.1%     -    0s
     0     0    7.10919    0   52   11.00000    7.10919  35.4%     -    0s
     0     0    7.32333    0   50   11.00000    7.32333  33.4%     -    0s
     0     0    7.81650    0   52   11.00000    7.81650  28.9%     -    0s
     0     0    7.82703    0   52   11.00000    7.82703  28.8%     -    0s
     0     2    7.82703    0   52   11.00000    7.82703  28.8%     -    0s

Cutting planes:
  Gomory: 1
  MIR: 1
  Zero half: 6

Explored 485 nodes (8784 simplex iterations) in 0.41 seconds (0.18 work units)
Thread count was 4 (of 4 available processors)

Solution count 4: 11 14 18 50 

Optimal solution found (tolerance 1.00e-04)
Best objective 1.100000000000e+01, best bound 1.100000000000e+01, gap 0.0000%

Gurobi 11.0.3 (win64, Java) logging started Tue Mar 18 22:26:08 2025

Set parameter Username
Set parameter LogFile to value "src/main/java/gzhu/yh/logger/ILP_RD12.log"
Academic license - for non-commercial use only - expires 2025-09-02
Gurobi Optimizer version 11.0.3 build v11.0.3rc0 (win64 - Windows 10.0 (19045.2))

CPU model: Intel(R) Core(TM) i5-7300HQ CPU @ 2.50GHz, instruction set [SSE2|AVX|AVX2]
Thread count: 4 physical cores, 4 logical processors, using up to 4 threads

Optimize a model with 150 rows, 150 columns and 1742 nonzeros
Model fingerprint: 0x835f7905
Variable types: 0 continuous, 150 integer (150 binary)
Coefficient statistics:
  Matrix range     [1e+00, 1e+05]
  Objective range  [1e+00, 2e+00]
  Bounds range     [1e+00, 1e+00]
  RHS range        [1e+00, 1e+05]
Found heuristic solution: objective 50.0000000
Presolve removed 0 rows and 50 columns
Presolve time: 0.00s
Presolved: 150 rows, 100 columns, 1692 nonzeros
Variable types: 0 continuous, 100 integer (100 binary)

Root relaxation: objective 6.540382e+00, 204 iterations, 0.00 seconds (0.00 work units)

    Nodes    |    Current Node    |     Objective Bounds      |     Work
 Expl Unexpl |  Obj  Depth IntInf | Incumbent    BestBd   Gap | It/Node Time

     0     0    6.54038    0   54   50.00000    6.54038  86.9%     -    0s
H    0     0                      18.0000000    6.54038  63.7%     -    0s
H    0     0                      14.0000000    6.54038  53.3%     -    0s
     0     0    7.02740    0   54   14.00000    7.02740  49.8%     -    0s
H    0     0                      11.0000000    7.02740  36.1%     -    0s
     0     0    7.02740    0   56   11.00000    7.02740  36.1%     -    0s
     0     0    7.10919    0   52   11.00000    7.10919  35.4%     -    0s
     0     0    7.32333    0   50   11.00000    7.32333  33.4%     -    0s
     0     0    7.81650    0   52   11.00000    7.81650  28.9%     -    0s
     0     0    7.82703    0   52   11.00000    7.82703  28.8%     -    0s
     0     2    7.82703    0   52   11.00000    7.82703  28.8%     -    0s

Cutting planes:
  Gomory: 1
  MIR: 1
  Zero half: 6

Explored 485 nodes (8784 simplex iterations) in 0.38 seconds (0.18 work units)
Thread count was 4 (of 4 available processors)

Solution count 4: 11 14 18 50 

Optimal solution found (tolerance 1.00e-04)
Best objective 1.100000000000e+01, best bound 1.100000000000e+01, gap 0.0000%

Gurobi 11.0.3 (win64, Java) logging started Tue Mar 18 22:26:09 2025

Set parameter Username
Set parameter LogFile to value "src/main/java/gzhu/yh/logger/ILP_RD12.log"
Academic license - for non-commercial use only - expires 2025-09-02
Gurobi Optimizer version 11.0.3 build v11.0.3rc0 (win64 - Windows 10.0 (19045.2))

CPU model: Intel(R) Core(TM) i5-7300HQ CPU @ 2.50GHz, instruction set [SSE2|AVX|AVX2]
Thread count: 4 physical cores, 4 logical processors, using up to 4 threads

Optimize a model with 150 rows, 150 columns and 1742 nonzeros
Model fingerprint: 0x835f7905
Variable types: 0 continuous, 150 integer (150 binary)
Coefficient statistics:
  Matrix range     [1e+00, 1e+05]
  Objective range  [1e+00, 2e+00]
  Bounds range     [1e+00, 1e+00]
  RHS range        [1e+00, 1e+05]
Found heuristic solution: objective 50.0000000
Presolve removed 0 rows and 50 columns
Presolve time: 0.00s
Presolved: 150 rows, 100 columns, 1692 nonzeros
Variable types: 0 continuous, 100 integer (100 binary)

Root relaxation: objective 6.540382e+00, 204 iterations, 0.00 seconds (0.00 work units)

    Nodes    |    Current Node    |     Objective Bounds      |     Work
 Expl Unexpl |  Obj  Depth IntInf | Incumbent    BestBd   Gap | It/Node Time

     0     0    6.54038    0   54   50.00000    6.54038  86.9%     -    0s
H    0     0                      18.0000000    6.54038  63.7%     -    0s
H    0     0                      14.0000000    6.54038  53.3%     -    0s
     0     0    7.02740    0   54   14.00000    7.02740  49.8%     -    0s
H    0     0                      11.0000000    7.02740  36.1%     -    0s
     0     0    7.02740    0   56   11.00000    7.02740  36.1%     -    0s
     0     0    7.10919    0   52   11.00000    7.10919  35.4%     -    0s
     0     0    7.32333    0   50   11.00000    7.32333  33.4%     -    0s
     0     0    7.81650    0   52   11.00000    7.81650  28.9%     -    0s
     0     0    7.82703    0   52   11.00000    7.82703  28.8%     -    0s
     0     2    7.82703    0   52   11.00000    7.82703  28.8%     -    0s

Cutting planes:
  Gomory: 1
  MIR: 1
  Zero half: 6

Explored 485 nodes (8784 simplex iterations) in 0.36 seconds (0.18 work units)
Thread count was 4 (of 4 available processors)

Solution count 4: 11 14 18 50 

Optimal solution found (tolerance 1.00e-04)
Best objective 1.100000000000e+01, best bound 1.100000000000e+01, gap 0.0000%

Gurobi 11.0.3 (win64, Java) logging started Tue Mar 18 22:26:09 2025

Set parameter Username
Set parameter LogFile to value "src/main/java/gzhu/yh/logger/ILP_RD12.log"
Academic license - for non-commercial use only - expires 2025-09-02
Gurobi Optimizer version 11.0.3 build v11.0.3rc0 (win64 - Windows 10.0 (19045.2))

CPU model: Intel(R) Core(TM) i5-7300HQ CPU @ 2.50GHz, instruction set [SSE2|AVX|AVX2]
Thread count: 4 physical cores, 4 logical processors, using up to 4 threads

Optimize a model with 150 rows, 150 columns and 1742 nonzeros
Model fingerprint: 0x835f7905
Variable types: 0 continuous, 150 integer (150 binary)
Coefficient statistics:
  Matrix range     [1e+00, 1e+05]
  Objective range  [1e+00, 2e+00]
  Bounds range     [1e+00, 1e+00]
  RHS range        [1e+00, 1e+05]
Found heuristic solution: objective 50.0000000
Presolve removed 0 rows and 50 columns
Presolve time: 0.00s
Presolved: 150 rows, 100 columns, 1692 nonzeros
Variable types: 0 continuous, 100 integer (100 binary)

Root relaxation: objective 6.540382e+00, 204 iterations, 0.00 seconds (0.00 work units)

    Nodes    |    Current Node    |     Objective Bounds      |     Work
 Expl Unexpl |  Obj  Depth IntInf | Incumbent    BestBd   Gap | It/Node Time

     0     0    6.54038    0   54   50.00000    6.54038  86.9%     -    0s
H    0     0                      18.0000000    6.54038  63.7%     -    0s
H    0     0                      14.0000000    6.54038  53.3%     -    0s
     0     0    7.02740    0   54   14.00000    7.02740  49.8%     -    0s
H    0     0                      11.0000000    7.02740  36.1%     -    0s
     0     0    7.02740    0   56   11.00000    7.02740  36.1%     -    0s
     0     0    7.10919    0   52   11.00000    7.10919  35.4%     -    0s
     0     0    7.32333    0   50   11.00000    7.32333  33.4%     -    0s
     0     0    7.81650    0   52   11.00000    7.81650  28.9%     -    0s
     0     0    7.82703    0   52   11.00000    7.82703  28.8%     -    0s
     0     2    7.82703    0   52   11.00000    7.82703  28.8%     -    0s

Cutting planes:
  Gomory: 1
  MIR: 1
  Zero half: 6

Explored 485 nodes (8784 simplex iterations) in 0.35 seconds (0.18 work units)
Thread count was 4 (of 4 available processors)

Solution count 4: 11 14 18 50 

Optimal solution found (tolerance 1.00e-04)
Best objective 1.100000000000e+01, best bound 1.100000000000e+01, gap 0.0000%

Gurobi 11.0.3 (win64, Java) logging started Tue Mar 18 22:26:10 2025

Set parameter Username
Set parameter LogFile to value "src/main/java/gzhu/yh/logger/ILP_RD12.log"
Academic license - for non-commercial use only - expires 2025-09-02
Gurobi Optimizer version 11.0.3 build v11.0.3rc0 (win64 - Windows 10.0 (19045.2))

CPU model: Intel(R) Core(TM) i5-7300HQ CPU @ 2.50GHz, instruction set [SSE2|AVX|AVX2]
Thread count: 4 physical cores, 4 logical processors, using up to 4 threads

Optimize a model with 150 rows, 150 columns and 1742 nonzeros
Model fingerprint: 0x835f7905
Variable types: 0 continuous, 150 integer (150 binary)
Coefficient statistics:
  Matrix range     [1e+00, 1e+05]
  Objective range  [1e+00, 2e+00]
  Bounds range     [1e+00, 1e+00]
  RHS range        [1e+00, 1e+05]
Found heuristic solution: objective 50.0000000
Presolve removed 0 rows and 50 columns
Presolve time: 0.00s
Presolved: 150 rows, 100 columns, 1692 nonzeros
Variable types: 0 continuous, 100 integer (100 binary)

Root relaxation: objective 6.540382e+00, 204 iterations, 0.00 seconds (0.00 work units)

    Nodes    |    Current Node    |     Objective Bounds      |     Work
 Expl Unexpl |  Obj  Depth IntInf | Incumbent    BestBd   Gap | It/Node Time

     0     0    6.54038    0   54   50.00000    6.54038  86.9%     -    0s
H    0     0                      18.0000000    6.54038  63.7%     -    0s
H    0     0                      14.0000000    6.54038  53.3%     -    0s
     0     0    7.02740    0   54   14.00000    7.02740  49.8%     -    0s
H    0     0                      11.0000000    7.02740  36.1%     -    0s
     0     0    7.02740    0   56   11.00000    7.02740  36.1%     -    0s
     0     0    7.10919    0   52   11.00000    7.10919  35.4%     -    0s
     0     0    7.32333    0   50   11.00000    7.32333  33.4%     -    0s
     0     0    7.81650    0   52   11.00000    7.81650  28.9%     -    0s
     0     0    7.82703    0   52   11.00000    7.82703  28.8%     -    0s
     0     2    7.82703    0   52   11.00000    7.82703  28.8%     -    0s

Cutting planes:
  Gomory: 1
  MIR: 1
  Zero half: 6

Explored 485 nodes (8784 simplex iterations) in 0.59 seconds (0.18 work units)
Thread count was 4 (of 4 available processors)

Solution count 4: 11 14 18 50 

Optimal solution found (tolerance 1.00e-04)
Best objective 1.100000000000e+01, best bound 1.100000000000e+01, gap 0.0000%

Gurobi 11.0.3 (win64, Java) logging started Tue Mar 18 22:26:10 2025

Set parameter Username
Set parameter LogFile to value "src/main/java/gzhu/yh/logger/ILP_RD12.log"
Academic license - for non-commercial use only - expires 2025-09-02
Gurobi Optimizer version 11.0.3 build v11.0.3rc0 (win64 - Windows 10.0 (19045.2))

CPU model: Intel(R) Core(TM) i5-7300HQ CPU @ 2.50GHz, instruction set [SSE2|AVX|AVX2]
Thread count: 4 physical cores, 4 logical processors, using up to 4 threads

Optimize a model with 150 rows, 150 columns and 1742 nonzeros
Model fingerprint: 0x835f7905
Variable types: 0 continuous, 150 integer (150 binary)
Coefficient statistics:
  Matrix range     [1e+00, 1e+05]
  Objective range  [1e+00, 2e+00]
  Bounds range     [1e+00, 1e+00]
  RHS range        [1e+00, 1e+05]
Found heuristic solution: objective 50.0000000
Presolve removed 0 rows and 50 columns
Presolve time: 0.00s
Presolved: 150 rows, 100 columns, 1692 nonzeros
Variable types: 0 continuous, 100 integer (100 binary)

Root relaxation: objective 6.540382e+00, 204 iterations, 0.00 seconds (0.00 work units)

    Nodes    |    Current Node    |     Objective Bounds      |     Work
 Expl Unexpl |  Obj  Depth IntInf | Incumbent    BestBd   Gap | It/Node Time

     0     0    6.54038    0   54   50.00000    6.54038  86.9%     -    0s
H    0     0                      18.0000000    6.54038  63.7%     -    0s
H    0     0                      14.0000000    6.54038  53.3%     -    0s
     0     0    7.02740    0   54   14.00000    7.02740  49.8%     -    0s
H    0     0                      11.0000000    7.02740  36.1%     -    0s
     0     0    7.02740    0   56   11.00000    7.02740  36.1%     -    0s
     0     0    7.10919    0   52   11.00000    7.10919  35.4%     -    0s
     0     0    7.32333    0   50   11.00000    7.32333  33.4%     -    0s
     0     0    7.81650    0   52   11.00000    7.81650  28.9%     -    0s
     0     0    7.82703    0   52   11.00000    7.82703  28.8%     -    0s
     0     2    7.82703    0   52   11.00000    7.82703  28.8%     -    0s

Cutting planes:
  Gomory: 1
  MIR: 1
  Zero half: 6

Explored 485 nodes (8784 simplex iterations) in 0.40 seconds (0.18 work units)
Thread count was 4 (of 4 available processors)

Solution count 4: 11 14 18 50 

Optimal solution found (tolerance 1.00e-04)
Best objective 1.100000000000e+01, best bound 1.100000000000e+01, gap 0.0000%

Gurobi 11.0.3 (win64, Java) logging started Tue Mar 18 22:26:11 2025

Set parameter Username
Set parameter LogFile to value "src/main/java/gzhu/yh/logger/ILP_RD12.log"
Academic license - for non-commercial use only - expires 2025-09-02
Gurobi Optimizer version 11.0.3 build v11.0.3rc0 (win64 - Windows 10.0 (19045.2))

CPU model: Intel(R) Core(TM) i5-7300HQ CPU @ 2.50GHz, instruction set [SSE2|AVX|AVX2]
Thread count: 4 physical cores, 4 logical processors, using up to 4 threads

Optimize a model with 150 rows, 150 columns and 1742 nonzeros
Model fingerprint: 0x835f7905
Variable types: 0 continuous, 150 integer (150 binary)
Coefficient statistics:
  Matrix range     [1e+00, 1e+05]
  Objective range  [1e+00, 2e+00]
  Bounds range     [1e+00, 1e+00]
  RHS range        [1e+00, 1e+05]
Found heuristic solution: objective 50.0000000
Presolve removed 0 rows and 50 columns
Presolve time: 0.00s
Presolved: 150 rows, 100 columns, 1692 nonzeros
Variable types: 0 continuous, 100 integer (100 binary)

Root relaxation: objective 6.540382e+00, 204 iterations, 0.00 seconds (0.00 work units)

    Nodes    |    Current Node    |     Objective Bounds      |     Work
 Expl Unexpl |  Obj  Depth IntInf | Incumbent    BestBd   Gap | It/Node Time

     0     0    6.54038    0   54   50.00000    6.54038  86.9%     -    0s
H    0     0                      18.0000000    6.54038  63.7%     -    0s
H    0     0                      14.0000000    6.54038  53.3%     -    0s
     0     0    7.02740    0   54   14.00000    7.02740  49.8%     -    0s
H    0     0                      11.0000000    7.02740  36.1%     -    0s
     0     0    7.02740    0   56   11.00000    7.02740  36.1%     -    0s
     0     0    7.10919    0   52   11.00000    7.10919  35.4%     -    0s
     0     0    7.32333    0   50   11.00000    7.32333  33.4%     -    0s
     0     0    7.81650    0   52   11.00000    7.81650  28.9%     -    0s
     0     0    7.82703    0   52   11.00000    7.82703  28.8%     -    0s
     0     2    7.82703    0   52   11.00000    7.82703  28.8%     -    0s

Cutting planes:
  Gomory: 1
  MIR: 1
  Zero half: 6

Explored 485 nodes (8784 simplex iterations) in 0.25 seconds (0.18 work units)
Thread count was 4 (of 4 available processors)

Solution count 4: 11 14 18 50 

Optimal solution found (tolerance 1.00e-04)
Best objective 1.100000000000e+01, best bound 1.100000000000e+01, gap 0.0000%

Gurobi 11.0.3 (win64, Java) logging started Tue Mar 18 22:28:25 2025

Set parameter Username
Set parameter LogFile to value "src/main/java/gzhu/yh/logger/ILP_RD12.log"
Academic license - for non-commercial use only - expires 2025-09-02
Gurobi Optimizer version 11.0.3 build v11.0.3rc0 (win64 - Windows 10.0 (19045.2))

CPU model: Intel(R) Core(TM) i5-7300HQ CPU @ 2.50GHz, instruction set [SSE2|AVX|AVX2]
Thread count: 4 physical cores, 4 logical processors, using up to 4 threads

Optimize a model with 3 rows, 3 columns and 5 nonzeros
Model fingerprint: 0xf480332e
Variable types: 0 continuous, 3 integer (3 binary)
Coefficient statistics:
  Matrix range     [1e+00, 1e+05]
  Objective range  [1e+00, 2e+00]
  Bounds range     [1e+00, 1e+00]
  RHS range        [1e+00, 1e+05]
Found heuristic solution: objective 2.0000000
Presolve removed 3 rows and 3 columns
Presolve time: 0.00s
Presolve: All rows and columns removed

Explored 0 nodes (0 simplex iterations) in 0.00 seconds (0.00 work units)
Thread count was 1 (of 4 available processors)

Solution count 2: 1 2 

Optimal solution found (tolerance 1.00e-04)
Best objective 1.000000000000e+00, best bound 1.000000000000e+00, gap 0.0000%

Gurobi 11.0.3 (win64, Java) logging started Tue Mar 18 22:29:16 2025

Set parameter Username
Set parameter LogFile to value "src/main/java/gzhu/yh/logger/ILP_RD12.log"
Academic license - for non-commercial use only - expires 2025-09-02
Gurobi Optimizer version 11.0.3 build v11.0.3rc0 (win64 - Windows 10.0 (19045.2))

CPU model: Intel(R) Core(TM) i5-7300HQ CPU @ 2.50GHz, instruction set [SSE2|AVX|AVX2]
Thread count: 4 physical cores, 4 logical processors, using up to 4 threads

Optimize a model with 3 rows, 3 columns and 5 nonzeros
Model fingerprint: 0xf480332e
Variable types: 0 continuous, 3 integer (3 binary)
Coefficient statistics:
  Matrix range     [1e+00, 1e+05]
  Objective range  [1e+00, 2e+00]
  Bounds range     [1e+00, 1e+00]
  RHS range        [1e+00, 1e+05]
Found heuristic solution: objective 2.0000000
Presolve removed 3 rows and 3 columns
Presolve time: 0.00s
Presolve: All rows and columns removed

Explored 0 nodes (0 simplex iterations) in 0.00 seconds (0.00 work units)
Thread count was 1 (of 4 available processors)

Solution count 2: 1 2 

Optimal solution found (tolerance 1.00e-04)
Best objective 1.000000000000e+00, best bound 1.000000000000e+00, gap 0.0000%

Gurobi 11.0.3 (win64, Java) logging started Tue Mar 18 22:29:44 2025

Set parameter Username
Set parameter LogFile to value "src/main/java/gzhu/yh/logger/ILP_RD12.log"
Academic license - for non-commercial use only - expires 2025-09-02
Gurobi Optimizer version 11.0.3 build v11.0.3rc0 (win64 - Windows 10.0 (19045.2))

CPU model: Intel(R) Core(TM) i5-7300HQ CPU @ 2.50GHz, instruction set [SSE2|AVX|AVX2]
Thread count: 4 physical cores, 4 logical processors, using up to 4 threads

Optimize a model with 3 rows, 3 columns and 5 nonzeros
Model fingerprint: 0xf480332e
Variable types: 0 continuous, 3 integer (3 binary)
Coefficient statistics:
  Matrix range     [1e+00, 1e+05]
  Objective range  [1e+00, 2e+00]
  Bounds range     [1e+00, 1e+00]
  RHS range        [1e+00, 1e+05]
Found heuristic solution: objective 2.0000000
Presolve removed 3 rows and 3 columns
Presolve time: 0.00s
Presolve: All rows and columns removed

Explored 0 nodes (0 simplex iterations) in 0.00 seconds (0.00 work units)
Thread count was 1 (of 4 available processors)

Solution count 2: 1 2 

Optimal solution found (tolerance 1.00e-04)
Best objective 1.000000000000e+00, best bound 1.000000000000e+00, gap 0.0000%

Gurobi 11.0.3 (win64, Java) logging started Tue Mar 18 22:30:04 2025

Set parameter Username
Set parameter LogFile to value "src/main/java/gzhu/yh/logger/ILP_RD12.log"
Academic license - for non-commercial use only - expires 2025-09-02
Gurobi Optimizer version 11.0.3 build v11.0.3rc0 (win64 - Windows 10.0 (19045.2))

CPU model: Intel(R) Core(TM) i5-7300HQ CPU @ 2.50GHz, instruction set [SSE2|AVX|AVX2]
Thread count: 4 physical cores, 4 logical processors, using up to 4 threads

Optimize a model with 15 rows, 15 columns and 29 nonzeros
Model fingerprint: 0xb7156ae9
Variable types: 0 continuous, 15 integer (15 binary)
Coefficient statistics:
  Matrix range     [1e+00, 1e+05]
  Objective range  [1e+00, 2e+00]
  Bounds range     [1e+00, 1e+00]
  RHS range        [1e+00, 1e+05]
Found heuristic solution: objective 5.0000000
Presolve removed 15 rows and 15 columns
Presolve time: 0.00s
Presolve: All rows and columns removed

Explored 0 nodes (0 simplex iterations) in 0.00 seconds (0.00 work units)
Thread count was 1 (of 4 available processors)

Solution count 1: 5 

Optimal solution found (tolerance 1.00e-04)
Best objective 5.000000000000e+00, best bound 5.000000000000e+00, gap 0.0000%

Gurobi 11.0.3 (win64, Java) logging started Tue Mar 18 22:30:31 2025

Set parameter Username
Set parameter LogFile to value "src/main/java/gzhu/yh/logger/ILP_RD12.log"
Academic license - for non-commercial use only - expires 2025-09-02
Gurobi Optimizer version 11.0.3 build v11.0.3rc0 (win64 - Windows 10.0 (19045.2))

CPU model: Intel(R) Core(TM) i5-7300HQ CPU @ 2.50GHz, instruction set [SSE2|AVX|AVX2]
Thread count: 4 physical cores, 4 logical processors, using up to 4 threads

Optimize a model with 15 rows, 15 columns and 41 nonzeros
Model fingerprint: 0x1f093695
Variable types: 0 continuous, 15 integer (15 binary)
Coefficient statistics:
  Matrix range     [1e+00, 1e+05]
  Objective range  [1e+00, 2e+00]
  Bounds range     [1e+00, 1e+00]
  RHS range        [1e+00, 1e+05]
Found heuristic solution: objective 5.0000000
Presolve removed 15 rows and 15 columns
Presolve time: 0.00s
Presolve: All rows and columns removed

Explored 0 nodes (0 simplex iterations) in 0.00 seconds (0.00 work units)
Thread count was 1 (of 4 available processors)

Solution count 2: 3 5 

Optimal solution found (tolerance 1.00e-04)
Best objective 3.000000000000e+00, best bound 3.000000000000e+00, gap 0.0000%

Gurobi 11.0.3 (win64, Java) logging started Tue Mar 18 22:30:31 2025

Set parameter Username
Set parameter LogFile to value "src/main/java/gzhu/yh/logger/ILP_RD12.log"
Academic license - for non-commercial use only - expires 2025-09-02
Gurobi Optimizer version 11.0.3 build v11.0.3rc0 (win64 - Windows 10.0 (19045.2))

CPU model: Intel(R) Core(TM) i5-7300HQ CPU @ 2.50GHz, instruction set [SSE2|AVX|AVX2]
Thread count: 4 physical cores, 4 logical processors, using up to 4 threads

Optimize a model with 18 rows, 18 columns and 50 nonzeros
Model fingerprint: 0xa367780c
Variable types: 0 continuous, 18 integer (18 binary)
Coefficient statistics:
  Matrix range     [1e+00, 1e+05]
  Objective range  [1e+00, 2e+00]
  Bounds range     [1e+00, 1e+00]
  RHS range        [1e+00, 1e+05]
Found heuristic solution: objective 6.0000000
Presolve removed 18 rows and 18 columns
Presolve time: 0.00s
Presolve: All rows and columns removed

Explored 0 nodes (0 simplex iterations) in 0.00 seconds (0.00 work units)
Thread count was 1 (of 4 available processors)

Solution count 2: 4 6 

Optimal solution found (tolerance 1.00e-04)
Best objective 4.000000000000e+00, best bound 4.000000000000e+00, gap 0.0000%

Gurobi 11.0.3 (win64, Java) logging started Tue Mar 18 22:31:34 2025

Set parameter Username
Set parameter LogFile to value "src/main/java/gzhu/yh/logger/ILP_RD12.log"
Academic license - for non-commercial use only - expires 2025-09-02
Gurobi Optimizer version 11.0.3 build v11.0.3rc0 (win64 - Windows 10.0 (19045.2))

CPU model: Intel(R) Core(TM) i5-7300HQ CPU @ 2.50GHz, instruction set [SSE2|AVX|AVX2]
Thread count: 4 physical cores, 4 logical processors, using up to 4 threads

Optimize a model with 15 rows, 15 columns and 33 nonzeros
Model fingerprint: 0x909c965a
Variable types: 0 continuous, 15 integer (15 binary)
Coefficient statistics:
  Matrix range     [1e+00, 1e+05]
  Objective range  [1e+00, 2e+00]
  Bounds range     [1e+00, 1e+00]
  RHS range        [1e+00, 1e+05]
Found heuristic solution: objective 5.0000000
Presolve removed 15 rows and 15 columns
Presolve time: 0.00s
Presolve: All rows and columns removed

Explored 0 nodes (0 simplex iterations) in 0.00 seconds (0.00 work units)
Thread count was 1 (of 4 available processors)

Solution count 2: 4 5 

Optimal solution found (tolerance 1.00e-04)
Best objective 4.000000000000e+00, best bound 4.000000000000e+00, gap 0.0000%

Gurobi 11.0.3 (win64, Java) logging started Tue Mar 18 22:33:02 2025

Set parameter Username
Set parameter LogFile to value "src/main/java/gzhu/yh/logger/ILP_RD12.log"
Academic license - for non-commercial use only - expires 2025-09-02
Gurobi Optimizer version 11.0.3 build v11.0.3rc0 (win64 - Windows 10.0 (19045.2))

CPU model: Intel(R) Core(TM) i5-7300HQ CPU @ 2.50GHz, instruction set [SSE2|AVX|AVX2]
Thread count: 4 physical cores, 4 logical processors, using up to 4 threads

Optimize a model with 150 rows, 150 columns and 1662 nonzeros
Model fingerprint: 0x1cef9260
Variable types: 0 continuous, 150 integer (150 binary)
Coefficient statistics:
  Matrix range     [1e+00, 1e+05]
  Objective range  [1e+00, 2e+00]
  Bounds range     [1e+00, 1e+00]
  RHS range        [1e+00, 1e+05]
Found heuristic solution: objective 50.0000000
Presolve removed 0 rows and 50 columns
Presolve time: 0.00s
Presolved: 150 rows, 100 columns, 1612 nonzeros
Variable types: 0 continuous, 100 integer (100 binary)

Root relaxation: objective 6.853333e+00, 144 iterations, 0.00 seconds (0.00 work units)

    Nodes    |    Current Node    |     Objective Bounds      |     Work
 Expl Unexpl |  Obj  Depth IntInf | Incumbent    BestBd   Gap | It/Node Time

     0     0    6.85333    0   38   50.00000    6.85333  86.3%     -    0s
H    0     0                      18.0000000    6.85333  61.9%     -    0s
     0     0    7.64763    0   42   18.00000    7.64763  57.5%     -    0s
H    0     0                      17.0000000    7.64763  55.0%     -    0s
     0     0    7.80788    0   39   17.00000    7.80788  54.1%     -    0s
H    0     0                      16.0000000    7.84047  51.0%     -    0s
     0     0    8.04513    0   42   16.00000    8.04513  49.7%     -    0s
H    0     0                      14.0000000    8.04513  42.5%     -    0s
H    0     0                      11.0000000    8.04513  26.9%     -    0s
H    0     0                      10.0000000    8.04513  19.5%     -    0s
     0     0    8.21474    0   46   10.00000    8.21474  17.9%     -    0s
     0     0    8.26813    0   47   10.00000    8.26813  17.3%     -    0s
     0     0    8.27849    0   46   10.00000    8.27849  17.2%     -    0s
     0     0    8.27849    0   43   10.00000    8.27849  17.2%     -    0s
     0     0    8.31415    0   46   10.00000    8.31415  16.9%     -    0s
     0     0   10.00000    0   44   10.00000   10.00000  0.00%     -    0s

Cutting planes:
  Gomory: 4
  MIR: 1
  Zero half: 11

Explored 1 nodes (296 simplex iterations) in 0.06 seconds (0.03 work units)
Thread count was 4 (of 4 available processors)

Solution count 7: 10 11 14 ... 50

Optimal solution found (tolerance 1.00e-04)
Best objective 1.000000000000e+01, best bound 1.000000000000e+01, gap 0.0000%

Gurobi 11.0.3 (win64, Java) logging started Tue Mar 18 22:34:35 2025

Set parameter Username
Set parameter LogFile to value "src/main/java/gzhu/yh/logger/ILP_RD12.log"
Academic license - for non-commercial use only - expires 2025-09-02
Gurobi Optimizer version 11.0.3 build v11.0.3rc0 (win64 - Windows 10.0 (19045.2))

CPU model: Intel(R) Core(TM) i5-7300HQ CPU @ 2.50GHz, instruction set [SSE2|AVX|AVX2]
Thread count: 4 physical cores, 4 logical processors, using up to 4 threads

Optimize a model with 15 rows, 15 columns and 41 nonzeros
Model fingerprint: 0x956b26c3
Variable types: 0 continuous, 15 integer (15 binary)
Coefficient statistics:
  Matrix range     [1e+00, 1e+05]
  Objective range  [1e+00, 2e+00]
  Bounds range     [1e+00, 1e+00]
  RHS range        [1e+00, 1e+05]
Found heuristic solution: objective 5.0000000
Presolve removed 15 rows and 15 columns
Presolve time: 0.00s
Presolve: All rows and columns removed

Explored 0 nodes (0 simplex iterations) in 0.00 seconds (0.00 work units)
Thread count was 1 (of 4 available processors)

Solution count 2: 3 5 

Optimal solution found (tolerance 1.00e-04)
Best objective 3.000000000000e+00, best bound 3.000000000000e+00, gap 0.0000%

Gurobi 11.0.3 (win64, Java) logging started Tue Mar 18 22:35:16 2025

Set parameter Username
Set parameter LogFile to value "src/main/java/gzhu/yh/logger/ILP_RD12.log"
Academic license - for non-commercial use only - expires 2025-09-02
Gurobi Optimizer version 11.0.3 build v11.0.3rc0 (win64 - Windows 10.0 (19045.2))

CPU model: Intel(R) Core(TM) i5-7300HQ CPU @ 2.50GHz, instruction set [SSE2|AVX|AVX2]
Thread count: 4 physical cores, 4 logical processors, using up to 4 threads

Optimize a model with 15 rows, 15 columns and 37 nonzeros
Model fingerprint: 0x7458564e
Variable types: 0 continuous, 15 integer (15 binary)
Coefficient statistics:
  Matrix range     [1e+00, 1e+05]
  Objective range  [1e+00, 2e+00]
  Bounds range     [1e+00, 1e+00]
  RHS range        [1e+00, 1e+05]
Found heuristic solution: objective 5.0000000
Presolve removed 15 rows and 15 columns
Presolve time: 0.00s
Presolve: All rows and columns removed

Explored 0 nodes (0 simplex iterations) in 0.00 seconds (0.00 work units)
Thread count was 1 (of 4 available processors)

Solution count 2: 4 5 

Optimal solution found (tolerance 1.00e-04)
Best objective 4.000000000000e+00, best bound 4.000000000000e+00, gap 0.0000%

Gurobi 11.0.3 (win64, Java) logging started Tue Mar 18 22:36:19 2025

Set parameter Username
Set parameter LogFile to value "src/main/java/gzhu/yh/logger/ILP_RD12.log"
Academic license - for non-commercial use only - expires 2025-09-02
Gurobi Optimizer version 11.0.3 build v11.0.3rc0 (win64 - Windows 10.0 (19045.2))

CPU model: Intel(R) Core(TM) i5-7300HQ CPU @ 2.50GHz, instruction set [SSE2|AVX|AVX2]
Thread count: 4 physical cores, 4 logical processors, using up to 4 threads

Optimize a model with 15 rows, 15 columns and 33 nonzeros
Model fingerprint: 0x413738a8
Variable types: 0 continuous, 15 integer (15 binary)
Coefficient statistics:
  Matrix range     [1e+00, 1e+05]
  Objective range  [1e+00, 2e+00]
  Bounds range     [1e+00, 1e+00]
  RHS range        [1e+00, 1e+05]
Found heuristic solution: objective 5.0000000
Presolve removed 15 rows and 15 columns
Presolve time: 0.00s
Presolve: All rows and columns removed

Explored 0 nodes (0 simplex iterations) in 0.00 seconds (0.00 work units)
Thread count was 1 (of 4 available processors)

Solution count 1: 5 

Optimal solution found (tolerance 1.00e-04)
Best objective 5.000000000000e+00, best bound 5.000000000000e+00, gap 0.0000%

Gurobi 11.0.3 (win64, Java) logging started Tue Mar 18 22:36:44 2025

Set parameter Username
Set parameter LogFile to value "src/main/java/gzhu/yh/logger/ILP_RD12.log"
Academic license - for non-commercial use only - expires 2025-09-02
Gurobi Optimizer version 11.0.3 build v11.0.3rc0 (win64 - Windows 10.0 (19045.2))

CPU model: Intel(R) Core(TM) i5-7300HQ CPU @ 2.50GHz, instruction set [SSE2|AVX|AVX2]
Thread count: 4 physical cores, 4 logical processors, using up to 4 threads

Optimize a model with 15 rows, 15 columns and 37 nonzeros
Model fingerprint: 0xa973a2da
Variable types: 0 continuous, 15 integer (15 binary)
Coefficient statistics:
  Matrix range     [1e+00, 1e+05]
  Objective range  [1e+00, 2e+00]
  Bounds range     [1e+00, 1e+00]
  RHS range        [1e+00, 1e+05]
Found heuristic solution: objective 5.0000000
Presolve removed 15 rows and 15 columns
Presolve time: 0.00s
Presolve: All rows and columns removed

Explored 0 nodes (0 simplex iterations) in 0.00 seconds (0.00 work units)
Thread count was 1 (of 4 available processors)

Solution count 2: 4 5 

Optimal solution found (tolerance 1.00e-04)
Best objective 4.000000000000e+00, best bound 4.000000000000e+00, gap 0.0000%

Gurobi 11.0.3 (win64, Java) logging started Tue Mar 18 22:37:23 2025

Set parameter Username
Set parameter LogFile to value "src/main/java/gzhu/yh/logger/ILP_RD12.log"
Academic license - for non-commercial use only - expires 2025-09-02
Gurobi Optimizer version 11.0.3 build v11.0.3rc0 (win64 - Windows 10.0 (19045.2))

CPU model: Intel(R) Core(TM) i5-7300HQ CPU @ 2.50GHz, instruction set [SSE2|AVX|AVX2]
Thread count: 4 physical cores, 4 logical processors, using up to 4 threads

Optimize a model with 60 rows, 60 columns and 292 nonzeros
Model fingerprint: 0x14320b75
Variable types: 0 continuous, 60 integer (60 binary)
Coefficient statistics:
  Matrix range     [1e+00, 1e+05]
  Objective range  [1e+00, 2e+00]
  Bounds range     [1e+00, 1e+00]
  RHS range        [1e+00, 1e+05]
Found heuristic solution: objective 20.0000000
Presolve removed 4 rows and 20 columns
Presolve time: 0.00s
Presolved: 56 rows, 40 columns, 260 nonzeros
Variable types: 0 continuous, 40 integer (40 binary)

Root relaxation: objective 7.000000e+00, 27 iterations, 0.00 seconds (0.00 work units)

    Nodes    |    Current Node    |     Objective Bounds      |     Work
 Expl Unexpl |  Obj  Depth IntInf | Incumbent    BestBd   Gap | It/Node Time

H    0     0                       7.0000000    0.00000   100%     -    0s
     0     0          -    0         7.00000    7.00000  0.00%     -    0s

Explored 1 nodes (31 simplex iterations) in 0.01 seconds (0.00 work units)
Thread count was 4 (of 4 available processors)

Solution count 2: 7 20 

Optimal solution found (tolerance 1.00e-04)
Best objective 7.000000000000e+00, best bound 7.000000000000e+00, gap 0.0000%

Gurobi 11.0.3 (win64, Java) logging started Tue Mar 18 22:37:23 2025

Set parameter Username
Set parameter LogFile to value "src/main/java/gzhu/yh/logger/ILP_RD12.log"
Academic license - for non-commercial use only - expires 2025-09-02
Gurobi Optimizer version 11.0.3 build v11.0.3rc0 (win64 - Windows 10.0 (19045.2))

CPU model: Intel(R) Core(TM) i5-7300HQ CPU @ 2.50GHz, instruction set [SSE2|AVX|AVX2]
Thread count: 4 physical cores, 4 logical processors, using up to 4 threads

Optimize a model with 63 rows, 63 columns and 369 nonzeros
Model fingerprint: 0x72e966e3
Variable types: 0 continuous, 63 integer (63 binary)
Coefficient statistics:
  Matrix range     [1e+00, 1e+05]
  Objective range  [1e+00, 2e+00]
  Bounds range     [1e+00, 1e+00]
  RHS range        [1e+00, 1e+05]
Found heuristic solution: objective 21.0000000
Presolve removed 0 rows and 21 columns
Presolve time: 0.00s
Presolved: 63 rows, 42 columns, 348 nonzeros
Variable types: 0 continuous, 42 integer (42 binary)

Root relaxation: objective 5.625000e+00, 45 iterations, 0.00 seconds (0.00 work units)

    Nodes    |    Current Node    |     Objective Bounds      |     Work
 Expl Unexpl |  Obj  Depth IntInf | Incumbent    BestBd   Gap | It/Node Time

     0     0    5.62500    0   20   21.00000    5.62500  73.2%     -    0s
H    0     0                       7.0000000    5.62500  19.6%     -    0s

Cutting planes:
  Zero half: 3
  RLT: 4

Explored 1 nodes (45 simplex iterations) in 0.01 seconds (0.00 work units)
Thread count was 4 (of 4 available processors)

Solution count 2: 7 21 

Optimal solution found (tolerance 1.00e-04)
Best objective 7.000000000000e+00, best bound 7.000000000000e+00, gap 0.0000%

Gurobi 11.0.3 (win64, Java) logging started Tue Mar 18 22:37:23 2025

Set parameter Username
Set parameter LogFile to value "src/main/java/gzhu/yh/logger/ILP_RD12.log"
Academic license - for non-commercial use only - expires 2025-09-02
Gurobi Optimizer version 11.0.3 build v11.0.3rc0 (win64 - Windows 10.0 (19045.2))

CPU model: Intel(R) Core(TM) i5-7300HQ CPU @ 2.50GHz, instruction set [SSE2|AVX|AVX2]
Thread count: 4 physical cores, 4 logical processors, using up to 4 threads

Optimize a model with 66 rows, 66 columns and 406 nonzeros
Model fingerprint: 0x66bf3641
Variable types: 0 continuous, 66 integer (66 binary)
Coefficient statistics:
  Matrix range     [1e+00, 1e+05]
  Objective range  [1e+00, 2e+00]
  Bounds range     [1e+00, 1e+00]
  RHS range        [1e+00, 1e+05]
Found heuristic solution: objective 22.0000000
Presolve removed 0 rows and 22 columns
Presolve time: 0.00s
Presolved: 66 rows, 44 columns, 384 nonzeros
Variable types: 0 continuous, 44 integer (44 binary)

Root relaxation: objective 5.772727e+00, 60 iterations, 0.00 seconds (0.00 work units)

    Nodes    |    Current Node    |     Objective Bounds      |     Work
 Expl Unexpl |  Obj  Depth IntInf | Incumbent    BestBd   Gap | It/Node Time

     0     0    5.77273    0   26   22.00000    5.77273  73.8%     -    0s
H    0     0                       7.0000000    5.77273  17.5%     -    0s
H    0     0                       6.0000000    5.77273  3.79%     -    0s
     0     0    5.77273    0   26    6.00000    5.77273  3.79%     -    0s

Explored 1 nodes (60 simplex iterations) in 0.01 seconds (0.00 work units)
Thread count was 4 (of 4 available processors)

Solution count 3: 6 7 22 

Optimal solution found (tolerance 1.00e-04)
Best objective 6.000000000000e+00, best bound 6.000000000000e+00, gap 0.0000%

Gurobi 11.0.3 (win64, Java) logging started Tue Mar 18 22:37:23 2025

Set parameter Username
Set parameter LogFile to value "src/main/java/gzhu/yh/logger/ILP_RD12.log"
Academic license - for non-commercial use only - expires 2025-09-02
Gurobi Optimizer version 11.0.3 build v11.0.3rc0 (win64 - Windows 10.0 (19045.2))

CPU model: Intel(R) Core(TM) i5-7300HQ CPU @ 2.50GHz, instruction set [SSE2|AVX|AVX2]
Thread count: 4 physical cores, 4 logical processors, using up to 4 threads

Optimize a model with 69 rows, 69 columns and 419 nonzeros
Model fingerprint: 0x30d1721a
Variable types: 0 continuous, 69 integer (69 binary)
Coefficient statistics:
  Matrix range     [1e+00, 1e+05]
  Objective range  [1e+00, 2e+00]
  Bounds range     [1e+00, 1e+00]
  RHS range        [1e+00, 1e+05]
Found heuristic solution: objective 23.0000000
Presolve removed 0 rows and 23 columns
Presolve time: 0.00s
Presolved: 69 rows, 46 columns, 396 nonzeros
Variable types: 0 continuous, 46 integer (46 binary)

Root relaxation: objective 6.500000e+00, 47 iterations, 0.00 seconds (0.00 work units)

    Nodes    |    Current Node    |     Objective Bounds      |     Work
 Expl Unexpl |  Obj  Depth IntInf | Incumbent    BestBd   Gap | It/Node Time

     0     0    6.50000    0   13   23.00000    6.50000  71.7%     -    0s
H    0     0                       9.0000000    6.50000  27.8%     -    0s
H    0     0                       8.0000000    6.50000  18.8%     -    0s
     0     0    6.80000    0   24    8.00000    6.80000  15.0%     -    0s
     0     0    6.85714    0   18    8.00000    6.85714  14.3%     -    0s
H    0     0                       7.0000000    6.85714  2.04%     -    0s
     0     0    6.85714    0   18    7.00000    6.85714  2.04%     -    0s

Cutting planes:
  Gomory: 1
  Zero half: 1

Explored 1 nodes (64 simplex iterations) in 0.01 seconds (0.00 work units)
Thread count was 4 (of 4 available processors)

Solution count 4: 7 8 9 23 

Optimal solution found (tolerance 1.00e-04)
Best objective 7.000000000000e+00, best bound 7.000000000000e+00, gap 0.0000%

Gurobi 11.0.3 (win64, Java) logging started Tue Mar 18 22:37:23 2025

Set parameter Username
Set parameter LogFile to value "src/main/java/gzhu/yh/logger/ILP_RD12.log"
Academic license - for non-commercial use only - expires 2025-09-02
Gurobi Optimizer version 11.0.3 build v11.0.3rc0 (win64 - Windows 10.0 (19045.2))

CPU model: Intel(R) Core(TM) i5-7300HQ CPU @ 2.50GHz, instruction set [SSE2|AVX|AVX2]
Thread count: 4 physical cores, 4 logical processors, using up to 4 threads

Optimize a model with 72 rows, 72 columns and 460 nonzeros
Model fingerprint: 0xb8d556ce
Variable types: 0 continuous, 72 integer (72 binary)
Coefficient statistics:
  Matrix range     [1e+00, 1e+05]
  Objective range  [1e+00, 2e+00]
  Bounds range     [1e+00, 1e+00]
  RHS range        [1e+00, 1e+05]
Found heuristic solution: objective 24.0000000
Presolve removed 0 rows and 24 columns
Presolve time: 0.00s
Presolved: 72 rows, 48 columns, 436 nonzeros
Variable types: 0 continuous, 48 integer (48 binary)

Root relaxation: objective 6.487342e+00, 67 iterations, 0.00 seconds (0.00 work units)

    Nodes    |    Current Node    |     Objective Bounds      |     Work
 Expl Unexpl |  Obj  Depth IntInf | Incumbent    BestBd   Gap | It/Node Time

     0     0    6.48734    0   29   24.00000    6.48734  73.0%     -    0s
H    0     0                       9.0000000    6.48734  27.9%     -    0s
H    0     0                       8.0000000    6.48734  18.9%     -    0s
H    0     0                       7.0000000    6.88889  1.59%     -    0s
     0     0    7.00000    0   30    7.00000    7.00000  0.00%     -    0s

Cutting planes:
  Zero half: 3

Explored 1 nodes (71 simplex iterations) in 0.01 seconds (0.00 work units)
Thread count was 4 (of 4 available processors)

Solution count 4: 7 8 9 24 

Optimal solution found (tolerance 1.00e-04)
Best objective 7.000000000000e+00, best bound 7.000000000000e+00, gap 0.0000%

Gurobi 11.0.3 (win64, Java) logging started Tue Mar 18 22:37:23 2025

Set parameter Username
Set parameter LogFile to value "src/main/java/gzhu/yh/logger/ILP_RD12.log"
Academic license - for non-commercial use only - expires 2025-09-02
Gurobi Optimizer version 11.0.3 build v11.0.3rc0 (win64 - Windows 10.0 (19045.2))

CPU model: Intel(R) Core(TM) i5-7300HQ CPU @ 2.50GHz, instruction set [SSE2|AVX|AVX2]
Thread count: 4 physical cores, 4 logical processors, using up to 4 threads

Optimize a model with 75 rows, 75 columns and 461 nonzeros
Model fingerprint: 0x98fa12b7
Variable types: 0 continuous, 75 integer (75 binary)
Coefficient statistics:
  Matrix range     [1e+00, 1e+05]
  Objective range  [1e+00, 2e+00]
  Bounds range     [1e+00, 1e+00]
  RHS range        [1e+00, 1e+05]
Found heuristic solution: objective 25.0000000
Presolve removed 1 rows and 25 columns
Presolve time: 0.00s
Presolved: 74 rows, 50 columns, 433 nonzeros
Variable types: 0 continuous, 50 integer (50 binary)

Root relaxation: objective 6.814815e+00, 53 iterations, 0.00 seconds (0.00 work units)

    Nodes    |    Current Node    |     Objective Bounds      |     Work
 Expl Unexpl |  Obj  Depth IntInf | Incumbent    BestBd   Gap | It/Node Time

     0     0    6.81481    0   26   25.00000    6.81481  72.7%     -    0s
H    0     0                       8.0000000    6.81481  14.8%     -    0s
H    0     0                       7.0000000    6.81481  2.65%     -    0s
     0     0    6.81481    0   26    7.00000    6.81481  2.65%     -    0s

Explored 1 nodes (53 simplex iterations) in 0.01 seconds (0.00 work units)
Thread count was 4 (of 4 available processors)

Solution count 3: 7 8 25 

Optimal solution found (tolerance 1.00e-04)
Best objective 7.000000000000e+00, best bound 7.000000000000e+00, gap 0.0000%

Gurobi 11.0.3 (win64, Java) logging started Tue Mar 18 22:37:23 2025

Set parameter Username
Set parameter LogFile to value "src/main/java/gzhu/yh/logger/ILP_RD12.log"
Academic license - for non-commercial use only - expires 2025-09-02
Gurobi Optimizer version 11.0.3 build v11.0.3rc0 (win64 - Windows 10.0 (19045.2))

CPU model: Intel(R) Core(TM) i5-7300HQ CPU @ 2.50GHz, instruction set [SSE2|AVX|AVX2]
Thread count: 4 physical cores, 4 logical processors, using up to 4 threads

Optimize a model with 78 rows, 78 columns and 586 nonzeros
Model fingerprint: 0xafab8fc0
Variable types: 0 continuous, 78 integer (78 binary)
Coefficient statistics:
  Matrix range     [1e+00, 1e+05]
  Objective range  [1e+00, 2e+00]
  Bounds range     [1e+00, 1e+00]
  RHS range        [1e+00, 1e+05]
Found heuristic solution: objective 26.0000000
Presolve removed 0 rows and 26 columns
Presolve time: 0.00s
Presolved: 78 rows, 52 columns, 560 nonzeros
Variable types: 0 continuous, 52 integer (52 binary)

Root relaxation: objective 5.444444e+00, 64 iterations, 0.00 seconds (0.00 work units)

    Nodes    |    Current Node    |     Objective Bounds      |     Work
 Expl Unexpl |  Obj  Depth IntInf | Incumbent    BestBd   Gap | It/Node Time

     0     0    5.44444    0   23   26.00000    5.44444  79.1%     -    0s
H    0     0                      11.0000000    5.44444  50.5%     -    0s
H    0     0                      10.0000000    5.44444  45.6%     -    0s
H    0     0                       9.0000000    5.44444  39.5%     -    0s
H    0     0                       8.0000000    5.44444  31.9%     -    0s
     0     0    6.15278    0   25    8.00000    6.15278  23.1%     -    0s
     0     0    6.28571    0   22    8.00000    6.28571  21.4%     -    0s
H    0     0                       7.0000000    6.28571  10.2%     -    0s

Cutting planes:
  Gomory: 2
  MIR: 2
  Zero half: 10

Explored 1 nodes (88 simplex iterations) in 0.02 seconds (0.00 work units)
Thread count was 4 (of 4 available processors)

Solution count 6: 7 8 9 ... 26

Optimal solution found (tolerance 1.00e-04)
Best objective 7.000000000000e+00, best bound 7.000000000000e+00, gap 0.0000%

Gurobi 11.0.3 (win64, Java) logging started Tue Mar 18 22:37:23 2025

Set parameter Username
Set parameter LogFile to value "src/main/java/gzhu/yh/logger/ILP_RD12.log"
Academic license - for non-commercial use only - expires 2025-09-02
Gurobi Optimizer version 11.0.3 build v11.0.3rc0 (win64 - Windows 10.0 (19045.2))

CPU model: Intel(R) Core(TM) i5-7300HQ CPU @ 2.50GHz, instruction set [SSE2|AVX|AVX2]
Thread count: 4 physical cores, 4 logical processors, using up to 4 threads

Optimize a model with 81 rows, 81 columns and 591 nonzeros
Model fingerprint: 0xf81021b3
Variable types: 0 continuous, 81 integer (81 binary)
Coefficient statistics:
  Matrix range     [1e+00, 1e+05]
  Objective range  [1e+00, 2e+00]
  Bounds range     [1e+00, 1e+00]
  RHS range        [1e+00, 1e+05]
Found heuristic solution: objective 27.0000000
Presolve removed 0 rows and 27 columns
Presolve time: 0.00s
Presolved: 81 rows, 54 columns, 564 nonzeros
Variable types: 0 continuous, 54 integer (54 binary)

Root relaxation: objective 5.531172e+00, 55 iterations, 0.00 seconds (0.00 work units)

    Nodes    |    Current Node    |     Objective Bounds      |     Work
 Expl Unexpl |  Obj  Depth IntInf | Incumbent    BestBd   Gap | It/Node Time

     0     0    5.53117    0   34   27.00000    5.53117  79.5%     -    0s
H    0     0                      10.0000000    5.53117  44.7%     -    0s
H    0     0                       9.0000000    5.53117  38.5%     -    0s
H    0     0                       7.0000000    5.53117  21.0%     -    0s
     0     0    7.00000    0   28    7.00000    7.00000  0.00%     -    0s

Cutting planes:
  Gomory: 1
  MIR: 2
  Zero half: 4

Explored 1 nodes (67 simplex iterations) in 0.01 seconds (0.00 work units)
Thread count was 4 (of 4 available processors)

Solution count 4: 7 9 10 27 

Optimal solution found (tolerance 1.00e-04)
Best objective 7.000000000000e+00, best bound 7.000000000000e+00, gap 0.0000%

Gurobi 11.0.3 (win64, Java) logging started Tue Mar 18 22:37:23 2025

Set parameter Username
Set parameter LogFile to value "src/main/java/gzhu/yh/logger/ILP_RD12.log"
Academic license - for non-commercial use only - expires 2025-09-02
Gurobi Optimizer version 11.0.3 build v11.0.3rc0 (win64 - Windows 10.0 (19045.2))

CPU model: Intel(R) Core(TM) i5-7300HQ CPU @ 2.50GHz, instruction set [SSE2|AVX|AVX2]
Thread count: 4 physical cores, 4 logical processors, using up to 4 threads

Optimize a model with 84 rows, 84 columns and 592 nonzeros
Model fingerprint: 0xda174f79
Variable types: 0 continuous, 84 integer (84 binary)
Coefficient statistics:
  Matrix range     [1e+00, 1e+05]
  Objective range  [1e+00, 2e+00]
  Bounds range     [1e+00, 1e+00]
  RHS range        [1e+00, 1e+05]
Found heuristic solution: objective 28.0000000
Presolve removed 0 rows and 28 columns
Presolve time: 0.00s
Presolved: 84 rows, 56 columns, 564 nonzeros
Variable types: 0 continuous, 56 integer (56 binary)

Root relaxation: objective 6.460000e+00, 84 iterations, 0.00 seconds (0.00 work units)

    Nodes    |    Current Node    |     Objective Bounds      |     Work
 Expl Unexpl |  Obj  Depth IntInf | Incumbent    BestBd   Gap | It/Node Time

     0     0    6.46000    0   26   28.00000    6.46000  76.9%     -    0s
H    0     0                      13.0000000    6.46000  50.3%     -    0s
H    0     0                      12.0000000    6.46000  46.2%     -    0s
H    0     0                       9.0000000    6.46000  28.2%     -    0s
     0     0    6.72727    0   36    9.00000    6.72727  25.3%     -    0s
H    0     0                       8.0000000    6.72727  15.9%     -    0s
     0     0    7.08333    0   30    8.00000    7.08333  11.5%     -    0s

Cutting planes:
  Gomory: 1
  MIR: 1
  Zero half: 7

Explored 1 nodes (115 simplex iterations) in 0.02 seconds (0.00 work units)
Thread count was 4 (of 4 available processors)

Solution count 5: 8 9 12 ... 28

Optimal solution found (tolerance 1.00e-04)
Best objective 8.000000000000e+00, best bound 8.000000000000e+00, gap 0.0000%

Gurobi 11.0.3 (win64, Java) logging started Tue Mar 18 22:37:23 2025

Set parameter Username
Set parameter LogFile to value "src/main/java/gzhu/yh/logger/ILP_RD12.log"
Academic license - for non-commercial use only - expires 2025-09-02
Gurobi Optimizer version 11.0.3 build v11.0.3rc0 (win64 - Windows 10.0 (19045.2))

CPU model: Intel(R) Core(TM) i5-7300HQ CPU @ 2.50GHz, instruction set [SSE2|AVX|AVX2]
Thread count: 4 physical cores, 4 logical processors, using up to 4 threads

Optimize a model with 87 rows, 87 columns and 597 nonzeros
Model fingerprint: 0x299e0dac
Variable types: 0 continuous, 87 integer (87 binary)
Coefficient statistics:
  Matrix range     [1e+00, 1e+05]
  Objective range  [1e+00, 2e+00]
  Bounds range     [1e+00, 1e+00]
  RHS range        [1e+00, 1e+05]
Found heuristic solution: objective 29.0000000
Presolve removed 0 rows and 29 columns
Presolve time: 0.00s
Presolved: 87 rows, 58 columns, 568 nonzeros
Variable types: 0 continuous, 58 integer (58 binary)

Root relaxation: objective 7.008363e+00, 70 iterations, 0.00 seconds (0.00 work units)

    Nodes    |    Current Node    |     Objective Bounds      |     Work
 Expl Unexpl |  Obj  Depth IntInf | Incumbent    BestBd   Gap | It/Node Time

     0     0    7.00836    0   36   29.00000    7.00836  75.8%     -    0s
H    0     0                      18.0000000    7.00836  61.1%     -    0s
H    0     0                      14.0000000    7.00836  49.9%     -    0s
H    0     0                      12.0000000    7.00836  41.6%     -    0s
H    0     0                      11.0000000    7.00836  36.3%     -    0s
H    0     0                      10.0000000    7.20675  27.9%     -    0s
H    0     0                       9.0000000    7.20675  19.9%     -    0s
     0     0    7.75439    0   35    9.00000    7.75439  13.8%     -    0s
     0     0    7.86486    0   35    9.00000    7.86486  12.6%     -    0s

Cutting planes:
  Gomory: 1
  Zero half: 8

Explored 1 nodes (96 simplex iterations) in 0.06 seconds (0.01 work units)
Thread count was 4 (of 4 available processors)

Solution count 7: 9 10 11 ... 29

Optimal solution found (tolerance 1.00e-04)
Best objective 9.000000000000e+00, best bound 9.000000000000e+00, gap 0.0000%

Gurobi 11.0.3 (win64, Java) logging started Tue Mar 18 22:37:23 2025

Set parameter Username
Set parameter LogFile to value "src/main/java/gzhu/yh/logger/ILP_RD12.log"
Academic license - for non-commercial use only - expires 2025-09-02
Gurobi Optimizer version 11.0.3 build v11.0.3rc0 (win64 - Windows 10.0 (19045.2))

CPU model: Intel(R) Core(TM) i5-7300HQ CPU @ 2.50GHz, instruction set [SSE2|AVX|AVX2]
Thread count: 4 physical cores, 4 logical processors, using up to 4 threads

Optimize a model with 90 rows, 90 columns and 662 nonzeros
Model fingerprint: 0x3fcadb40
Variable types: 0 continuous, 90 integer (90 binary)
Coefficient statistics:
  Matrix range     [1e+00, 1e+05]
  Objective range  [1e+00, 2e+00]
  Bounds range     [1e+00, 1e+00]
  RHS range        [1e+00, 1e+05]
Found heuristic solution: objective 30.0000000
Presolve removed 0 rows and 30 columns
Presolve time: 0.00s
Presolved: 90 rows, 60 columns, 632 nonzeros
Variable types: 0 continuous, 60 integer (60 binary)

Root relaxation: objective 6.216348e+00, 77 iterations, 0.00 seconds (0.00 work units)

    Nodes    |    Current Node    |     Objective Bounds      |     Work
 Expl Unexpl |  Obj  Depth IntInf | Incumbent    BestBd   Gap | It/Node Time

     0     0    6.21635    0   44   30.00000    6.21635  79.3%     -    0s
H    0     0                      12.0000000    6.21635  48.2%     -    0s
H    0     0                      11.0000000    6.67473  39.3%     -    0s
H    0     0                       9.0000000    6.67473  25.8%     -    0s
     0     0    6.83333    0   32    9.00000    6.83333  24.1%     -    0s
H    0     0                       8.0000000    6.83333  14.6%     -    0s
     0     0    8.00000    0   36    8.00000    8.00000  0.00%     -    0s

Cutting planes:
  Gomory: 2
  Zero half: 1

Explored 1 nodes (114 simplex iterations) in 0.05 seconds (0.00 work units)
Thread count was 4 (of 4 available processors)

Solution count 5: 8 9 11 ... 30

Optimal solution found (tolerance 1.00e-04)
Best objective 8.000000000000e+00, best bound 8.000000000000e+00, gap 0.0000%

Gurobi 11.0.3 (win64, Java) logging started Tue Mar 18 22:37:23 2025

Set parameter Username
Set parameter LogFile to value "src/main/java/gzhu/yh/logger/ILP_RD12.log"
Academic license - for non-commercial use only - expires 2025-09-02
Gurobi Optimizer version 11.0.3 build v11.0.3rc0 (win64 - Windows 10.0 (19045.2))

CPU model: Intel(R) Core(TM) i5-7300HQ CPU @ 2.50GHz, instruction set [SSE2|AVX|AVX2]
Thread count: 4 physical cores, 4 logical processors, using up to 4 threads

Optimize a model with 93 rows, 93 columns and 683 nonzeros
Model fingerprint: 0x4befe3a9
Variable types: 0 continuous, 93 integer (93 binary)
Coefficient statistics:
  Matrix range     [1e+00, 1e+05]
  Objective range  [1e+00, 2e+00]
  Bounds range     [1e+00, 1e+00]
  RHS range        [1e+00, 1e+05]
Found heuristic solution: objective 31.0000000
Presolve removed 0 rows and 31 columns
Presolve time: 0.00s
Presolved: 93 rows, 62 columns, 652 nonzeros
Variable types: 0 continuous, 62 integer (62 binary)

Root relaxation: objective 6.933931e+00, 88 iterations, 0.00 seconds (0.00 work units)

    Nodes    |    Current Node    |     Objective Bounds      |     Work
 Expl Unexpl |  Obj  Depth IntInf | Incumbent    BestBd   Gap | It/Node Time

     0     0    6.93393    0   38   31.00000    6.93393  77.6%     -    0s
H    0     0                      15.0000000    6.93393  53.8%     -    0s
H    0     0                      13.0000000    6.93393  46.7%     -    0s
H    0     0                      11.0000000    6.93393  37.0%     -    0s
     0     0    7.18333    0   38   11.00000    7.18333  34.7%     -    0s
H    0     0                       9.0000000    7.62937  15.2%     -    0s
     0     0    7.62937    0   36    9.00000    7.62937  15.2%     -    0s
     0     0    7.88333    0   32    9.00000    7.88333  12.4%     -    0s
     0     0    7.91945    0   32    9.00000    7.91945  12.0%     -    0s

Cutting planes:
  Gomory: 2
  MIR: 2
  Zero half: 7

Explored 1 nodes (139 simplex iterations) in 0.07 seconds (0.01 work units)
Thread count was 4 (of 4 available processors)

Solution count 5: 9 11 13 ... 31

Optimal solution found (tolerance 1.00e-04)
Best objective 9.000000000000e+00, best bound 9.000000000000e+00, gap 0.0000%

Gurobi 11.0.3 (win64, Java) logging started Tue Mar 18 22:37:23 2025

Set parameter Username
Set parameter LogFile to value "src/main/java/gzhu/yh/logger/ILP_RD12.log"
Academic license - for non-commercial use only - expires 2025-09-02
Gurobi Optimizer version 11.0.3 build v11.0.3rc0 (win64 - Windows 10.0 (19045.2))

CPU model: Intel(R) Core(TM) i5-7300HQ CPU @ 2.50GHz, instruction set [SSE2|AVX|AVX2]
Thread count: 4 physical cores, 4 logical processors, using up to 4 threads

Optimize a model with 96 rows, 96 columns and 784 nonzeros
Model fingerprint: 0x1e2a2370
Variable types: 0 continuous, 96 integer (96 binary)
Coefficient statistics:
  Matrix range     [1e+00, 1e+05]
  Objective range  [1e+00, 2e+00]
  Bounds range     [1e+00, 1e+00]
  RHS range        [1e+00, 1e+05]
Found heuristic solution: objective 32.0000000
Presolve removed 0 rows and 32 columns
Presolve time: 0.00s
Presolved: 96 rows, 64 columns, 752 nonzeros
Variable types: 0 continuous, 64 integer (64 binary)

Root relaxation: objective 6.331034e+00, 81 iterations, 0.00 seconds (0.00 work units)

    Nodes    |    Current Node    |     Objective Bounds      |     Work
 Expl Unexpl |  Obj  Depth IntInf | Incumbent    BestBd   Gap | It/Node Time

     0     0    6.33103    0   33   32.00000    6.33103  80.2%     -    0s
H    0     0                      11.0000000    6.33103  42.4%     -    0s
H    0     0                      10.0000000    6.33103  36.7%     -    0s
     0     0    7.17519    0   37   10.00000    7.17519  28.2%     -    0s
H    0     0                       9.0000000    7.17519  20.3%     -    0s
H    0     0                       8.0000000    7.17519  10.3%     -    0s

Cutting planes:
  Gomory: 1
  MIR: 2

Explored 1 nodes (121 simplex iterations) in 0.10 seconds (0.00 work units)
Thread count was 4 (of 4 available processors)

Solution count 5: 8 9 10 ... 32

Optimal solution found (tolerance 1.00e-04)
Best objective 8.000000000000e+00, best bound 8.000000000000e+00, gap 0.0000%

Gurobi 11.0.3 (win64, Java) logging started Tue Mar 18 22:37:24 2025

Set parameter Username
Set parameter LogFile to value "src/main/java/gzhu/yh/logger/ILP_RD12.log"
Academic license - for non-commercial use only - expires 2025-09-02
Gurobi Optimizer version 11.0.3 build v11.0.3rc0 (win64 - Windows 10.0 (19045.2))

CPU model: Intel(R) Core(TM) i5-7300HQ CPU @ 2.50GHz, instruction set [SSE2|AVX|AVX2]
Thread count: 4 physical cores, 4 logical processors, using up to 4 threads

Optimize a model with 99 rows, 99 columns and 789 nonzeros
Model fingerprint: 0x27c13be4
Variable types: 0 continuous, 99 integer (99 binary)
Coefficient statistics:
  Matrix range     [1e+00, 1e+05]
  Objective range  [1e+00, 2e+00]
  Bounds range     [1e+00, 1e+00]
  RHS range        [1e+00, 1e+05]
Found heuristic solution: objective 33.0000000
Presolve removed 0 rows and 33 columns
Presolve time: 0.00s
Presolved: 99 rows, 66 columns, 756 nonzeros
Variable types: 0 continuous, 66 integer (66 binary)

Root relaxation: objective 6.263736e+00, 76 iterations, 0.00 seconds (0.00 work units)

    Nodes    |    Current Node    |     Objective Bounds      |     Work
 Expl Unexpl |  Obj  Depth IntInf | Incumbent    BestBd   Gap | It/Node Time

     0     0    6.26374    0   27   33.00000    6.26374  81.0%     -    0s
H    0     0                      13.0000000    6.26374  51.8%     -    0s
H    0     0                      11.0000000    6.26374  43.1%     -    0s
H    0     0                       8.0000000    6.26374  21.7%     -    0s

Cutting planes:
  Gomory: 1
  MIR: 1
  Zero half: 3

Explored 1 nodes (77 simplex iterations) in 0.02 seconds (0.00 work units)
Thread count was 4 (of 4 available processors)

Solution count 4: 8 11 13 33 

Optimal solution found (tolerance 1.00e-04)
Best objective 8.000000000000e+00, best bound 8.000000000000e+00, gap 0.0000%

Gurobi 11.0.3 (win64, Java) logging started Tue Mar 18 22:37:24 2025

Set parameter Username
Set parameter LogFile to value "src/main/java/gzhu/yh/logger/ILP_RD12.log"
Academic license - for non-commercial use only - expires 2025-09-02
Gurobi Optimizer version 11.0.3 build v11.0.3rc0 (win64 - Windows 10.0 (19045.2))

CPU model: Intel(R) Core(TM) i5-7300HQ CPU @ 2.50GHz, instruction set [SSE2|AVX|AVX2]
Thread count: 4 physical cores, 4 logical processors, using up to 4 threads

Optimize a model with 102 rows, 102 columns and 786 nonzeros
Model fingerprint: 0xc2b17f5e
Variable types: 0 continuous, 102 integer (102 binary)
Coefficient statistics:
  Matrix range     [1e+00, 1e+05]
  Objective range  [1e+00, 2e+00]
  Bounds range     [1e+00, 1e+00]
  RHS range        [1e+00, 1e+05]
Found heuristic solution: objective 34.0000000
Presolve removed 0 rows and 34 columns
Presolve time: 0.00s
Presolved: 102 rows, 68 columns, 752 nonzeros
Variable types: 0 continuous, 68 integer (68 binary)

Root relaxation: objective 6.853276e+00, 80 iterations, 0.00 seconds (0.00 work units)

    Nodes    |    Current Node    |     Objective Bounds      |     Work
 Expl Unexpl |  Obj  Depth IntInf | Incumbent    BestBd   Gap | It/Node Time

     0     0    6.85328    0   37   34.00000    6.85328  79.8%     -    0s
H    0     0                      13.0000000    6.85328  47.3%     -    0s
H    0     0                      11.0000000    6.85328  37.7%     -    0s
H    0     0                       9.0000000    6.85328  23.9%     -    0s
     0     0    7.55357    0   38    9.00000    7.55357  16.1%     -    0s
     0     0    7.58000    0   30    9.00000    7.58000  15.8%     -    0s
     0     0    7.94617    0   37    9.00000    7.94617  11.7%     -    0s
     0     0    7.99193    0   42    9.00000    7.99193  11.2%     -    0s

Cutting planes:
  Gomory: 1
  MIR: 2
  Zero half: 14

Explored 1 nodes (146 simplex iterations) in 0.06 seconds (0.01 work units)
Thread count was 4 (of 4 available processors)

Solution count 4: 9 11 13 34 

Optimal solution found (tolerance 1.00e-04)
Best objective 9.000000000000e+00, best bound 9.000000000000e+00, gap 0.0000%

Gurobi 11.0.3 (win64, Java) logging started Tue Mar 18 22:37:24 2025

Set parameter Username
Set parameter LogFile to value "src/main/java/gzhu/yh/logger/ILP_RD12.log"
Academic license - for non-commercial use only - expires 2025-09-02
Gurobi Optimizer version 11.0.3 build v11.0.3rc0 (win64 - Windows 10.0 (19045.2))

CPU model: Intel(R) Core(TM) i5-7300HQ CPU @ 2.50GHz, instruction set [SSE2|AVX|AVX2]
Thread count: 4 physical cores, 4 logical processors, using up to 4 threads

Optimize a model with 105 rows, 105 columns and 915 nonzeros
Model fingerprint: 0x7cb57672
Variable types: 0 continuous, 105 integer (105 binary)
Coefficient statistics:
  Matrix range     [1e+00, 1e+05]
  Objective range  [1e+00, 2e+00]
  Bounds range     [1e+00, 1e+00]
  RHS range        [1e+00, 1e+05]
Found heuristic solution: objective 35.0000000
Presolve removed 1 rows and 35 columns
Presolve time: 0.00s
Presolved: 104 rows, 70 columns, 877 nonzeros
Variable types: 0 continuous, 70 integer (70 binary)

Root relaxation: objective 7.191860e+00, 71 iterations, 0.00 seconds (0.00 work units)

    Nodes    |    Current Node    |     Objective Bounds      |     Work
 Expl Unexpl |  Obj  Depth IntInf | Incumbent    BestBd   Gap | It/Node Time

     0     0    7.19186    0   32   35.00000    7.19186  79.5%     -    0s
H    0     0                      15.0000000    7.19186  52.1%     -    0s
H    0     0                      11.0000000    7.19186  34.6%     -    0s
     0     0    7.63158    0   35   11.00000    7.63158  30.6%     -    0s
     0     0    8.00000    0   31   11.00000    8.00000  27.3%     -    0s
H    0     0                      10.0000000    8.00000  20.0%     -    0s
     0     0    8.00000    0   29   10.00000    8.00000  20.0%     -    0s
     0     0    8.00000    0   22   10.00000    8.00000  20.0%     -    0s
     0     0    8.23065    0   25   10.00000    8.23065  17.7%     -    0s
     0     0    8.31429    0   21   10.00000    8.31429  16.9%     -    0s
     0     0    8.47992    0   28   10.00000    8.47992  15.2%     -    0s
     0     0    8.50000    0   24   10.00000    8.50000  15.0%     -    0s
     0     0    8.66869    0   20   10.00000    8.66869  13.3%     -    0s
H    0     0                       9.0000000    8.70997  3.22%     -    0s
     0     0    8.70997    0   22    9.00000    8.70997  3.22%     -    0s

Cutting planes:
  Gomory: 1
  MIR: 2
  Zero half: 3

Explored 1 nodes (222 simplex iterations) in 0.12 seconds (0.02 work units)
Thread count was 4 (of 4 available processors)

Solution count 5: 9 10 11 ... 35

Optimal solution found (tolerance 1.00e-04)
Best objective 9.000000000000e+00, best bound 9.000000000000e+00, gap 0.0000%

Gurobi 11.0.3 (win64, Java) logging started Tue Mar 18 22:37:24 2025

Set parameter Username
Set parameter LogFile to value "src/main/java/gzhu/yh/logger/ILP_RD12.log"
Academic license - for non-commercial use only - expires 2025-09-02
Gurobi Optimizer version 11.0.3 build v11.0.3rc0 (win64 - Windows 10.0 (19045.2))

CPU model: Intel(R) Core(TM) i5-7300HQ CPU @ 2.50GHz, instruction set [SSE2|AVX|AVX2]
Thread count: 4 physical cores, 4 logical processors, using up to 4 threads

Optimize a model with 108 rows, 108 columns and 912 nonzeros
Model fingerprint: 0xc6b92d88
Variable types: 0 continuous, 108 integer (108 binary)
Coefficient statistics:
  Matrix range     [1e+00, 1e+05]
  Objective range  [1e+00, 2e+00]
  Bounds range     [1e+00, 1e+00]
  RHS range        [1e+00, 1e+05]
Found heuristic solution: objective 36.0000000
Presolve removed 0 rows and 36 columns
Presolve time: 0.00s
Presolved: 108 rows, 72 columns, 876 nonzeros
Variable types: 0 continuous, 72 integer (72 binary)

Root relaxation: objective 6.433931e+00, 105 iterations, 0.00 seconds (0.00 work units)

    Nodes    |    Current Node    |     Objective Bounds      |     Work
 Expl Unexpl |  Obj  Depth IntInf | Incumbent    BestBd   Gap | It/Node Time

     0     0    6.43393    0   46   36.00000    6.43393  82.1%     -    0s
H    0     0                      13.0000000    6.43393  50.5%     -    0s
H    0     0                      10.0000000    6.43393  35.7%     -    0s
     0     0    7.00572    0   40   10.00000    7.00572  29.9%     -    0s
     0     0    7.03903    0   36   10.00000    7.03903  29.6%     -    0s
H    0     0                       9.0000000    7.26780  19.2%     -    0s
     0     0    7.26780    0   44    9.00000    7.26780  19.2%     -    0s
     0     0    7.31470    0   46    9.00000    7.31470  18.7%     -    0s
     0     0    7.79305    0   42    9.00000    7.79305  13.4%     -    0s
     0     0    7.90879    0   42    9.00000    7.90879  12.1%     -    0s
     0     2    7.90879    0   42    9.00000    7.90879  12.1%     -    0s

Cutting planes:
  Gomory: 3
  Zero half: 4

Explored 22 nodes (555 simplex iterations) in 0.06 seconds (0.03 work units)
Thread count was 4 (of 4 available processors)

Solution count 4: 9 10 13 36 

Optimal solution found (tolerance 1.00e-04)
Best objective 9.000000000000e+00, best bound 9.000000000000e+00, gap 0.0000%

Gurobi 11.0.3 (win64, Java) logging started Tue Mar 18 22:37:24 2025

Set parameter Username
Set parameter LogFile to value "src/main/java/gzhu/yh/logger/ILP_RD12.log"
Academic license - for non-commercial use only - expires 2025-09-02
Gurobi Optimizer version 11.0.3 build v11.0.3rc0 (win64 - Windows 10.0 (19045.2))

CPU model: Intel(R) Core(TM) i5-7300HQ CPU @ 2.50GHz, instruction set [SSE2|AVX|AVX2]
Thread count: 4 physical cores, 4 logical processors, using up to 4 threads

Optimize a model with 111 rows, 111 columns and 885 nonzeros
Model fingerprint: 0xfded5b6a
Variable types: 0 continuous, 111 integer (111 binary)
Coefficient statistics:
  Matrix range     [1e+00, 1e+05]
  Objective range  [1e+00, 2e+00]
  Bounds range     [1e+00, 1e+00]
  RHS range        [1e+00, 1e+05]
Found heuristic solution: objective 37.0000000
Presolve removed 0 rows and 37 columns
Presolve time: 0.00s
Presolved: 111 rows, 74 columns, 848 nonzeros
Variable types: 0 continuous, 74 integer (74 binary)

Root relaxation: objective 7.614301e+00, 93 iterations, 0.00 seconds (0.00 work units)

    Nodes    |    Current Node    |     Objective Bounds      |     Work
 Expl Unexpl |  Obj  Depth IntInf | Incumbent    BestBd   Gap | It/Node Time

     0     0    7.61430    0   38   37.00000    7.61430  79.4%     -    0s
H    0     0                      17.0000000    7.61430  55.2%     -    0s
H    0     0                      13.0000000    7.61430  41.4%     -    0s
     0     0    7.92978    0   45   13.00000    7.92978  39.0%     -    0s
H    0     0                      12.0000000    7.92978  33.9%     -    0s
     0     0    8.06959    0   43   12.00000    8.06959  32.8%     -    0s
H    0     0                      11.0000000    8.54396  22.3%     -    0s
H    0     0                      10.0000000    8.54396  14.6%     -    0s
     0     0    8.88797    0   51   10.00000    8.88797  11.1%     -    0s
     0     0   10.00000    0   50   10.00000   10.00000  0.00%     -    0s

Cutting planes:
  Gomory: 3
  MIR: 1
  Zero half: 8

Explored 1 nodes (171 simplex iterations) in 0.06 seconds (0.01 work units)
Thread count was 4 (of 4 available processors)

Solution count 6: 10 11 12 ... 37

Optimal solution found (tolerance 1.00e-04)
Best objective 1.000000000000e+01, best bound 1.000000000000e+01, gap 0.0000%

Gurobi 11.0.3 (win64, Java) logging started Tue Mar 18 22:37:24 2025

Set parameter Username
Set parameter LogFile to value "src/main/java/gzhu/yh/logger/ILP_RD12.log"
Academic license - for non-commercial use only - expires 2025-09-02
Gurobi Optimizer version 11.0.3 build v11.0.3rc0 (win64 - Windows 10.0 (19045.2))

CPU model: Intel(R) Core(TM) i5-7300HQ CPU @ 2.50GHz, instruction set [SSE2|AVX|AVX2]
Thread count: 4 physical cores, 4 logical processors, using up to 4 threads

Optimize a model with 114 rows, 114 columns and 1078 nonzeros
Model fingerprint: 0x01040146
Variable types: 0 continuous, 114 integer (114 binary)
Coefficient statistics:
  Matrix range     [1e+00, 1e+05]
  Objective range  [1e+00, 2e+00]
  Bounds range     [1e+00, 1e+00]
  RHS range        [1e+00, 1e+05]
Found heuristic solution: objective 38.0000000
Presolve removed 0 rows and 38 columns
Presolve time: 0.00s
Presolved: 114 rows, 76 columns, 1040 nonzeros
Variable types: 0 continuous, 76 integer (76 binary)

Root relaxation: objective 6.253244e+00, 117 iterations, 0.00 seconds (0.00 work units)

    Nodes    |    Current Node    |     Objective Bounds      |     Work
 Expl Unexpl |  Obj  Depth IntInf | Incumbent    BestBd   Gap | It/Node Time

     0     0    6.25324    0   44   38.00000    6.25324  83.5%     -    0s
H    0     0                      17.0000000    6.25324  63.2%     -    0s
H    0     0                      16.0000000    6.25324  60.9%     -    0s
H    0     0                      12.0000000    6.25324  47.9%     -    0s
H    0     0                      10.0000000    6.60536  33.9%     -    0s
     0     0    6.60536    0   35   10.00000    6.60536  33.9%     -    0s
     0     0    6.71453    0   36   10.00000    6.71453  32.9%     -    0s
H    0     0                       9.0000000    7.02787  21.9%     -    0s
     0     0    7.02787    0   40    9.00000    7.02787  21.9%     -    0s
     0     0    7.25275    0   40    9.00000    7.25275  19.4%     -    0s
     0     0    7.50677    0   50    9.00000    7.50677  16.6%     -    0s
     0     0    7.50677    0   50    9.00000    7.50677  16.6%     -    0s
     0     2    7.50677    0   50    9.00000    7.50677  16.6%     -    0s

Cutting planes:
  Gomory: 2
  MIR: 2
  Zero half: 5

Explored 42 nodes (853 simplex iterations) in 0.09 seconds (0.04 work units)
Thread count was 4 (of 4 available processors)

Solution count 6: 9 10 12 ... 38

Optimal solution found (tolerance 1.00e-04)
Best objective 9.000000000000e+00, best bound 9.000000000000e+00, gap 0.0000%

Gurobi 11.0.3 (win64, Java) logging started Tue Mar 18 22:37:24 2025

Set parameter Username
Set parameter LogFile to value "src/main/java/gzhu/yh/logger/ILP_RD12.log"
Academic license - for non-commercial use only - expires 2025-09-02
Gurobi Optimizer version 11.0.3 build v11.0.3rc0 (win64 - Windows 10.0 (19045.2))

CPU model: Intel(R) Core(TM) i5-7300HQ CPU @ 2.50GHz, instruction set [SSE2|AVX|AVX2]
Thread count: 4 physical cores, 4 logical processors, using up to 4 threads

Optimize a model with 117 rows, 117 columns and 1151 nonzeros
Model fingerprint: 0x276d95e0
Variable types: 0 continuous, 117 integer (117 binary)
Coefficient statistics:
  Matrix range     [1e+00, 1e+05]
  Objective range  [1e+00, 2e+00]
  Bounds range     [1e+00, 1e+00]
  RHS range        [1e+00, 1e+05]
Found heuristic solution: objective 39.0000000
Presolve removed 0 rows and 39 columns
Presolve time: 0.00s
Presolved: 117 rows, 78 columns, 1112 nonzeros
Variable types: 0 continuous, 78 integer (78 binary)

Root relaxation: objective 6.127021e+00, 123 iterations, 0.00 seconds (0.00 work units)

    Nodes    |    Current Node    |     Objective Bounds      |     Work
 Expl Unexpl |  Obj  Depth IntInf | Incumbent    BestBd   Gap | It/Node Time

     0     0    6.12702    0   44   39.00000    6.12702  84.3%     -    0s
H    0     0                      17.0000000    6.12702  64.0%     -    0s
H    0     0                      16.0000000    6.12702  61.7%     -    0s
H    0     0                      14.0000000    6.26304  55.3%     -    0s
H    0     0                      12.0000000    6.33320  47.2%     -    0s
     0     0    6.60199    0   48   12.00000    6.60199  45.0%     -    0s
H    0     0                      11.0000000    6.60199  40.0%     -    0s
     0     0    6.76536    0   40   11.00000    6.76536  38.5%     -    0s
H    0     0                      10.0000000    7.15332  28.5%     -    0s
     0     0    7.15332    0   46   10.00000    7.15332  28.5%     -    0s
     0     0    7.16171    0   46   10.00000    7.16171  28.4%     -    0s
     0     0    7.54447    0   48   10.00000    7.54447  24.6%     -    0s
     0     0    7.54447    0   48   10.00000    7.54447  24.6%     -    0s
     0     2    7.54447    0   48   10.00000    7.54447  24.6%     -    0s
*   17    16               4       9.0000000    7.54447  16.2%  24.2    0s

Cutting planes:
  Gomory: 2
  MIR: 2
  Zero half: 6

Explored 58 nodes (1152 simplex iterations) in 0.15 seconds (0.05 work units)
Thread count was 4 (of 4 available processors)

Solution count 8: 9 10 11 ... 39

Optimal solution found (tolerance 1.00e-04)
Best objective 9.000000000000e+00, best bound 9.000000000000e+00, gap 0.0000%

Gurobi 11.0.3 (win64, Java) logging started Tue Mar 18 22:37:24 2025

Set parameter Username
Set parameter LogFile to value "src/main/java/gzhu/yh/logger/ILP_RD12.log"
Academic license - for non-commercial use only - expires 2025-09-02
Gurobi Optimizer version 11.0.3 build v11.0.3rc0 (win64 - Windows 10.0 (19045.2))

CPU model: Intel(R) Core(TM) i5-7300HQ CPU @ 2.50GHz, instruction set [SSE2|AVX|AVX2]
Thread count: 4 physical cores, 4 logical processors, using up to 4 threads

Optimize a model with 120 rows, 120 columns and 1188 nonzeros
Model fingerprint: 0xc0d22318
Variable types: 0 continuous, 120 integer (120 binary)
Coefficient statistics:
  Matrix range     [1e+00, 1e+05]
  Objective range  [1e+00, 2e+00]
  Bounds range     [1e+00, 1e+00]
  RHS range        [1e+00, 1e+05]
Found heuristic solution: objective 40.0000000
Presolve removed 0 rows and 40 columns
Presolve time: 0.00s
Presolved: 120 rows, 80 columns, 1148 nonzeros
Variable types: 0 continuous, 80 integer (80 binary)

Root relaxation: objective 5.742470e+00, 128 iterations, 0.00 seconds (0.00 work units)

    Nodes    |    Current Node    |     Objective Bounds      |     Work
 Expl Unexpl |  Obj  Depth IntInf | Incumbent    BestBd   Gap | It/Node Time

     0     0    5.74247    0   54   40.00000    5.74247  85.6%     -    0s
H    0     0                      17.0000000    5.74247  66.2%     -    0s
H    0     0                      11.0000000    5.74247  47.8%     -    0s
     0     0    6.11009    0   48   11.00000    6.11009  44.5%     -    0s
     0     0    6.32000    0   44   11.00000    6.32000  42.5%     -    0s
H    0     0                      10.0000000    7.03438  29.7%     -    0s
     0     0    7.03438    0   42   10.00000    7.03438  29.7%     -    0s
     0     0    7.05614    0   52   10.00000    7.05614  29.4%     -    0s
     0     0    7.17463    0   54   10.00000    7.17463  28.3%     -    0s
H    0     0                       9.0000000    7.22694  19.7%     -    0s
     0     0    7.22694    0   56    9.00000    7.22694  19.7%     -    0s
     0     0    7.25439    0   50    9.00000    7.25439  19.4%     -    0s
     0     0    7.25439    0   52    9.00000    7.25439  19.4%     -    0s
     0     0    7.25876    0   56    9.00000    7.25876  19.3%     -    0s
     0     0    7.30752    0   52    9.00000    7.30752  18.8%     -    0s
     0     0    7.30752    0   54    9.00000    7.30752  18.8%     -    0s
     0     0    7.30752    0   52    9.00000    7.30752  18.8%     -    0s
     0     0    7.31786    0   50    9.00000    7.31786  18.7%     -    0s
     0     0    7.40000    0   46    9.00000    7.40000  17.8%     -    0s
     0     0    7.40260    0   44    9.00000    7.40260  17.7%     -    0s
     0     0    7.40905    0   46    9.00000    7.40905  17.7%     -    0s
     0     0    7.40905    0   44    9.00000    7.40905  17.7%     -    0s

Cutting planes:
  Gomory: 5
  MIR: 3
  Zero half: 9

Explored 1 nodes (346 simplex iterations) in 0.13 seconds (0.04 work units)
Thread count was 4 (of 4 available processors)

Solution count 5: 9 10 11 ... 40

Optimal solution found (tolerance 1.00e-04)
Best objective 9.000000000000e+00, best bound 9.000000000000e+00, gap 0.0000%

Gurobi 11.0.3 (win64, Java) logging started Tue Mar 18 22:37:24 2025

Set parameter Username
Set parameter LogFile to value "src/main/java/gzhu/yh/logger/ILP_RD12.log"
Academic license - for non-commercial use only - expires 2025-09-02
Gurobi Optimizer version 11.0.3 build v11.0.3rc0 (win64 - Windows 10.0 (19045.2))

CPU model: Intel(R) Core(TM) i5-7300HQ CPU @ 2.50GHz, instruction set [SSE2|AVX|AVX2]
Thread count: 4 physical cores, 4 logical processors, using up to 4 threads

Optimize a model with 123 rows, 123 columns and 1109 nonzeros
Model fingerprint: 0x6873426c
Variable types: 0 continuous, 123 integer (123 binary)
Coefficient statistics:
  Matrix range     [1e+00, 1e+05]
  Objective range  [1e+00, 2e+00]
  Bounds range     [1e+00, 1e+00]
  RHS range        [1e+00, 1e+05]
Found heuristic solution: objective 41.0000000
Presolve removed 0 rows and 41 columns
Presolve time: 0.00s
Presolved: 123 rows, 82 columns, 1068 nonzeros
Variable types: 0 continuous, 82 integer (82 binary)

Root relaxation: objective 7.072610e+00, 105 iterations, 0.00 seconds (0.00 work units)

    Nodes    |    Current Node    |     Objective Bounds      |     Work
 Expl Unexpl |  Obj  Depth IntInf | Incumbent    BestBd   Gap | It/Node Time

     0     0    7.07261    0   48   41.00000    7.07261  82.7%     -    0s
H    0     0                      18.0000000    7.07261  60.7%     -    0s
H    0     0                      11.0000000    7.07261  35.7%     -    0s
     0     0    7.40376    0   52   11.00000    7.40376  32.7%     -    0s
     0     0    7.46507    0   44   11.00000    7.46507  32.1%     -    0s
     0     0    8.00000    0   47   11.00000    8.00000  27.3%     -    0s
     0     0    8.17141    0   48   11.00000    8.17141  25.7%     -    0s
H    0     0                      10.0000000    8.17141  18.3%     -    0s
     0     0    8.67442    0   44   10.00000    8.67442  13.3%     -    0s
     0     0    8.68856    0   44   10.00000    8.68856  13.1%     -    0s
     0     2    8.68856    0   44   10.00000    8.68856  13.1%     -    0s

Cutting planes:
  Gomory: 2
  Zero half: 9

Explored 55 nodes (1143 simplex iterations) in 0.11 seconds (0.05 work units)
Thread count was 4 (of 4 available processors)

Solution count 4: 10 11 18 41 

Optimal solution found (tolerance 1.00e-04)
Best objective 1.000000000000e+01, best bound 1.000000000000e+01, gap 0.0000%

Gurobi 11.0.3 (win64, Java) logging started Tue Mar 18 22:37:25 2025

Set parameter Username
Set parameter LogFile to value "src/main/java/gzhu/yh/logger/ILP_RD12.log"
Academic license - for non-commercial use only - expires 2025-09-02
Gurobi Optimizer version 11.0.3 build v11.0.3rc0 (win64 - Windows 10.0 (19045.2))

CPU model: Intel(R) Core(TM) i5-7300HQ CPU @ 2.50GHz, instruction set [SSE2|AVX|AVX2]
Thread count: 4 physical cores, 4 logical processors, using up to 4 threads

Optimize a model with 126 rows, 126 columns and 1186 nonzeros
Model fingerprint: 0x7a602197
Variable types: 0 continuous, 126 integer (126 binary)
Coefficient statistics:
  Matrix range     [1e+00, 1e+05]
  Objective range  [1e+00, 2e+00]
  Bounds range     [1e+00, 1e+00]
  RHS range        [1e+00, 1e+05]
Found heuristic solution: objective 42.0000000
Presolve removed 0 rows and 42 columns
Presolve time: 0.00s
Presolved: 126 rows, 84 columns, 1144 nonzeros
Variable types: 0 continuous, 84 integer (84 binary)

Root relaxation: objective 7.186195e+00, 122 iterations, 0.00 seconds (0.00 work units)

    Nodes    |    Current Node    |     Objective Bounds      |     Work
 Expl Unexpl |  Obj  Depth IntInf | Incumbent    BestBd   Gap | It/Node Time

     0     0    7.18620    0   42   42.00000    7.18620  82.9%     -    0s
H    0     0                      16.0000000    7.18620  55.1%     -    0s
H    0     0                      15.0000000    7.18620  52.1%     -    0s
     0     0    7.53090    0   46   15.00000    7.53090  49.8%     -    0s
H    0     0                      12.0000000    7.53090  37.2%     -    0s
     0     0    7.54881    0   46   12.00000    7.54881  37.1%     -    0s
     0     0    8.15789    0   46   12.00000    8.15789  32.0%     -    0s
H    0     0                      11.0000000    8.15789  25.8%     -    0s
     0     0    8.20656    0   44   11.00000    8.20656  25.4%     -    0s
H    0     0                      10.0000000    8.46195  15.4%     -    0s
     0     0    8.46195    0   50   10.00000    8.46195  15.4%     -    0s
     0     0    8.47513    0   50   10.00000    8.47513  15.2%     -    0s
     0     2    8.47513    0   50   10.00000    8.47513  15.2%     -    0s

Cutting planes:
  Gomory: 3
  MIR: 1
  Zero half: 4

Explored 42 nodes (1064 simplex iterations) in 0.11 seconds (0.05 work units)
Thread count was 4 (of 4 available processors)

Solution count 6: 10 11 12 ... 42

Optimal solution found (tolerance 1.00e-04)
Best objective 1.000000000000e+01, best bound 1.000000000000e+01, gap 0.0000%

Gurobi 11.0.3 (win64, Java) logging started Tue Mar 18 22:37:25 2025

Set parameter Username
Set parameter LogFile to value "src/main/java/gzhu/yh/logger/ILP_RD12.log"
Academic license - for non-commercial use only - expires 2025-09-02
Gurobi Optimizer version 11.0.3 build v11.0.3rc0 (win64 - Windows 10.0 (19045.2))

CPU model: Intel(R) Core(TM) i5-7300HQ CPU @ 2.50GHz, instruction set [SSE2|AVX|AVX2]
Thread count: 4 physical cores, 4 logical processors, using up to 4 threads

Optimize a model with 129 rows, 129 columns and 1263 nonzeros
Model fingerprint: 0xd9024d02
Variable types: 0 continuous, 129 integer (129 binary)
Coefficient statistics:
  Matrix range     [1e+00, 1e+05]
  Objective range  [1e+00, 2e+00]
  Bounds range     [1e+00, 1e+00]
  RHS range        [1e+00, 1e+05]
Found heuristic solution: objective 43.0000000
Presolve removed 0 rows and 43 columns
Presolve time: 0.00s
Presolved: 129 rows, 86 columns, 1220 nonzeros
Variable types: 0 continuous, 86 integer (86 binary)

Root relaxation: objective 6.928093e+00, 120 iterations, 0.00 seconds (0.00 work units)

    Nodes    |    Current Node    |     Objective Bounds      |     Work
 Expl Unexpl |  Obj  Depth IntInf | Incumbent    BestBd   Gap | It/Node Time

     0     0    6.92809    0   48   43.00000    6.92809  83.9%     -    0s
H    0     0                      18.0000000    6.92809  61.5%     -    0s
H    0     0                      14.0000000    6.92809  50.5%     -    0s
H    0     0                      13.0000000    7.30769  43.8%     -    0s
     0     0    7.50000    0   46   13.00000    7.50000  42.3%     -    0s
     0     0    7.51657    0   48   13.00000    7.51657  42.2%     -    0s
H    0     0                      11.0000000    7.89497  28.2%     -    0s
     0     0    7.89497    0   48   11.00000    7.89497  28.2%     -    0s
     0     0    7.89548    0   49   11.00000    7.89548  28.2%     -    0s
     0     0    8.28340    0   58   11.00000    8.28340  24.7%     -    0s
     0     0    8.28340    0   58   11.00000    8.28340  24.7%     -    0s
     0     2    8.28340    0   58   11.00000    8.28340  24.7%     -    0s
*  258     8               8      10.0000000    9.15679  8.43%  16.0    0s

Cutting planes:
  Gomory: 1
  MIR: 2
  Zero half: 8

Explored 275 nodes (4528 simplex iterations) in 0.21 seconds (0.09 work units)
Thread count was 4 (of 4 available processors)

Solution count 6: 10 11 13 ... 43

Optimal solution found (tolerance 1.00e-04)
Best objective 1.000000000000e+01, best bound 1.000000000000e+01, gap 0.0000%

Gurobi 11.0.3 (win64, Java) logging started Tue Mar 18 22:37:25 2025

Set parameter Username
Set parameter LogFile to value "src/main/java/gzhu/yh/logger/ILP_RD12.log"
Academic license - for non-commercial use only - expires 2025-09-02
Gurobi Optimizer version 11.0.3 build v11.0.3rc0 (win64 - Windows 10.0 (19045.2))

CPU model: Intel(R) Core(TM) i5-7300HQ CPU @ 2.50GHz, instruction set [SSE2|AVX|AVX2]
Thread count: 4 physical cores, 4 logical processors, using up to 4 threads

Optimize a model with 132 rows, 132 columns and 1264 nonzeros
Model fingerprint: 0xdbb5566a
Variable types: 0 continuous, 132 integer (132 binary)
Coefficient statistics:
  Matrix range     [1e+00, 1e+05]
  Objective range  [1e+00, 2e+00]
  Bounds range     [1e+00, 1e+00]
  RHS range        [1e+00, 1e+05]
Found heuristic solution: objective 44.0000000
Presolve removed 0 rows and 44 columns
Presolve time: 0.00s
Presolved: 132 rows, 88 columns, 1220 nonzeros
Variable types: 0 continuous, 88 integer (88 binary)

Root relaxation: objective 7.279038e+00, 122 iterations, 0.00 seconds (0.00 work units)

    Nodes    |    Current Node    |     Objective Bounds      |     Work
 Expl Unexpl |  Obj  Depth IntInf | Incumbent    BestBd   Gap | It/Node Time

     0     0    7.27904    0   49   44.00000    7.27904  83.5%     -    0s
H    0     0                      16.0000000    7.27904  54.5%     -    0s
H    0     0                      13.0000000    7.46535  42.6%     -    0s
     0     0    7.57981    0   45   13.00000    7.57981  41.7%     -    0s
     0     0    7.61506    0   41   13.00000    7.61506  41.4%     -    0s
H    0     0                      12.0000000    7.61506  36.5%     -    0s
     0     0    8.22956    0   50   12.00000    8.22956  31.4%     -    0s
     0     0    8.25444    0   52   12.00000    8.25444  31.2%     -    0s
     0     0    8.59829    0   55   12.00000    8.59829  28.3%     -    0s
     0     0    8.59829    0   55   12.00000    8.59829  28.3%     -    0s
     0     2    8.59829    0   55   12.00000    8.59829  28.3%     -    0s
H   20    22                      11.0000000    8.59829  21.8%  29.6    0s

Cutting planes:
  Gomory: 3
  MIR: 3
  Zero half: 9

Explored 171 nodes (3200 simplex iterations) in 0.19 seconds (0.08 work units)
Thread count was 4 (of 4 available processors)

Solution count 5: 11 12 13 ... 44

Optimal solution found (tolerance 1.00e-04)
Best objective 1.100000000000e+01, best bound 1.100000000000e+01, gap 0.0000%

Gurobi 11.0.3 (win64, Java) logging started Tue Mar 18 22:37:25 2025

Set parameter Username
Set parameter LogFile to value "src/main/java/gzhu/yh/logger/ILP_RD12.log"
Academic license - for non-commercial use only - expires 2025-09-02
Gurobi Optimizer version 11.0.3 build v11.0.3rc0 (win64 - Windows 10.0 (19045.2))

CPU model: Intel(R) Core(TM) i5-7300HQ CPU @ 2.50GHz, instruction set [SSE2|AVX|AVX2]
Thread count: 4 physical cores, 4 logical processors, using up to 4 threads

Optimize a model with 135 rows, 135 columns and 1457 nonzeros
Model fingerprint: 0x08659570
Variable types: 0 continuous, 135 integer (135 binary)
Coefficient statistics:
  Matrix range     [1e+00, 1e+05]
  Objective range  [1e+00, 2e+00]
  Bounds range     [1e+00, 1e+00]
  RHS range        [1e+00, 1e+05]
Found heuristic solution: objective 45.0000000
Presolve removed 0 rows and 45 columns
Presolve time: 0.00s
Presolved: 135 rows, 90 columns, 1412 nonzeros
Variable types: 0 continuous, 90 integer (90 binary)

Root relaxation: objective 6.351647e+00, 112 iterations, 0.00 seconds (0.00 work units)

    Nodes    |    Current Node    |     Objective Bounds      |     Work
 Expl Unexpl |  Obj  Depth IntInf | Incumbent    BestBd   Gap | It/Node Time

     0     0    6.35165    0   48   45.00000    6.35165  85.9%     -    0s
H    0     0                      17.0000000    6.35165  62.6%     -    0s
H    0     0                      16.0000000    6.50823  59.3%     -    0s
H    0     0                      14.0000000    6.50823  53.5%     -    0s
     0     0    6.73184    0   52   14.00000    6.73184  51.9%     -    0s
H    0     0                      13.0000000    6.80512  47.7%     -    0s
     0     0    6.80512    0   44   13.00000    6.80512  47.7%     -    0s
H    0     0                      12.0000000    6.80512  43.3%     -    0s
     0     0    7.10408    0   44   12.00000    7.10408  40.8%     -    0s
     0     0    7.18336    0   46   12.00000    7.18336  40.1%     -    0s
H    0     0                      11.0000000    7.18336  34.7%     -    0s
     0     0    7.65045    0   54   11.00000    7.65045  30.5%     -    0s
     0     0    7.65045    0   54   11.00000    7.65045  30.5%     -    0s
     0     2    7.65045    0   54   11.00000    7.65045  30.5%     -    0s
H    6     8                      10.0000000    7.65045  23.5%  29.0    0s
*  125    10              11       9.0000000    7.65045  15.0%  19.0    0s

Cutting planes:
  Gomory: 2
  MIR: 2
  Zero half: 12

Explored 143 nodes (2687 simplex iterations) in 0.17 seconds (0.07 work units)
Thread count was 4 (of 4 available processors)

Solution count 9: 9 10 11 ... 45

Optimal solution found (tolerance 1.00e-04)
Best objective 9.000000000000e+00, best bound 9.000000000000e+00, gap 0.0000%

Gurobi 11.0.3 (win64, Java) logging started Tue Mar 18 22:37:25 2025

Set parameter Username
Set parameter LogFile to value "src/main/java/gzhu/yh/logger/ILP_RD12.log"
Academic license - for non-commercial use only - expires 2025-09-02
Gurobi Optimizer version 11.0.3 build v11.0.3rc0 (win64 - Windows 10.0 (19045.2))

CPU model: Intel(R) Core(TM) i5-7300HQ CPU @ 2.50GHz, instruction set [SSE2|AVX|AVX2]
Thread count: 4 physical cores, 4 logical processors, using up to 4 threads

Optimize a model with 138 rows, 138 columns and 1498 nonzeros
Model fingerprint: 0x33934149
Variable types: 0 continuous, 138 integer (138 binary)
Coefficient statistics:
  Matrix range     [1e+00, 1e+05]
  Objective range  [1e+00, 2e+00]
  Bounds range     [1e+00, 1e+00]
  RHS range        [1e+00, 1e+05]
Found heuristic solution: objective 46.0000000
Presolve removed 0 rows and 46 columns
Presolve time: 0.00s
Presolved: 138 rows, 92 columns, 1452 nonzeros
Variable types: 0 continuous, 92 integer (92 binary)

Root relaxation: objective 6.194738e+00, 117 iterations, 0.00 seconds (0.00 work units)

    Nodes    |    Current Node    |     Objective Bounds      |     Work
 Expl Unexpl |  Obj  Depth IntInf | Incumbent    BestBd   Gap | It/Node Time

     0     0    6.19474    0   48   46.00000    6.19474  86.5%     -    0s
H    0     0                      19.0000000    6.19474  67.4%     -    0s
H    0     0                      15.0000000    6.19474  58.7%     -    0s
H    0     0                      12.0000000    6.19474  48.4%     -    0s
     0     0    6.80282    0   40   12.00000    6.80282  43.3%     -    0s
H    0     0                      10.0000000    7.04401  29.6%     -    0s
     0     0    7.04401    0   40   10.00000    7.04401  29.6%     -    0s
     0     0    7.50979    0   46   10.00000    7.50979  24.9%     -    0s
     0     0    7.61080    0   50   10.00000    7.61080  23.9%     -    0s
     0     0    7.94237    0   58   10.00000    7.94237  20.6%     -    0s
     0     0    7.94237    0   58   10.00000    7.94237  20.6%     -    0s
     0     2    7.94237    0   58   10.00000    7.94237  20.6%     -    0s

Cutting planes:
  Gomory: 1
  MIR: 7
  Zero half: 8

Explored 109 nodes (2465 simplex iterations) in 0.21 seconds (0.08 work units)
Thread count was 4 (of 4 available processors)

Solution count 5: 10 12 15 ... 46

Optimal solution found (tolerance 1.00e-04)
Best objective 1.000000000000e+01, best bound 1.000000000000e+01, gap 0.0000%

Gurobi 11.0.3 (win64, Java) logging started Tue Mar 18 22:37:26 2025

Set parameter Username
Set parameter LogFile to value "src/main/java/gzhu/yh/logger/ILP_RD12.log"
Academic license - for non-commercial use only - expires 2025-09-02
Gurobi Optimizer version 11.0.3 build v11.0.3rc0 (win64 - Windows 10.0 (19045.2))

CPU model: Intel(R) Core(TM) i5-7300HQ CPU @ 2.50GHz, instruction set [SSE2|AVX|AVX2]
Thread count: 4 physical cores, 4 logical processors, using up to 4 threads

Optimize a model with 141 rows, 141 columns and 1523 nonzeros
Model fingerprint: 0x104d35a8
Variable types: 0 continuous, 141 integer (141 binary)
Coefficient statistics:
  Matrix range     [1e+00, 1e+05]
  Objective range  [1e+00, 2e+00]
  Bounds range     [1e+00, 1e+00]
  RHS range        [1e+00, 1e+05]
Found heuristic solution: objective 47.0000000
Presolve removed 0 rows and 47 columns
Presolve time: 0.00s
Presolved: 141 rows, 94 columns, 1476 nonzeros
Variable types: 0 continuous, 94 integer (94 binary)

Root relaxation: objective 6.542507e+00, 149 iterations, 0.00 seconds (0.00 work units)

    Nodes    |    Current Node    |     Objective Bounds      |     Work
 Expl Unexpl |  Obj  Depth IntInf | Incumbent    BestBd   Gap | It/Node Time

     0     0    6.54251    0   50   47.00000    6.54251  86.1%     -    0s
H    0     0                      19.0000000    6.54251  65.6%     -    0s
H    0     0                      17.0000000    6.54251  61.5%     -    0s
H    0     0                      15.0000000    6.54251  56.4%     -    0s
H    0     0                      14.0000000    6.62649  52.7%     -    0s
     0     0    6.90299    0   48   14.00000    6.90299  50.7%     -    0s
     0     0    7.05719    0   48   14.00000    7.05719  49.6%     -    0s
H    0     0                      11.0000000    7.21202  34.4%     -    0s
     0     0    7.52273    0   44   11.00000    7.52273  31.6%     -    0s
     0     0    7.54216    0   48   11.00000    7.54216  31.4%     -    0s
     0     0    7.90658    0   46   11.00000    7.90658  28.1%     -    0s
     0     0    7.92164    0   46   11.00000    7.92164  28.0%     -    0s
     0     0    7.92164    0   46   11.00000    7.92164  28.0%     -    0s
     0     0    8.19441    0   56   11.00000    8.19441  25.5%     -    0s
     0     0    8.19441    0   56   11.00000    8.19441  25.5%     -    0s
     0     2    8.19441    0   56   11.00000    8.19441  25.5%     -    0s
*   40    28               9      10.0000000    8.19441  18.1%  22.9    0s

Cutting planes:
  Gomory: 2
  MIR: 2
  Zero half: 16
  Mod-K: 1

Explored 127 nodes (2857 simplex iterations) in 0.23 seconds (0.09 work units)
Thread count was 4 (of 4 available processors)

Solution count 7: 10 11 14 ... 47

Optimal solution found (tolerance 1.00e-04)
Best objective 1.000000000000e+01, best bound 1.000000000000e+01, gap 0.0000%

Gurobi 11.0.3 (win64, Java) logging started Tue Mar 18 22:37:26 2025

Set parameter Username
Set parameter LogFile to value "src/main/java/gzhu/yh/logger/ILP_RD12.log"
Academic license - for non-commercial use only - expires 2025-09-02
Gurobi Optimizer version 11.0.3 build v11.0.3rc0 (win64 - Windows 10.0 (19045.2))

CPU model: Intel(R) Core(TM) i5-7300HQ CPU @ 2.50GHz, instruction set [SSE2|AVX|AVX2]
Thread count: 4 physical cores, 4 logical processors, using up to 4 threads

Optimize a model with 144 rows, 144 columns and 1652 nonzeros
Model fingerprint: 0xc3b747cb
Variable types: 0 continuous, 144 integer (144 binary)
Coefficient statistics:
  Matrix range     [1e+00, 1e+05]
  Objective range  [1e+00, 2e+00]
  Bounds range     [1e+00, 1e+00]
  RHS range        [1e+00, 1e+05]
Found heuristic solution: objective 48.0000000
Presolve removed 0 rows and 48 columns
Presolve time: 0.00s
Presolved: 144 rows, 96 columns, 1604 nonzeros
Variable types: 0 continuous, 96 integer (96 binary)

Root relaxation: objective 5.925051e+00, 149 iterations, 0.00 seconds (0.00 work units)

    Nodes    |    Current Node    |     Objective Bounds      |     Work
 Expl Unexpl |  Obj  Depth IntInf | Incumbent    BestBd   Gap | It/Node Time

     0     0    5.92505    0   48   48.00000    5.92505  87.7%     -    0s
H    0     0                      18.0000000    5.92505  67.1%     -    0s
H    0     0                      13.0000000    6.42424  50.6%     -    0s
     0     0    6.62927    0   52   13.00000    6.62927  49.0%     -    0s
     0     0    6.69240    0   48   13.00000    6.69240  48.5%     -    0s
     0     0    6.98052    0   44   13.00000    6.98052  46.3%     -    0s
     0     0    7.12249    0   44   13.00000    7.12249  45.2%     -    0s
H    0     0                      11.0000000    7.12249  35.3%     -    0s
H    0     0                      10.0000000    7.59230  24.1%     -    0s
     0     0    7.60494    0   50   10.00000    7.60494  24.0%     -    0s
     0     0    7.60494    0   50   10.00000    7.60494  24.0%     -    0s
     0     2    7.60494    0   50   10.00000    7.60494  24.0%     -    0s

Cutting planes:
  Gomory: 4
  MIR: 3
  Zero half: 4

Explored 180 nodes (3525 simplex iterations) in 0.17 seconds (0.10 work units)
Thread count was 4 (of 4 available processors)

Solution count 5: 10 11 13 ... 48

Optimal solution found (tolerance 1.00e-04)
Best objective 1.000000000000e+01, best bound 1.000000000000e+01, gap 0.0000%

Gurobi 11.0.3 (win64, Java) logging started Tue Mar 18 22:37:26 2025

Set parameter Username
Set parameter LogFile to value "src/main/java/gzhu/yh/logger/ILP_RD12.log"
Academic license - for non-commercial use only - expires 2025-09-02
Gurobi Optimizer version 11.0.3 build v11.0.3rc0 (win64 - Windows 10.0 (19045.2))

CPU model: Intel(R) Core(TM) i5-7300HQ CPU @ 2.50GHz, instruction set [SSE2|AVX|AVX2]
Thread count: 4 physical cores, 4 logical processors, using up to 4 threads

Optimize a model with 147 rows, 147 columns and 1653 nonzeros
Model fingerprint: 0xe6d84c55
Variable types: 0 continuous, 147 integer (147 binary)
Coefficient statistics:
  Matrix range     [1e+00, 1e+05]
  Objective range  [1e+00, 2e+00]
  Bounds range     [1e+00, 1e+00]
  RHS range        [1e+00, 1e+05]
Found heuristic solution: objective 49.0000000
Presolve removed 0 rows and 49 columns
Presolve time: 0.00s
Presolved: 147 rows, 98 columns, 1604 nonzeros
Variable types: 0 continuous, 98 integer (98 binary)

Root relaxation: objective 6.227920e+00, 131 iterations, 0.00 seconds (0.00 work units)

    Nodes    |    Current Node    |     Objective Bounds      |     Work
 Expl Unexpl |  Obj  Depth IntInf | Incumbent    BestBd   Gap | It/Node Time

     0     0    6.22792    0   44   49.00000    6.22792  87.3%     -    0s
H    0     0                      19.0000000    6.22792  67.2%     -    0s
H    0     0                      17.0000000    6.70481  60.6%     -    0s
H    0     0                      15.0000000    6.70481  55.3%     -    0s
     0     0    6.74024    0   52   15.00000    6.74024  55.1%     -    0s
     0     0    7.00098    0   50   15.00000    7.00098  53.3%     -    0s
     0     0    7.28555    0   48   15.00000    7.28555  51.4%     -    0s
H    0     0                      13.0000000    7.28555  44.0%     -    0s
     0     0    7.42423    0   50   13.00000    7.42423  42.9%     -    0s
H    0     0                      11.0000000    7.42423  32.5%     -    0s
     0     0    7.87037    0   48   11.00000    7.87037  28.5%     -    0s
     0     0    7.87037    0   48   11.00000    7.87037  28.5%     -    0s
     0     2    7.87037    0   48   11.00000    7.87037  28.5%     -    0s

Cutting planes:
  Gomory: 1
  MIR: 3
  Zero half: 5

Explored 373 nodes (6790 simplex iterations) in 0.25 seconds (0.13 work units)
Thread count was 4 (of 4 available processors)

Solution count 6: 11 13 15 ... 49

Optimal solution found (tolerance 1.00e-04)
Best objective 1.100000000000e+01, best bound 1.100000000000e+01, gap 0.0000%

Gurobi 11.0.3 (win64, Java) logging started Tue Mar 18 22:37:26 2025

Set parameter Username
Set parameter LogFile to value "src/main/java/gzhu/yh/logger/ILP_RD12.log"
Academic license - for non-commercial use only - expires 2025-09-02
Gurobi Optimizer version 11.0.3 build v11.0.3rc0 (win64 - Windows 10.0 (19045.2))

CPU model: Intel(R) Core(TM) i5-7300HQ CPU @ 2.50GHz, instruction set [SSE2|AVX|AVX2]
Thread count: 4 physical cores, 4 logical processors, using up to 4 threads

Optimize a model with 150 rows, 150 columns and 1694 nonzeros
Model fingerprint: 0x2ebae1c6
Variable types: 0 continuous, 150 integer (150 binary)
Coefficient statistics:
  Matrix range     [1e+00, 1e+05]
  Objective range  [1e+00, 2e+00]
  Bounds range     [1e+00, 1e+00]
  RHS range        [1e+00, 1e+05]
Found heuristic solution: objective 50.0000000
Presolve removed 0 rows and 50 columns
Presolve time: 0.00s
Presolved: 150 rows, 100 columns, 1644 nonzeros
Variable types: 0 continuous, 100 integer (100 binary)

Root relaxation: objective 6.809012e+00, 185 iterations, 0.00 seconds (0.00 work units)

    Nodes    |    Current Node    |     Objective Bounds      |     Work
 Expl Unexpl |  Obj  Depth IntInf | Incumbent    BestBd   Gap | It/Node Time

     0     0    6.80901    0   54   50.00000    6.80901  86.4%     -    0s
H    0     0                      21.0000000    6.80901  67.6%     -    0s
H    0     0                      20.0000000    6.80901  66.0%     -    0s
H    0     0                      16.0000000    6.95110  56.6%     -    0s
     0     0    7.04122    0   52   16.00000    7.04122  56.0%     -    0s
H    0     0                      14.0000000    7.04122  49.7%     -    0s
     0     0    7.05593    0   56   14.00000    7.05593  49.6%     -    0s
     0     0    7.70760    0   58   14.00000    7.70760  44.9%     -    0s
H    0     0                      13.0000000    7.70760  40.7%     -    0s
     0     0    7.80922    0   60   13.00000    7.80922  39.9%     -    0s
     0     0    7.98363    0   58   13.00000    7.98363  38.6%     -    0s
     0     0    7.98363    0   58   13.00000    7.98363  38.6%     -    0s
H    0     2                      12.0000000    7.98363  33.5%     -    0s
     0     2    7.98363    0   58   12.00000    7.98363  33.5%     -    0s
H   31    25                      11.0000000    7.98363  27.4%  30.2    0s

Cutting planes:
  Gomory: 1
  MIR: 3
  Zero half: 7

Explored 412 nodes (8232 simplex iterations) in 0.23 seconds (0.16 work units)
Thread count was 4 (of 4 available processors)

Solution count 8: 11 12 13 ... 50

Optimal solution found (tolerance 1.00e-04)
Best objective 1.100000000000e+01, best bound 1.100000000000e+01, gap 0.0000%

Gurobi 11.0.3 (win64, Java) logging started Tue Mar 18 22:37:27 2025

Set parameter Username
Set parameter LogFile to value "src/main/java/gzhu/yh/logger/ILP_RD12.log"
Academic license - for non-commercial use only - expires 2025-09-02
Gurobi Optimizer version 11.0.3 build v11.0.3rc0 (win64 - Windows 10.0 (19045.2))

CPU model: Intel(R) Core(TM) i5-7300HQ CPU @ 2.50GHz, instruction set [SSE2|AVX|AVX2]
Thread count: 4 physical cores, 4 logical processors, using up to 4 threads

Optimize a model with 153 rows, 153 columns and 1663 nonzeros
Model fingerprint: 0xce9ecf8e
Variable types: 0 continuous, 153 integer (153 binary)
Coefficient statistics:
  Matrix range     [1e+00, 1e+05]
  Objective range  [1e+00, 2e+00]
  Bounds range     [1e+00, 1e+00]
  RHS range        [1e+00, 1e+05]
Found heuristic solution: objective 51.0000000
Presolve removed 0 rows and 51 columns
Presolve time: 0.00s
Presolved: 153 rows, 102 columns, 1612 nonzeros
Variable types: 0 continuous, 102 integer (102 binary)

Root relaxation: objective 7.376623e+00, 143 iterations, 0.00 seconds (0.00 work units)

    Nodes    |    Current Node    |     Objective Bounds      |     Work
 Expl Unexpl |  Obj  Depth IntInf | Incumbent    BestBd   Gap | It/Node Time

     0     0    7.37662    0   46   51.00000    7.37662  85.5%     -    0s
H    0     0                      19.0000000    7.37662  61.2%     -    0s
H    0     0                      14.0000000    7.37662  47.3%     -    0s
H    0     0                      13.0000000    7.48342  42.4%     -    0s
     0     0    7.59542    0   48   13.00000    7.59542  41.6%     -    0s
     0     0    7.74607    0   44   13.00000    7.74607  40.4%     -    0s
     0     0    7.92571    0   46   13.00000    7.92571  39.0%     -    0s
H    0     0                      11.0000000    7.92571  27.9%     -    0s
     0     0    7.93333    0   46   11.00000    7.93333  27.9%     -    0s
     0     0    8.52382    0   50   11.00000    8.52382  22.5%     -    0s
     0     0    8.52382    0   50   11.00000    8.52382  22.5%     -    0s
     0     2    8.52382    0   50   11.00000    8.52382  22.5%     -    0s

Cutting planes:
  Gomory: 2
  MIR: 2
  Zero half: 3

Explored 167 nodes (3684 simplex iterations) in 0.14 seconds (0.09 work units)
Thread count was 4 (of 4 available processors)

Solution count 5: 11 13 14 ... 51

Optimal solution found (tolerance 1.00e-04)
Best objective 1.100000000000e+01, best bound 1.100000000000e+01, gap 0.0000%

Gurobi 11.0.3 (win64, Java) logging started Tue Mar 18 22:37:27 2025

Set parameter Username
Set parameter LogFile to value "src/main/java/gzhu/yh/logger/ILP_RD12.log"
Academic license - for non-commercial use only - expires 2025-09-02
Gurobi Optimizer version 11.0.3 build v11.0.3rc0 (win64 - Windows 10.0 (19045.2))

CPU model: Intel(R) Core(TM) i5-7300HQ CPU @ 2.50GHz, instruction set [SSE2|AVX|AVX2]
Thread count: 4 physical cores, 4 logical processors, using up to 4 threads

Optimize a model with 156 rows, 156 columns and 1804 nonzeros
Model fingerprint: 0xe67e3e38
Variable types: 0 continuous, 156 integer (156 binary)
Coefficient statistics:
  Matrix range     [1e+00, 1e+05]
  Objective range  [1e+00, 2e+00]
  Bounds range     [1e+00, 1e+00]
  RHS range        [1e+00, 1e+05]
Found heuristic solution: objective 52.0000000
Presolve removed 0 rows and 52 columns
Presolve time: 0.00s
Presolved: 156 rows, 104 columns, 1752 nonzeros
Variable types: 0 continuous, 104 integer (104 binary)

Root relaxation: objective 6.578353e+00, 181 iterations, 0.00 seconds (0.00 work units)

    Nodes    |    Current Node    |     Objective Bounds      |     Work
 Expl Unexpl |  Obj  Depth IntInf | Incumbent    BestBd   Gap | It/Node Time

     0     0    6.57835    0   56   52.00000    6.57835  87.3%     -    0s
H    0     0                      21.0000000    6.57835  68.7%     -    0s
H    0     0                      17.0000000    6.57835  61.3%     -    0s
H    0     0                      16.0000000    7.03154  56.1%     -    0s
     0     0    7.27965    0   56   16.00000    7.27965  54.5%     -    0s
     0     0    7.32560    0   54   16.00000    7.32560  54.2%     -    0s
H    0     0                      14.0000000    7.55339  46.0%     -    0s
     0     0    7.55339    0   60   14.00000    7.55339  46.0%     -    0s
     0     0    7.60121    0   56   14.00000    7.60121  45.7%     -    0s
     0     0    7.94375    0   62   14.00000    7.94375  43.3%     -    0s
     0     0    7.94375    0   62   14.00000    7.94375  43.3%     -    0s
     0     2    7.94375    0   62   14.00000    7.94375  43.3%     -    0s
H   33    38                      13.0000000    7.94375  38.9%  31.5    0s
H   49    54                      11.0000000    7.94375  27.8%  27.4    0s

Cutting planes:
  Gomory: 2
  MIR: 3
  Zero half: 25

Explored 429 nodes (8738 simplex iterations) in 0.28 seconds (0.19 work units)
Thread count was 4 (of 4 available processors)

Solution count 7: 11 13 14 ... 52

Optimal solution found (tolerance 1.00e-04)
Best objective 1.100000000000e+01, best bound 1.100000000000e+01, gap 0.0000%

Gurobi 11.0.3 (win64, Java) logging started Tue Mar 18 22:37:27 2025

Set parameter Username
Set parameter LogFile to value "src/main/java/gzhu/yh/logger/ILP_RD12.log"
Academic license - for non-commercial use only - expires 2025-09-02
Gurobi Optimizer version 11.0.3 build v11.0.3rc0 (win64 - Windows 10.0 (19045.2))

CPU model: Intel(R) Core(TM) i5-7300HQ CPU @ 2.50GHz, instruction set [SSE2|AVX|AVX2]
Thread count: 4 physical cores, 4 logical processors, using up to 4 threads

Optimize a model with 159 rows, 159 columns and 1941 nonzeros
Model fingerprint: 0x283e9893
Variable types: 0 continuous, 159 integer (159 binary)
Coefficient statistics:
  Matrix range     [1e+00, 1e+05]
  Objective range  [1e+00, 2e+00]
  Bounds range     [1e+00, 1e+00]
  RHS range        [1e+00, 1e+05]
Found heuristic solution: objective 53.0000000
Presolve removed 0 rows and 53 columns
Presolve time: 0.00s
Presolved: 159 rows, 106 columns, 1888 nonzeros
Variable types: 0 continuous, 106 integer (106 binary)

Root relaxation: objective 6.608942e+00, 157 iterations, 0.00 seconds (0.00 work units)

    Nodes    |    Current Node    |     Objective Bounds      |     Work
 Expl Unexpl |  Obj  Depth IntInf | Incumbent    BestBd   Gap | It/Node Time

     0     0    6.60894    0   50   53.00000    6.60894  87.5%     -    0s
H    0     0                      23.0000000    6.60894  71.3%     -    0s
H    0     0                      22.0000000    6.60894  70.0%     -    0s
H    0     0                      21.0000000    6.60894  68.5%     -    0s
H    0     0                      16.0000000    6.60894  58.7%     -    0s
     0     0    6.80713    0   54   16.00000    6.80713  57.5%     -    0s
     0     0    6.97367    0   54   16.00000    6.97367  56.4%     -    0s
     0     0    6.97367    0   52   16.00000    6.97367  56.4%     -    0s
H    0     0                      14.0000000    6.97367  50.2%     -    0s
     0     0    6.97367    0   48   14.00000    6.97367  50.2%     -    0s
H    0     0                      12.0000000    7.21527  39.9%     -    0s
H    0     0                      11.0000000    7.21527  34.4%     -    0s
     0     0    7.46974    0   56   11.00000    7.46974  32.1%     -    0s
     0     0    7.56258    0   56   11.00000    7.56258  31.2%     -    0s
     0     2    7.56258    0   56   11.00000    7.56258  31.2%     -    0s

Cutting planes:
  Gomory: 3
  Zero half: 6

Explored 439 nodes (9482 simplex iterations) in 0.48 seconds (0.19 work units)
Thread count was 4 (of 4 available processors)

Solution count 8: 11 12 14 ... 53

Optimal solution found (tolerance 1.00e-04)
Best objective 1.100000000000e+01, best bound 1.100000000000e+01, gap 0.0000%

Gurobi 11.0.3 (win64, Java) logging started Tue Mar 18 22:37:27 2025

Set parameter Username
Set parameter LogFile to value "src/main/java/gzhu/yh/logger/ILP_RD12.log"
Academic license - for non-commercial use only - expires 2025-09-02
Gurobi Optimizer version 11.0.3 build v11.0.3rc0 (win64 - Windows 10.0 (19045.2))

CPU model: Intel(R) Core(TM) i5-7300HQ CPU @ 2.50GHz, instruction set [SSE2|AVX|AVX2]
Thread count: 4 physical cores, 4 logical processors, using up to 4 threads

Optimize a model with 162 rows, 162 columns and 2042 nonzeros
Model fingerprint: 0x2d67c57a
Variable types: 0 continuous, 162 integer (162 binary)
Coefficient statistics:
  Matrix range     [1e+00, 1e+05]
  Objective range  [1e+00, 2e+00]
  Bounds range     [1e+00, 1e+00]
  RHS range        [1e+00, 1e+05]
Found heuristic solution: objective 54.0000000
Presolve removed 0 rows and 54 columns
Presolve time: 0.00s
Presolved: 162 rows, 108 columns, 1988 nonzeros
Variable types: 0 continuous, 108 integer (108 binary)

Root relaxation: objective 6.414319e+00, 204 iterations, 0.00 seconds (0.00 work units)

    Nodes    |    Current Node    |     Objective Bounds      |     Work
 Expl Unexpl |  Obj  Depth IntInf | Incumbent    BestBd   Gap | It/Node Time

     0     0    6.41432    0   56   54.00000    6.41432  88.1%     -    0s
H    0     0                      21.0000000    6.41432  69.5%     -    0s
     0     0    6.57054    0   54   21.00000    6.57054  68.7%     -    0s
H    0     0                      14.0000000    6.57054  53.1%     -    0s
     0     0    6.61080    0   54   14.00000    6.61080  52.8%     -    0s
     0     0    6.67995    0   62   14.00000    6.67995  52.3%     -    0s
     0     0    6.68801    0   56   14.00000    6.68801  52.2%     -    0s
     0     0    7.04687    0   58   14.00000    7.04687  49.7%     -    0s
     0     0    7.07355    0   64   14.00000    7.07355  49.5%     -    0s
     0     0    7.27644    0   56   14.00000    7.27644  48.0%     -    0s
     0     0    7.29691    0   56   14.00000    7.29691  47.9%     -    0s
     0     2    7.29691    0   56   14.00000    7.29691  47.9%     -    0s
H   10    12                      12.0000000    7.29691  39.2%  38.0    0s
* 1302   287               5      11.0000000    8.91517  19.0%  19.5    0s

Cutting planes:
  Gomory: 5
  MIR: 2
  Zero half: 3

Explored 1718 nodes (31052 simplex iterations) in 0.89 seconds (0.49 work units)
Thread count was 4 (of 4 available processors)

Solution count 5: 11 12 14 ... 54

Optimal solution found (tolerance 1.00e-04)
Best objective 1.100000000000e+01, best bound 1.100000000000e+01, gap 0.0000%

Gurobi 11.0.3 (win64, Java) logging started Tue Mar 18 22:37:28 2025

Set parameter Username
Set parameter LogFile to value "src/main/java/gzhu/yh/logger/ILP_RD12.log"
Academic license - for non-commercial use only - expires 2025-09-02
Gurobi Optimizer version 11.0.3 build v11.0.3rc0 (win64 - Windows 10.0 (19045.2))

CPU model: Intel(R) Core(TM) i5-7300HQ CPU @ 2.50GHz, instruction set [SSE2|AVX|AVX2]
Thread count: 4 physical cores, 4 logical processors, using up to 4 threads

Optimize a model with 165 rows, 165 columns and 2155 nonzeros
Model fingerprint: 0xccda1782
Variable types: 0 continuous, 165 integer (165 binary)
Coefficient statistics:
  Matrix range     [1e+00, 1e+05]
  Objective range  [1e+00, 2e+00]
  Bounds range     [1e+00, 1e+00]
  RHS range        [1e+00, 1e+05]
Found heuristic solution: objective 55.0000000
Presolve removed 0 rows and 55 columns
Presolve time: 0.00s
Presolved: 165 rows, 110 columns, 2100 nonzeros
Variable types: 0 continuous, 110 integer (110 binary)

Root relaxation: objective 6.370123e+00, 176 iterations, 0.00 seconds (0.00 work units)

    Nodes    |    Current Node    |     Objective Bounds      |     Work
 Expl Unexpl |  Obj  Depth IntInf | Incumbent    BestBd   Gap | It/Node Time

     0     0    6.37012    0   64   55.00000    6.37012  88.4%     -    0s
H    0     0                      20.0000000    6.37012  68.1%     -    0s
H    0     0                      16.0000000    6.61517  58.7%     -    0s
     0     0    6.61517    0   62   16.00000    6.61517  58.7%     -    0s
H    0     0                      14.0000000    6.61517  52.7%     -    0s
     0     0    6.61517    0   58   14.00000    6.61517  52.7%     -    0s
     0     0    6.85633    0   60   14.00000    6.85633  51.0%     -    0s
     0     0    6.93706    0   54   14.00000    6.93706  50.4%     -    0s
     0     0    7.69176    0   54   14.00000    7.69176  45.1%     -    0s
     0     0    7.72362    0   60   14.00000    7.72362  44.8%     -    0s
     0     0    7.72610    0   60   14.00000    7.72610  44.8%     -    0s
     0     0    7.72921    0   60   14.00000    7.72921  44.8%     -    0s
     0     0    7.72921    0   58   14.00000    7.72921  44.8%     -    0s
     0     0    7.76549    0   60   14.00000    7.76549  44.5%     -    0s
     0     0    7.76669    0   64   14.00000    7.76669  44.5%     -    0s
     0     0    7.76669    0   66   14.00000    7.76669  44.5%     -    0s
     0     0    7.76884    0   66   14.00000    7.76884  44.5%     -    0s
     0     0    7.77403    0   64   14.00000    7.77403  44.5%     -    0s
     0     0    7.77403    0   62   14.00000    7.77403  44.5%     -    0s
     0     0    7.80975    0   60   14.00000    7.80975  44.2%     -    0s
     0     0    7.83925    0   64   14.00000    7.83925  44.0%     -    0s
H    0     0                      13.0000000    8.17519  37.1%     -    0s
     0     0    8.21623    0   66   13.00000    8.21623  36.8%     -    0s
     0     0    8.21623    0   66   13.00000    8.21623  36.8%     -    0s
     0     2    8.21623    0   66   13.00000    8.21623  36.8%     -    0s
H   41    42                      11.0000000    8.21623  25.3%  31.4    0s

Cutting planes:
  Gomory: 5
  MIR: 5
  Zero half: 16

Explored 617 nodes (13320 simplex iterations) in 0.55 seconds (0.30 work units)
Thread count was 4 (of 4 available processors)

Solution count 6: 11 13 14 ... 55

Optimal solution found (tolerance 1.00e-04)
Best objective 1.100000000000e+01, best bound 1.100000000000e+01, gap 0.0000%

Gurobi 11.0.3 (win64, Java) logging started Tue Mar 18 22:37:29 2025

Set parameter Username
Set parameter LogFile to value "src/main/java/gzhu/yh/logger/ILP_RD12.log"
Academic license - for non-commercial use only - expires 2025-09-02
Gurobi Optimizer version 11.0.3 build v11.0.3rc0 (win64 - Windows 10.0 (19045.2))

CPU model: Intel(R) Core(TM) i5-7300HQ CPU @ 2.50GHz, instruction set [SSE2|AVX|AVX2]
Thread count: 4 physical cores, 4 logical processors, using up to 4 threads

Optimize a model with 168 rows, 168 columns and 2160 nonzeros
Model fingerprint: 0x6667dab8
Variable types: 0 continuous, 168 integer (168 binary)
Coefficient statistics:
  Matrix range     [1e+00, 1e+05]
  Objective range  [1e+00, 2e+00]
  Bounds range     [1e+00, 1e+00]
  RHS range        [1e+00, 1e+05]
Found heuristic solution: objective 56.0000000
Presolve removed 0 rows and 56 columns
Presolve time: 0.00s
Presolved: 168 rows, 112 columns, 2104 nonzeros
Variable types: 0 continuous, 112 integer (112 binary)

Root relaxation: objective 6.816595e+00, 190 iterations, 0.00 seconds (0.00 work units)

    Nodes    |    Current Node    |     Objective Bounds      |     Work
 Expl Unexpl |  Obj  Depth IntInf | Incumbent    BestBd   Gap | It/Node Time

     0     0    6.81659    0   54   56.00000    6.81659  87.8%     -    0s
H    0     0                      23.0000000    6.81659  70.4%     -    0s
H    0     0                      22.0000000    6.93446  68.5%     -    0s
H    0     0                      17.0000000    6.93446  59.2%     -    0s
     0     0    6.93446    0   58   17.00000    6.93446  59.2%     -    0s
H    0     0                      12.0000000    6.98191  41.8%     -    0s
     0     0    7.23608    0   52   12.00000    7.23608  39.7%     -    0s
     0     0    7.40060    0   50   12.00000    7.40060  38.3%     -    0s
     0     0    7.40060    0   54   12.00000    7.40060  38.3%     -    0s
     0     0    7.80727    0   56   12.00000    7.80727  34.9%     -    0s
     0     0    7.80727    0   56   12.00000    7.80727  34.9%     -    0s
     0     2    7.80727    0   56   12.00000    7.80727  34.9%     -    0s

Cutting planes:
  Gomory: 2
  MIR: 3
  Zero half: 5

Explored 1603 nodes (31517 simplex iterations) in 0.53 seconds (0.45 work units)
Thread count was 4 (of 4 available processors)

Solution count 5: 12 17 22 ... 56

Optimal solution found (tolerance 1.00e-04)
Best objective 1.200000000000e+01, best bound 1.200000000000e+01, gap 0.0000%

Gurobi 11.0.3 (win64, Java) logging started Tue Mar 18 22:37:30 2025

Set parameter Username
Set parameter LogFile to value "src/main/java/gzhu/yh/logger/ILP_RD12.log"
Academic license - for non-commercial use only - expires 2025-09-02
Gurobi Optimizer version 11.0.3 build v11.0.3rc0 (win64 - Windows 10.0 (19045.2))

CPU model: Intel(R) Core(TM) i5-7300HQ CPU @ 2.50GHz, instruction set [SSE2|AVX|AVX2]
Thread count: 4 physical cores, 4 logical processors, using up to 4 threads

Optimize a model with 171 rows, 171 columns and 2173 nonzeros
Model fingerprint: 0x6afd83b8
Variable types: 0 continuous, 171 integer (171 binary)
Coefficient statistics:
  Matrix range     [1e+00, 1e+05]
  Objective range  [1e+00, 2e+00]
  Bounds range     [1e+00, 1e+00]
  RHS range        [1e+00, 1e+05]
Found heuristic solution: objective 57.0000000
Presolve removed 0 rows and 57 columns
Presolve time: 0.00s
Presolved: 171 rows, 114 columns, 2116 nonzeros
Variable types: 0 continuous, 114 integer (114 binary)

Root relaxation: objective 6.508086e+00, 183 iterations, 0.00 seconds (0.00 work units)

    Nodes    |    Current Node    |     Objective Bounds      |     Work
 Expl Unexpl |  Obj  Depth IntInf | Incumbent    BestBd   Gap | It/Node Time

     0     0    6.50809    0   56   57.00000    6.50809  88.6%     -    0s
H    0     0                      22.0000000    6.50809  70.4%     -    0s
H    0     0                      15.0000000    6.87346  54.2%     -    0s
     0     0    6.91059    0   58   15.00000    6.91059  53.9%     -    0s
H    0     0                      11.0000000    6.91059  37.2%     -    0s
     0     0    7.00369    0   56   11.00000    7.00369  36.3%     -    0s
     0     0    7.13924    0   56   11.00000    7.13924  35.1%     -    0s
     0     0    7.13924    0   54   11.00000    7.13924  35.1%     -    0s
     0     0    7.80528    0   60   11.00000    7.80528  29.0%     -    0s
     0     0    7.81806    0   58   11.00000    7.81806  28.9%     -    0s
     0     0    8.04663    0   66   11.00000    8.04663  26.8%     -    0s
     0     0    8.04676    0   66   11.00000    8.04676  26.8%     -    0s
     0     2    8.04676    0   66   11.00000    8.04676  26.8%     -    0s
*   57    40               9      10.0000000    8.04676  19.5%  27.0    0s

Cutting planes:
  Gomory: 1
  MIR: 2
  Zero half: 8

Explored 160 nodes (3979 simplex iterations) in 0.25 seconds (0.16 work units)
Thread count was 4 (of 4 available processors)

Solution count 5: 10 11 15 ... 57

Optimal solution found (tolerance 1.00e-04)
Best objective 1.000000000000e+01, best bound 1.000000000000e+01, gap 0.0000%

Gurobi 11.0.3 (win64, Java) logging started Tue Mar 18 22:37:30 2025

Set parameter Username
Set parameter LogFile to value "src/main/java/gzhu/yh/logger/ILP_RD12.log"
Academic license - for non-commercial use only - expires 2025-09-02
Gurobi Optimizer version 11.0.3 build v11.0.3rc0 (win64 - Windows 10.0 (19045.2))

CPU model: Intel(R) Core(TM) i5-7300HQ CPU @ 2.50GHz, instruction set [SSE2|AVX|AVX2]
Thread count: 4 physical cores, 4 logical processors, using up to 4 threads

Optimize a model with 174 rows, 174 columns and 2366 nonzeros
Model fingerprint: 0xabd3266b
Variable types: 0 continuous, 174 integer (174 binary)
Coefficient statistics:
  Matrix range     [1e+00, 1e+05]
  Objective range  [1e+00, 2e+00]
  Bounds range     [1e+00, 1e+00]
  RHS range        [1e+00, 1e+05]
Found heuristic solution: objective 58.0000000
Presolve removed 0 rows and 58 columns
Presolve time: 0.00s
Presolved: 174 rows, 116 columns, 2308 nonzeros
Variable types: 0 continuous, 116 integer (116 binary)

Root relaxation: objective 6.512506e+00, 214 iterations, 0.00 seconds (0.00 work units)

    Nodes    |    Current Node    |     Objective Bounds      |     Work
 Expl Unexpl |  Obj  Depth IntInf | Incumbent    BestBd   Gap | It/Node Time

     0     0    6.51251    0   60   58.00000    6.51251  88.8%     -    0s
H    0     0                      17.0000000    6.51251  61.7%     -    0s
     0     0    6.77451    0   54   17.00000    6.77451  60.1%     -    0s
     0     0    6.77451    0   54   17.00000    6.77451  60.1%     -    0s
     0     0    6.77451    0   60   17.00000    6.77451  60.1%     -    0s
     0     0    6.78980    0   56   17.00000    6.78980  60.1%     -    0s
     0     0    7.55985    0   58   17.00000    7.55985  55.5%     -    0s
     0     0    7.55985    0   58   17.00000    7.55985  55.5%     -    0s
H    0     0                      14.0000000    7.55985  46.0%     -    0s
     0     2    7.55985    0   58   14.00000    7.55985  46.0%     -    0s
*   58    58              14      13.0000000    7.55985  41.8%  29.2    0s
H  195   126                      12.0000000    7.55985  37.0%  23.9    0s
*  977   242              18      11.0000000    8.58180  22.0%  21.5    1s

Cutting planes:
  Gomory: 2
  MIR: 2
  Zero half: 9

Explored 1482 nodes (29639 simplex iterations) in 1.20 seconds (0.50 work units)
Thread count was 4 (of 4 available processors)

Solution count 6: 11 12 13 ... 58

Optimal solution found (tolerance 1.00e-04)
Best objective 1.100000000000e+01, best bound 1.100000000000e+01, gap 0.0000%

Gurobi 11.0.3 (win64, Java) logging started Tue Mar 18 22:37:31 2025

Set parameter Username
Set parameter LogFile to value "src/main/java/gzhu/yh/logger/ILP_RD12.log"
Academic license - for non-commercial use only - expires 2025-09-02
Gurobi Optimizer version 11.0.3 build v11.0.3rc0 (win64 - Windows 10.0 (19045.2))

CPU model: Intel(R) Core(TM) i5-7300HQ CPU @ 2.50GHz, instruction set [SSE2|AVX|AVX2]
Thread count: 4 physical cores, 4 logical processors, using up to 4 threads

Optimize a model with 177 rows, 177 columns and 2459 nonzeros
Model fingerprint: 0x90162e60
Variable types: 0 continuous, 177 integer (177 binary)
Coefficient statistics:
  Matrix range     [1e+00, 1e+05]
  Objective range  [1e+00, 2e+00]
  Bounds range     [1e+00, 1e+00]
  RHS range        [1e+00, 1e+05]
Found heuristic solution: objective 59.0000000
Presolve removed 0 rows and 59 columns
Presolve time: 0.00s
Presolved: 177 rows, 118 columns, 2400 nonzeros
Variable types: 0 continuous, 118 integer (118 binary)

Root relaxation: objective 6.166268e+00, 210 iterations, 0.00 seconds (0.00 work units)

    Nodes    |    Current Node    |     Objective Bounds      |     Work
 Expl Unexpl |  Obj  Depth IntInf | Incumbent    BestBd   Gap | It/Node Time

     0     0    6.16627    0   68   59.00000    6.16627  89.5%     -    0s
H    0     0                      22.0000000    6.16627  72.0%     -    0s
H    0     0                      20.0000000    6.41764  67.9%     -    0s
     0     0    6.41764    0   60   20.00000    6.41764  67.9%     -    0s
H    0     0                      16.0000000    6.41764  59.9%     -    0s
     0     0    6.41764    0   60   16.00000    6.41764  59.9%     -    0s
H    0     0                      14.0000000    6.41764  54.2%     -    0s
     0     0    6.41764    0   62   14.00000    6.41764  54.2%     -    0s
H    0     0                      11.0000000    6.41764  41.7%     -    0s
     0     0    6.41764    0   66   11.00000    6.41764  41.7%     -    0s
     0     0    7.24557    0   70   11.00000    7.24557  34.1%     -    0s
     0     0    7.24557    0   70   11.00000    7.24557  34.1%     -    0s
     0     2    7.24557    0   70   11.00000    7.24557  34.1%     -    0s

Cutting planes:
  Gomory: 2
  MIR: 4
  Zero half: 4

Explored 1001 nodes (22236 simplex iterations) in 0.49 seconds (0.44 work units)
Thread count was 4 (of 4 available processors)

Solution count 6: 11 14 16 ... 59

Optimal solution found (tolerance 1.00e-04)
Best objective 1.100000000000e+01, best bound 1.100000000000e+01, gap 0.0000%

Gurobi 11.0.3 (win64, Java) logging started Tue Mar 18 22:37:32 2025

Set parameter Username
Set parameter LogFile to value "src/main/java/gzhu/yh/logger/ILP_RD12.log"
Academic license - for non-commercial use only - expires 2025-09-02
Gurobi Optimizer version 11.0.3 build v11.0.3rc0 (win64 - Windows 10.0 (19045.2))

CPU model: Intel(R) Core(TM) i5-7300HQ CPU @ 2.50GHz, instruction set [SSE2|AVX|AVX2]
Thread count: 4 physical cores, 4 logical processors, using up to 4 threads

Optimize a model with 180 rows, 180 columns and 2292 nonzeros
Model fingerprint: 0xf8cbf360
Variable types: 0 continuous, 180 integer (180 binary)
Coefficient statistics:
  Matrix range     [1e+00, 1e+05]
  Objective range  [1e+00, 2e+00]
  Bounds range     [1e+00, 1e+00]
  RHS range        [1e+00, 1e+05]
Found heuristic solution: objective 60.0000000
Presolve removed 0 rows and 60 columns
Presolve time: 0.00s
Presolved: 180 rows, 120 columns, 2232 nonzeros
Variable types: 0 continuous, 120 integer (120 binary)

Root relaxation: objective 7.078222e+00, 173 iterations, 0.00 seconds (0.00 work units)

    Nodes    |    Current Node    |     Objective Bounds      |     Work
 Expl Unexpl |  Obj  Depth IntInf | Incumbent    BestBd   Gap | It/Node Time

     0     0    7.07822    0   64   60.00000    7.07822  88.2%     -    0s
H    0     0                      24.0000000    7.07822  70.5%     -    0s
H    0     0                      21.0000000    7.07822  66.3%     -    0s
H    0     0                      20.0000000    7.38681  63.1%     -    0s
H    0     0                      18.0000000    7.38681  59.0%     -    0s
     0     0    7.38681    0   68   18.00000    7.38681  59.0%     -    0s
H    0     0                      17.0000000    7.38681  56.5%     -    0s
     0     0    7.38681    0   62   17.00000    7.38681  56.5%     -    0s
     0     0    7.38681    0   60   17.00000    7.38681  56.5%     -    0s
H    0     0                      14.0000000    7.38681  47.2%     -    0s
     0     0    7.41771    0   52   14.00000    7.41771  47.0%     -    0s
     0     0    8.41104    0   60   14.00000    8.41104  39.9%     -    0s
     0     0    8.41104    0   60   14.00000    8.41104  39.9%     -    0s
     0     2    8.41104    0   60   14.00000    8.41104  39.9%     -    0s
H   41    44                      12.0000000    8.41104  29.9%  34.0    0s

Cutting planes:
  Gomory: 2
  MIR: 5
  Zero half: 7

Explored 810 nodes (17608 simplex iterations) in 0.41 seconds (0.37 work units)
Thread count was 4 (of 4 available processors)

Solution count 8: 12 14 17 ... 60

Optimal solution found (tolerance 1.00e-04)
Best objective 1.200000000000e+01, best bound 1.200000000000e+01, gap 0.0000%

Gurobi 11.0.3 (win64, Java) logging started Tue Mar 18 22:37:32 2025

Set parameter Username
Set parameter LogFile to value "src/main/java/gzhu/yh/logger/ILP_RD12.log"
Academic license - for non-commercial use only - expires 2025-09-02
Gurobi Optimizer version 11.0.3 build v11.0.3rc0 (win64 - Windows 10.0 (19045.2))

CPU model: Intel(R) Core(TM) i5-7300HQ CPU @ 2.50GHz, instruction set [SSE2|AVX|AVX2]
Thread count: 4 physical cores, 4 logical processors, using up to 4 threads

Optimize a model with 183 rows, 183 columns and 2425 nonzeros
Model fingerprint: 0x9d702c9c
Variable types: 0 continuous, 183 integer (183 binary)
Coefficient statistics:
  Matrix range     [1e+00, 1e+05]
  Objective range  [1e+00, 2e+00]
  Bounds range     [1e+00, 1e+00]
  RHS range        [1e+00, 1e+05]
Found heuristic solution: objective 61.0000000
Presolve removed 0 rows and 61 columns
Presolve time: 0.00s
Presolved: 183 rows, 122 columns, 2364 nonzeros
Variable types: 0 continuous, 122 integer (122 binary)

Root relaxation: objective 6.925534e+00, 196 iterations, 0.00 seconds (0.00 work units)

    Nodes    |    Current Node    |     Objective Bounds      |     Work
 Expl Unexpl |  Obj  Depth IntInf | Incumbent    BestBd   Gap | It/Node Time

     0     0    6.92553    0   56   61.00000    6.92553  88.6%     -    0s
H    0     0                      23.0000000    6.92553  69.9%     -    0s
     0     0    7.11351    0   58   23.00000    7.11351  69.1%     -    0s
H    0     0                      21.0000000    7.11351  66.1%     -    0s
H    0     0                      18.0000000    7.27856  59.6%     -    0s
     0     0    7.27856    0   58   18.00000    7.27856  59.6%     -    0s
H    0     0                      16.0000000    7.35587  54.0%     -    0s
     0     0    7.50382    0   54   16.00000    7.50382  53.1%     -    0s
     0     0    7.50382    0   54   16.00000    7.50382  53.1%     -    0s
     0     0    7.77223    0   50   16.00000    7.77223  51.4%     -    0s
     0     0    7.78300    0   52   16.00000    7.78300  51.4%     -    0s
     0     0    8.40479    0   58   16.00000    8.40479  47.5%     -    0s
     0     0    8.40479    0   58   16.00000    8.40479  47.5%     -    0s
     0     2    8.40479    0   58   16.00000    8.40479  47.5%     -    0s
*   54    50               9      15.0000000    8.40479  44.0%  36.7    0s
H   75    66                      14.0000000    8.40479  40.0%  33.8    0s
H  167    99                      13.0000000    8.40479  35.3%  27.2    0s

Cutting planes:
  Gomory: 4
  MIR: 3
  Inf proof: 1
  Zero half: 7

Explored 2873 nodes (58812 simplex iterations) in 0.76 seconds (0.72 work units)
Thread count was 4 (of 4 available processors)

Solution count 8: 13 14 15 ... 61

Optimal solution found (tolerance 1.00e-04)
Best objective 1.300000000000e+01, best bound 1.300000000000e+01, gap 0.0000%

Gurobi 11.0.3 (win64, Java) logging started Tue Mar 18 22:37:33 2025

Set parameter Username
Set parameter LogFile to value "src/main/java/gzhu/yh/logger/ILP_RD12.log"
Academic license - for non-commercial use only - expires 2025-09-02
Gurobi Optimizer version 11.0.3 build v11.0.3rc0 (win64 - Windows 10.0 (19045.2))

CPU model: Intel(R) Core(TM) i5-7300HQ CPU @ 2.50GHz, instruction set [SSE2|AVX|AVX2]
Thread count: 4 physical cores, 4 logical processors, using up to 4 threads

Optimize a model with 186 rows, 186 columns and 2478 nonzeros
Model fingerprint: 0x07b1be66
Variable types: 0 continuous, 186 integer (186 binary)
Coefficient statistics:
  Matrix range     [1e+00, 1e+05]
  Objective range  [1e+00, 2e+00]
  Bounds range     [1e+00, 1e+00]
  RHS range        [1e+00, 1e+05]
Found heuristic solution: objective 62.0000000
Presolve removed 0 rows and 62 columns
Presolve time: 0.00s
Presolved: 186 rows, 124 columns, 2416 nonzeros
Variable types: 0 continuous, 124 integer (124 binary)

Root relaxation: objective 7.153354e+00, 196 iterations, 0.00 seconds (0.00 work units)

    Nodes    |    Current Node    |     Objective Bounds      |     Work
 Expl Unexpl |  Obj  Depth IntInf | Incumbent    BestBd   Gap | It/Node Time

     0     0    7.15335    0   54   62.00000    7.15335  88.5%     -    0s
H    0     0                      22.0000000    7.15335  67.5%     -    0s
H    0     0                      18.0000000    7.15335  60.3%     -    0s
     0     0    7.35754    0   55   18.00000    7.35754  59.1%     -    0s
H    0     0                      17.0000000    7.35754  56.7%     -    0s
     0     0    7.35754    0   57   17.00000    7.35754  56.7%     -    0s
     0     0    7.38059    0   53   17.00000    7.38059  56.6%     -    0s
     0     0    7.40446    0   57   17.00000    7.40446  56.4%     -    0s
     0     0    8.28470    0   53   17.00000    8.28470  51.3%     -    0s
     0     0    8.32792    0   61   17.00000    8.32792  51.0%     -    0s
     0     0    8.62648    0   57   17.00000    8.62648  49.3%     -    0s
     0     0    8.62648    0   57   17.00000    8.62648  49.3%     -    0s
     0     2    8.62648    0   57   17.00000    8.62648  49.3%     -    0s
*   37    34               7      16.0000000    8.62648  46.1%  33.5    0s
*  156    91              29      15.0000000    8.62648  42.5%  25.9    0s
*  422   195               9      14.0000000    8.62648  38.4%  24.0    0s
H  811   242                      12.0000000    9.07497  24.4%  23.3    0s

Cutting planes:
  Gomory: 5
  Zero half: 41

Explored 1552 nodes (33741 simplex iterations) in 0.53 seconds (0.51 work units)
Thread count was 4 (of 4 available processors)

Solution count 8: 12 14 15 ... 62

Optimal solution found (tolerance 1.00e-04)
Best objective 1.200000000000e+01, best bound 1.200000000000e+01, gap 0.0000%

Gurobi 11.0.3 (win64, Java) logging started Tue Mar 18 22:37:33 2025

Set parameter Username
Set parameter LogFile to value "src/main/java/gzhu/yh/logger/ILP_RD12.log"
Academic license - for non-commercial use only - expires 2025-09-02
Gurobi Optimizer version 11.0.3 build v11.0.3rc0 (win64 - Windows 10.0 (19045.2))

CPU model: Intel(R) Core(TM) i5-7300HQ CPU @ 2.50GHz, instruction set [SSE2|AVX|AVX2]
Thread count: 4 physical cores, 4 logical processors, using up to 4 threads

Optimize a model with 189 rows, 189 columns and 2671 nonzeros
Model fingerprint: 0x4e68965e
Variable types: 0 continuous, 189 integer (189 binary)
Coefficient statistics:
  Matrix range     [1e+00, 1e+05]
  Objective range  [1e+00, 2e+00]
  Bounds range     [1e+00, 1e+00]
  RHS range        [1e+00, 1e+05]
Found heuristic solution: objective 63.0000000
Presolve removed 0 rows and 63 columns
Presolve time: 0.00s
Presolved: 189 rows, 126 columns, 2608 nonzeros
Variable types: 0 continuous, 126 integer (126 binary)

Root relaxation: objective 6.306329e+00, 254 iterations, 0.01 seconds (0.01 work units)

    Nodes    |    Current Node    |     Objective Bounds      |     Work
 Expl Unexpl |  Obj  Depth IntInf | Incumbent    BestBd   Gap | It/Node Time

     0     0    6.30633    0   76   63.00000    6.30633  90.0%     -    0s
H    0     0                      22.0000000    6.30633  71.3%     -    0s
     0     0    6.69893    0   76   22.00000    6.69893  69.6%     -    0s
H    0     0                      19.0000000    6.69893  64.7%     -    0s
     0     0    6.70960    0   80   19.00000    6.70960  64.7%     -    0s
H    0     0                      18.0000000    6.84630  62.0%     -    0s
     0     0    7.00278    0   76   18.00000    7.00278  61.1%     -    0s
H    0     0                      15.0000000    7.00278  53.3%     -    0s
     0     0    7.05620    0   68   15.00000    7.05620  53.0%     -    0s
     0     0    7.73722    0   68   15.00000    7.73722  48.4%     -    0s
     0     0    7.77945    0   70   15.00000    7.77945  48.1%     -    0s
     0     0    8.05100    0   74   15.00000    8.05100  46.3%     -    0s
     0     0    8.05100    0   74   15.00000    8.05100  46.3%     -    0s
     0     2    8.05100    0   74   15.00000    8.05100  46.3%     -    0s
H  417   237                      14.0000000    8.05100  42.5%  24.2    0s
* 1315   539              18      13.0000000    8.50976  34.5%  22.7    0s
* 2266   719              41      12.0000000    8.75093  27.1%  24.2    1s

Cutting planes:
  Gomory: 3
  MIR: 4
  Zero half: 3

Explored 9288 nodes (214967 simplex iterations) in 3.96 seconds (3.57 work units)
Thread count was 4 (of 4 available processors)

Solution count 8: 12 13 14 ... 63

Optimal solution found (tolerance 1.00e-04)
Best objective 1.200000000000e+01, best bound 1.200000000000e+01, gap 0.0000%

Gurobi 11.0.3 (win64, Java) logging started Tue Mar 18 22:37:37 2025

Set parameter Username
Set parameter LogFile to value "src/main/java/gzhu/yh/logger/ILP_RD12.log"
Academic license - for non-commercial use only - expires 2025-09-02
Gurobi Optimizer version 11.0.3 build v11.0.3rc0 (win64 - Windows 10.0 (19045.2))

CPU model: Intel(R) Core(TM) i5-7300HQ CPU @ 2.50GHz, instruction set [SSE2|AVX|AVX2]
Thread count: 4 physical cores, 4 logical processors, using up to 4 threads

Optimize a model with 192 rows, 192 columns and 2616 nonzeros
Model fingerprint: 0x81d1fc66
Variable types: 0 continuous, 192 integer (192 binary)
Coefficient statistics:
  Matrix range     [1e+00, 1e+05]
  Objective range  [1e+00, 2e+00]
  Bounds range     [1e+00, 1e+00]
  RHS range        [1e+00, 1e+05]
Found heuristic solution: objective 64.0000000
Presolve removed 0 rows and 64 columns
Presolve time: 0.00s
Presolved: 192 rows, 128 columns, 2552 nonzeros
Variable types: 0 continuous, 128 integer (128 binary)

Root relaxation: objective 6.880517e+00, 226 iterations, 0.00 seconds (0.00 work units)

    Nodes    |    Current Node    |     Objective Bounds      |     Work
 Expl Unexpl |  Obj  Depth IntInf | Incumbent    BestBd   Gap | It/Node Time

     0     0    6.88052    0   68   64.00000    6.88052  89.2%     -    0s
H    0     0                      25.0000000    6.88052  72.5%     -    0s
H    0     0                      24.0000000    6.88052  71.3%     -    0s
H    0     0                      17.0000000    6.88052  59.5%     -    0s
     0     0    7.06220    0   70   17.00000    7.06220  58.5%     -    0s
H    0     0                      16.0000000    7.06220  55.9%     -    0s
     0     0    7.24355    0   72   16.00000    7.24355  54.7%     -    0s
     0     0    7.53875    0   74   16.00000    7.53875  52.9%     -    0s
H    0     0                      15.0000000    7.53875  49.7%     -    0s
     0     0    7.56836    0   76   15.00000    7.56836  49.5%     -    0s
     0     0    7.74982    0   68   15.00000    7.74982  48.3%     -    0s
     0     0    7.74982    0   68   15.00000    7.74982  48.3%     -    0s
     0     2    7.74982    0   68   15.00000    7.74982  48.3%     -    0s
*  212   167              14      14.0000000    7.76490  44.5%  28.5    0s
H  352   233                      13.0000000    8.22865  36.7%  27.3    0s
*10252   122              27      12.0000000   10.82612  9.78%  23.4    3s

Cutting planes:
  Gomory: 1
  MIR: 3
  Zero half: 4

Explored 10535 nodes (244063 simplex iterations) in 3.60 seconds (3.28 work units)
Thread count was 4 (of 4 available processors)

Solution count 9: 12 13 14 ... 64

Optimal solution found (tolerance 1.00e-04)
Best objective 1.200000000000e+01, best bound 1.200000000000e+01, gap 0.0000%

Gurobi 11.0.3 (win64, Java) logging started Tue Mar 18 22:37:41 2025

Set parameter Username
Set parameter LogFile to value "src/main/java/gzhu/yh/logger/ILP_RD12.log"
Academic license - for non-commercial use only - expires 2025-09-02
Gurobi Optimizer version 11.0.3 build v11.0.3rc0 (win64 - Windows 10.0 (19045.2))

CPU model: Intel(R) Core(TM) i5-7300HQ CPU @ 2.50GHz, instruction set [SSE2|AVX|AVX2]
Thread count: 4 physical cores, 4 logical processors, using up to 4 threads

Optimize a model with 195 rows, 195 columns and 2833 nonzeros
Model fingerprint: 0x90a1f29a
Variable types: 0 continuous, 195 integer (195 binary)
Coefficient statistics:
  Matrix range     [1e+00, 1e+05]
  Objective range  [1e+00, 2e+00]
  Bounds range     [1e+00, 1e+00]
  RHS range        [1e+00, 1e+05]
Found heuristic solution: objective 65.0000000
Presolve removed 0 rows and 65 columns
Presolve time: 0.00s
Presolved: 195 rows, 130 columns, 2768 nonzeros
Variable types: 0 continuous, 130 integer (130 binary)

Root relaxation: objective 6.543372e+00, 241 iterations, 0.01 seconds (0.01 work units)

    Nodes    |    Current Node    |     Objective Bounds      |     Work
 Expl Unexpl |  Obj  Depth IntInf | Incumbent    BestBd   Gap | It/Node Time

     0     0    6.54337    0   76   65.00000    6.54337  89.9%     -    0s
H    0     0                      26.0000000    6.54337  74.8%     -    0s
H    0     0                      22.0000000    6.54337  70.3%     -    0s
H    0     0                      21.0000000    6.54337  68.8%     -    0s
     0     0    6.86607    0   74   21.00000    6.86607  67.3%     -    0s
H    0     0                      19.0000000    6.91050  63.6%     -    0s
     0     0    6.91050    0   72   19.00000    6.91050  63.6%     -    0s
     0     0    7.04174    0   72   19.00000    7.04174  62.9%     -    0s
H    0     0                      16.0000000    7.04174  56.0%     -    0s
     0     0    7.04174    0   66   16.00000    7.04174  56.0%     -    0s
     0     0    7.69475    0   72   16.00000    7.69475  51.9%     -    0s
     0     0    7.73468    0   78   16.00000    7.73468  51.7%     -    0s
     0     0    7.93386    0   80   16.00000    7.93386  50.4%     -    0s
     0     0    7.93386    0   80   16.00000    7.93386  50.4%     -    0s
     0     2    7.93386    0   80   16.00000    7.93386  50.4%     -    0s
H  185   145                      15.0000000    7.93386  47.1%  29.0    0s
H 1788   926                      14.0000000    8.61700  38.4%  25.8    1s
H 3388  1086                      13.0000000    8.61700  33.7%  26.8    1s
 19660  4344   11.29697   41   50   13.00000   10.24250  21.2%  24.8    5s

Cutting planes:
  Gomory: 1
  MIR: 1
  Zero half: 6

Explored 34168 nodes (788192 simplex iterations) in 7.32 seconds (8.95 work units)
Thread count was 4 (of 4 available processors)

Solution count 9: 13 14 15 ... 65

Optimal solution found (tolerance 1.00e-04)
Best objective 1.300000000000e+01, best bound 1.300000000000e+01, gap 0.0000%

Gurobi 11.0.3 (win64, Java) logging started Tue Mar 18 22:37:48 2025

Set parameter Username
Set parameter LogFile to value "src/main/java/gzhu/yh/logger/ILP_RD12.log"
Academic license - for non-commercial use only - expires 2025-09-02
Gurobi Optimizer version 11.0.3 build v11.0.3rc0 (win64 - Windows 10.0 (19045.2))

CPU model: Intel(R) Core(TM) i5-7300HQ CPU @ 2.50GHz, instruction set [SSE2|AVX|AVX2]
Thread count: 4 physical cores, 4 logical processors, using up to 4 threads

Optimize a model with 198 rows, 198 columns and 2870 nonzeros
Model fingerprint: 0xc8518090
Variable types: 0 continuous, 198 integer (198 binary)
Coefficient statistics:
  Matrix range     [1e+00, 1e+05]
  Objective range  [1e+00, 2e+00]
  Bounds range     [1e+00, 1e+00]
  RHS range        [1e+00, 1e+05]
Found heuristic solution: objective 66.0000000
Presolve removed 0 rows and 66 columns
Presolve time: 0.00s
Presolved: 198 rows, 132 columns, 2804 nonzeros
Variable types: 0 continuous, 132 integer (132 binary)

Root relaxation: objective 6.495887e+00, 228 iterations, 0.00 seconds (0.01 work units)

    Nodes    |    Current Node    |     Objective Bounds      |     Work
 Expl Unexpl |  Obj  Depth IntInf | Incumbent    BestBd   Gap | It/Node Time

     0     0    6.49589    0   74   66.00000    6.49589  90.2%     -    0s
H    0     0                      24.0000000    6.49589  72.9%     -    0s
H    0     0                      21.0000000    6.65377  68.3%     -    0s
     0     0    6.73253    0   70   21.00000    6.73253  67.9%     -    0s
     0     0    6.74935    0   66   21.00000    6.74935  67.9%     -    0s
H    0     0                      20.0000000    6.97699  65.1%     -    0s
H    0     0                      18.0000000    7.04274  60.9%     -    0s
     0     0    7.04274    0   64   18.00000    7.04274  60.9%     -    0s
H    0     0                      16.0000000    7.04274  56.0%     -    0s
     0     0    7.04306    0   66   16.00000    7.04306  56.0%     -    0s
     0     0    7.79285    0   64   16.00000    7.79285  51.3%     -    0s
     0     0    7.81488    0   74   16.00000    7.81488  51.2%     -    0s
     0     0    8.13166    0   70   16.00000    8.13166  49.2%     -    0s
     0     0    8.13166    0   70   16.00000    8.13166  49.2%     -    0s
     0     2    8.13166    0   70   16.00000    8.13166  49.2%     -    0s
H   22    24                      13.0000000    8.13166  37.4%  41.4    0s
H 1855   758                      12.0000000    9.13635  23.9%  25.3    0s

Cutting planes:
  Gomory: 1
  MIR: 1
  Zero half: 7

Explored 6531 nodes (160621 simplex iterations) in 2.69 seconds (2.63 work units)
Thread count was 4 (of 4 available processors)

Solution count 8: 12 13 16 ... 66

Optimal solution found (tolerance 1.00e-04)
Best objective 1.200000000000e+01, best bound 1.200000000000e+01, gap 0.0000%

Gurobi 11.0.3 (win64, Java) logging started Tue Mar 18 22:37:51 2025

Set parameter Username
Set parameter LogFile to value "src/main/java/gzhu/yh/logger/ILP_RD12.log"
Academic license - for non-commercial use only - expires 2025-09-02
Gurobi Optimizer version 11.0.3 build v11.0.3rc0 (win64 - Windows 10.0 (19045.2))

CPU model: Intel(R) Core(TM) i5-7300HQ CPU @ 2.50GHz, instruction set [SSE2|AVX|AVX2]
Thread count: 4 physical cores, 4 logical processors, using up to 4 threads

Optimize a model with 201 rows, 201 columns and 3115 nonzeros
Model fingerprint: 0x5e3f1fc9
Variable types: 0 continuous, 201 integer (201 binary)
Coefficient statistics:
  Matrix range     [1e+00, 1e+05]
  Objective range  [1e+00, 2e+00]
  Bounds range     [1e+00, 1e+00]
  RHS range        [1e+00, 1e+05]
Found heuristic solution: objective 67.0000000
Presolve removed 0 rows and 67 columns
Presolve time: 0.01s
Presolved: 201 rows, 134 columns, 3048 nonzeros
Variable types: 0 continuous, 134 integer (134 binary)

Root relaxation: objective 6.385280e+00, 238 iterations, 0.00 seconds (0.01 work units)

    Nodes    |    Current Node    |     Objective Bounds      |     Work
 Expl Unexpl |  Obj  Depth IntInf | Incumbent    BestBd   Gap | It/Node Time

     0     0    6.38528    0   72   67.00000    6.38528  90.5%     -    0s
H    0     0                      24.0000000    6.38528  73.4%     -    0s
H    0     0                      18.0000000    6.38528  64.5%     -    0s
     0     0    6.72028    0   68   18.00000    6.72028  62.7%     -    0s
H    0     0                      16.0000000    6.77347  57.7%     -    0s
     0     0    6.77347    0   70   16.00000    6.77347  57.7%     -    0s
     0     0    6.85323    0   70   16.00000    6.85323  57.2%     -    0s
     0     0    6.90401    0   66   16.00000    6.90401  56.8%     -    0s
     0     0    7.58864    0   70   16.00000    7.58864  52.6%     -    0s
     0     0    7.62518    0   66   16.00000    7.62518  52.3%     -    0s
     0     0    7.87082    0   80   16.00000    7.87082  50.8%     -    0s
     0     0    7.87082    0   80   16.00000    7.87082  50.8%     -    0s
     0     2    7.87082    0   80   16.00000    7.87082  50.8%     -    0s
*   38    35               7      15.0000000    7.87082  47.5%  39.3    0s
H 2089   963                      13.0000000    8.24891  36.5%  27.2    1s
  9123  3307   10.11659   37   61   13.00000    9.15372  29.6%  26.5    5s
 23286  6088   10.39788   32   57   13.00000   10.02592  22.9%  26.0   10s

Cutting planes:
  Gomory: 2
  MIR: 3
  Flow cover: 5
  Zero half: 6

Explored 45870 nodes (1099021 simplex iterations) in 13.55 seconds (14.30 work units)
Thread count was 4 (of 4 available processors)

Solution count 6: 13 15 16 ... 67

Optimal solution found (tolerance 1.00e-04)
Best objective 1.300000000000e+01, best bound 1.300000000000e+01, gap 0.0000%

Gurobi 11.0.3 (win64, Java) logging started Tue Mar 18 22:38:05 2025

Set parameter Username
Set parameter LogFile to value "src/main/java/gzhu/yh/logger/ILP_RD12.log"
Academic license - for non-commercial use only - expires 2025-09-02
Gurobi Optimizer version 11.0.3 build v11.0.3rc0 (win64 - Windows 10.0 (19045.2))

CPU model: Intel(R) Core(TM) i5-7300HQ CPU @ 2.50GHz, instruction set [SSE2|AVX|AVX2]
Thread count: 4 physical cores, 4 logical processors, using up to 4 threads

Optimize a model with 204 rows, 204 columns and 3024 nonzeros
Model fingerprint: 0x42a194b8
Variable types: 0 continuous, 204 integer (204 binary)
Coefficient statistics:
  Matrix range     [1e+00, 1e+05]
  Objective range  [1e+00, 2e+00]
  Bounds range     [1e+00, 1e+00]
  RHS range        [1e+00, 1e+05]
Found heuristic solution: objective 68.0000000
Presolve removed 0 rows and 68 columns
Presolve time: 0.01s
Presolved: 204 rows, 136 columns, 2956 nonzeros
Variable types: 0 continuous, 136 integer (136 binary)

Root relaxation: objective 6.660643e+00, 211 iterations, 0.01 seconds (0.00 work units)

    Nodes    |    Current Node    |     Objective Bounds      |     Work
 Expl Unexpl |  Obj  Depth IntInf | Incumbent    BestBd   Gap | It/Node Time

     0     0    6.66064    0   58   68.00000    6.66064  90.2%     -    0s
H    0     0                      23.0000000    6.66064  71.0%     -    0s
H    0     0                      22.0000000    6.66064  69.7%     -    0s
     0     0    7.24049    0   48   22.00000    7.24049  67.1%     -    0s
H    0     0                      18.0000000    7.24049  59.8%     -    0s
     0     0    7.24049    0   52   18.00000    7.24049  59.8%     -    0s
     0     0    7.43985    0   54   18.00000    7.43985  58.7%     -    0s
     0     0    7.43985    0   52   18.00000    7.43985  58.7%     -    0s
     0     0    7.79617    0   58   18.00000    7.79617  56.7%     -    0s
H    0     0                      16.0000000    7.79617  51.3%     -    0s
     0     0    7.86588    0   53   16.00000    7.86588  50.8%     -    0s
     0     0    7.86588    0   57   16.00000    7.86588  50.8%     -    0s
     0     0    7.86588    0   58   16.00000    7.86588  50.8%     -    0s
     0     0    7.86591    0   54   16.00000    7.86591  50.8%     -    0s
     0     0    7.86591    0   54   16.00000    7.86591  50.8%     -    0s
     0     0    8.20087    0   69   16.00000    8.20087  48.7%     -    0s
     0     0    8.20276    0   69   16.00000    8.20276  48.7%     -    0s
     0     2    8.20276    0   69   16.00000    8.20276  48.7%     -    0s
*  130   103              29      14.0000000    8.20276  41.4%  30.7    0s
*  841   264              13      12.0000000    8.61151  28.2%  28.6    0s

Cutting planes:
  Gomory: 3
  MIR: 6
  Zero half: 12
  RLT: 1

Explored 2250 nodes (56640 simplex iterations) in 1.21 seconds (0.88 work units)
Thread count was 4 (of 4 available processors)

Solution count 7: 12 14 16 ... 68

Optimal solution found (tolerance 1.00e-04)
Best objective 1.200000000000e+01, best bound 1.200000000000e+01, gap 0.0000%

Gurobi 11.0.3 (win64, Java) logging started Tue Mar 18 22:38:06 2025

Set parameter Username
Set parameter LogFile to value "src/main/java/gzhu/yh/logger/ILP_RD12.log"
Academic license - for non-commercial use only - expires 2025-09-02
Gurobi Optimizer version 11.0.3 build v11.0.3rc0 (win64 - Windows 10.0 (19045.2))

CPU model: Intel(R) Core(TM) i5-7300HQ CPU @ 2.50GHz, instruction set [SSE2|AVX|AVX2]
Thread count: 4 physical cores, 4 logical processors, using up to 4 threads

Optimize a model with 207 rows, 207 columns and 3005 nonzeros
Model fingerprint: 0xe15912b5
Variable types: 0 continuous, 207 integer (207 binary)
Coefficient statistics:
  Matrix range     [1e+00, 1e+05]
  Objective range  [1e+00, 2e+00]
  Bounds range     [1e+00, 1e+00]
  RHS range        [1e+00, 1e+05]
Found heuristic solution: objective 69.0000000
Presolve removed 0 rows and 69 columns
Presolve time: 0.00s
Presolved: 207 rows, 138 columns, 2936 nonzeros
Variable types: 0 continuous, 138 integer (138 binary)

Root relaxation: objective 6.863372e+00, 229 iterations, 0.01 seconds (0.01 work units)

    Nodes    |    Current Node    |     Objective Bounds      |     Work
 Expl Unexpl |  Obj  Depth IntInf | Incumbent    BestBd   Gap | It/Node Time

     0     0    6.86337    0   70   69.00000    6.86337  90.1%     -    0s
H    0     0                      28.0000000    6.86337  75.5%     -    0s
H    0     0                      24.0000000    6.86337  71.4%     -    0s
H    0     0                      21.0000000    7.08571  66.3%     -    0s
     0     0    7.27685    0   72   21.00000    7.27685  65.3%     -    0s
H    0     0                      18.0000000    7.27685  59.6%     -    0s
     0     0    7.28131    0   66   18.00000    7.28131  59.5%     -    0s
H    0     0                      16.0000000    7.63537  52.3%     -    0s
     0     0    7.63537    0   70   16.00000    7.63537  52.3%     -    0s
H    0     0                      14.0000000    7.63537  45.5%     -    0s
     0     0    7.66163    0   64   14.00000    7.66163  45.3%     -    0s
     0     0    8.18652    0   68   14.00000    8.18652  41.5%     -    0s
     0     0    8.24225    0   66   14.00000    8.24225  41.1%     -    0s
     0     0    8.52928    0   64   14.00000    8.52928  39.1%     -    0s
     0     0    8.52928    0   64   14.00000    8.52928  39.1%     -    0s
     0     2    8.52928    0   64   14.00000    8.52928  39.1%     -    0s
H  844   330                      13.0000000    8.75703  32.6%  27.1    0s

Cutting planes:
  Gomory: 2
  Cover: 6
  MIR: 5
  Zero half: 5

Explored 4530 nodes (104693 simplex iterations) in 1.37 seconds (1.43 work units)
Thread count was 4 (of 4 available processors)

Solution count 8: 13 14 16 ... 69

Optimal solution found (tolerance 1.00e-04)
Best objective 1.300000000000e+01, best bound 1.300000000000e+01, gap 0.0000%

Gurobi 11.0.3 (win64, Java) logging started Tue Mar 18 22:38:07 2025

Set parameter Username
Set parameter LogFile to value "src/main/java/gzhu/yh/logger/ILP_RD12.log"
Academic license - for non-commercial use only - expires 2025-09-02
Gurobi Optimizer version 11.0.3 build v11.0.3rc0 (win64 - Windows 10.0 (19045.2))

CPU model: Intel(R) Core(TM) i5-7300HQ CPU @ 2.50GHz, instruction set [SSE2|AVX|AVX2]
Thread count: 4 physical cores, 4 logical processors, using up to 4 threads

Optimize a model with 210 rows, 210 columns and 3366 nonzeros
Model fingerprint: 0x4ff007ca
Variable types: 0 continuous, 210 integer (210 binary)
Coefficient statistics:
  Matrix range     [1e+00, 1e+05]
  Objective range  [1e+00, 2e+00]
  Bounds range     [1e+00, 1e+00]
  RHS range        [1e+00, 1e+05]
Found heuristic solution: objective 70.0000000
Presolve removed 0 rows and 70 columns
Presolve time: 0.00s
Presolved: 210 rows, 140 columns, 3296 nonzeros
Variable types: 0 continuous, 140 integer (140 binary)

Root relaxation: objective 6.216996e+00, 238 iterations, 0.01 seconds (0.01 work units)

    Nodes    |    Current Node    |     Objective Bounds      |     Work
 Expl Unexpl |  Obj  Depth IntInf | Incumbent    BestBd   Gap | It/Node Time

     0     0    6.21700    0   74   70.00000    6.21700  91.1%     -    0s
H    0     0                      21.0000000    6.21700  70.4%     -    0s
     0     0    6.41364    0   72   21.00000    6.41364  69.5%     -    0s
     0     0    6.58132    0   68   21.00000    6.58132  68.7%     -    0s
H    0     0                      17.0000000    6.66539  60.8%     -    0s
     0     0    6.66539    0   72   17.00000    6.66539  60.8%     -    0s
     0     0    6.66539    0   72   17.00000    6.66539  60.8%     -    0s
     0     0    7.48409    0   68   17.00000    7.48409  56.0%     -    0s
     0     0    7.54229    0   66   17.00000    7.54229  55.6%     -    0s
     0     0    7.74512    0   66   17.00000    7.74512  54.4%     -    0s
H    0     0                      16.0000000    7.74512  51.6%     -    0s
     0     0    7.74729    0   70   16.00000    7.74729  51.6%     -    0s
     0     0    7.78256    0   70   16.00000    7.78256  51.4%     -    0s
     0     0    7.78256    0   70   16.00000    7.78256  51.4%     -    0s
     0     2    7.78256    0   70   16.00000    7.78256  51.4%     -    0s
*  133   110              31      15.0000000    7.78256  48.1%  28.8    0s
*  354   219              18      13.0000000    7.78256  40.1%  29.5    0s
 15985  3039   11.16367   41   53   13.00000   10.21362  21.4%  25.6    5s

Cutting planes:
  Gomory: 3
  MIR: 3
  Zero half: 7

Explored 26164 nodes (609950 simplex iterations) in 6.86 seconds (8.00 work units)
Thread count was 4 (of 4 available processors)

Solution count 6: 13 15 16 ... 70

Optimal solution found (tolerance 1.00e-04)
Best objective 1.300000000000e+01, best bound 1.300000000000e+01, gap 0.0000%

Gurobi 11.0.3 (win64, Java) logging started Tue Mar 18 22:38:14 2025

Set parameter Username
Set parameter LogFile to value "src/main/java/gzhu/yh/logger/ILP_RD12.log"
Academic license - for non-commercial use only - expires 2025-09-02
Gurobi Optimizer version 11.0.3 build v11.0.3rc0 (win64 - Windows 10.0 (19045.2))

CPU model: Intel(R) Core(TM) i5-7300HQ CPU @ 2.50GHz, instruction set [SSE2|AVX|AVX2]
Thread count: 4 physical cores, 4 logical processors, using up to 4 threads

Optimize a model with 213 rows, 213 columns and 3223 nonzeros
Model fingerprint: 0x771fc0bf
Variable types: 0 continuous, 213 integer (213 binary)
Coefficient statistics:
  Matrix range     [1e+00, 1e+05]
  Objective range  [1e+00, 2e+00]
  Bounds range     [1e+00, 1e+00]
  RHS range        [1e+00, 1e+05]
Found heuristic solution: objective 71.0000000
Presolve removed 0 rows and 71 columns
Presolve time: 0.00s
Presolved: 213 rows, 142 columns, 3152 nonzeros
Variable types: 0 continuous, 142 integer (142 binary)

Root relaxation: objective 6.719723e+00, 240 iterations, 0.01 seconds (0.01 work units)

    Nodes    |    Current Node    |     Objective Bounds      |     Work
 Expl Unexpl |  Obj  Depth IntInf | Incumbent    BestBd   Gap | It/Node Time

     0     0    6.71972    0   64   71.00000    6.71972  90.5%     -    0s
H    0     0                      22.0000000    6.71972  69.5%     -    0s
H    0     0                      21.0000000    6.71972  68.0%     -    0s
     0     0    7.08698    0   70   21.00000    7.08698  66.3%     -    0s
H    0     0                      20.0000000    7.13043  64.3%     -    0s
     0     0    7.13043    0   68   20.00000    7.13043  64.3%     -    0s
H    0     0                      17.0000000    7.36876  56.7%     -    0s
H    0     0                      14.0000000    7.36876  47.4%     -    0s
     0     0    7.59336    0   70   14.00000    7.59336  45.8%     -    0s
     0     0    7.59336    0   68   14.00000    7.59336  45.8%     -    0s
     0     0    8.04896    0   66   14.00000    8.04896  42.5%     -    0s
     0     0    8.09193    0   74   14.00000    8.09193  42.2%     -    0s
     0     0    8.41044    0   74   14.00000    8.41044  39.9%     -    0s
     0     0    8.41044    0   74   14.00000    8.41044  39.9%     -    0s
     0     2    8.41044    0   74   14.00000    8.41044  39.9%     -    0s
 18651  3408     cutoff   37        14.00000   11.28266  19.4%  25.9    5s

Cutting planes:
  Gomory: 1
  MIR: 2
  Zero half: 7

Explored 28214 nodes (657432 simplex iterations) in 6.28 seconds (8.41 work units)
Thread count was 4 (of 4 available processors)

Solution count 6: 14 17 20 ... 71

Optimal solution found (tolerance 1.00e-04)
Best objective 1.400000000000e+01, best bound 1.400000000000e+01, gap 0.0000%

Gurobi 11.0.3 (win64, Java) logging started Tue Mar 18 22:38:21 2025

Set parameter Username
Set parameter LogFile to value "src/main/java/gzhu/yh/logger/ILP_RD12.log"
Academic license - for non-commercial use only - expires 2025-09-02
Gurobi Optimizer version 11.0.3 build v11.0.3rc0 (win64 - Windows 10.0 (19045.2))

CPU model: Intel(R) Core(TM) i5-7300HQ CPU @ 2.50GHz, instruction set [SSE2|AVX|AVX2]
Thread count: 4 physical cores, 4 logical processors, using up to 4 threads

Optimize a model with 216 rows, 216 columns and 3404 nonzeros
Model fingerprint: 0x12e1acd0
Variable types: 0 continuous, 216 integer (216 binary)
Coefficient statistics:
  Matrix range     [1e+00, 1e+05]
  Objective range  [1e+00, 2e+00]
  Bounds range     [1e+00, 1e+00]
  RHS range        [1e+00, 1e+05]
Found heuristic solution: objective 72.0000000
Presolve removed 0 rows and 72 columns
Presolve time: 0.00s
Presolved: 216 rows, 144 columns, 3332 nonzeros
Variable types: 0 continuous, 144 integer (144 binary)

Root relaxation: objective 6.538695e+00, 249 iterations, 0.01 seconds (0.01 work units)

    Nodes    |    Current Node    |     Objective Bounds      |     Work
 Expl Unexpl |  Obj  Depth IntInf | Incumbent    BestBd   Gap | It/Node Time

     0     0    6.53870    0   72   72.00000    6.53870  90.9%     -    0s
H    0     0                      28.0000000    6.53870  76.6%     -    0s
H    0     0                      26.0000000    6.76628  74.0%     -    0s
H    0     0                      24.0000000    6.76628  71.8%     -    0s
     0     0    6.80383    0   72   24.00000    6.80383  71.7%     -    0s
H    0     0                      20.0000000    6.80396  66.0%     -    0s
     0     0    6.80396    0   72   20.00000    6.80396  66.0%     -    0s
H    0     0                      18.0000000    6.98462  61.2%     -    0s
     0     0    7.02253    0   68   18.00000    7.02253  61.0%     -    0s
     0     0    7.02253    0   64   18.00000    7.02253  61.0%     -    0s
     0     0    7.63538    0   74   18.00000    7.63538  57.6%     -    0s
     0     0    7.63538    0   74   18.00000    7.63538  57.6%     -    0s
     0     2    7.63538    0   74   18.00000    7.63538  57.6%     -    0s
*  118   105              27      17.0000000    7.63538  55.1%  32.6    0s
H  867   518                      16.0000000    8.04913  49.7%  27.7    0s
H 1019   539                      15.0000000    8.17460  45.5%  27.5    0s
H 8249  3305                      14.0000000    9.39242  32.9%  29.2    2s
 19125  6737   11.69419   38   57   14.00000   10.21229  27.1%  27.9    5s
 21295  7191   12.57773   47   98   14.00000   10.30343  26.4%  27.7   10s
 28631  8597   10.46351   44   63   14.00000   10.30343  26.4%  28.5   15s
 48171  9443   12.41637   63   50   14.00000   10.50018  25.0%  28.2   20s
 70311 10142     cutoff   47        14.00000   11.27494  19.5%  27.1   25s
 88924  5069   12.59980   45   47   14.00000   11.94933  14.6%  26.8   30s

Cutting planes:
  Gomory: 10
  MIR: 3
  Flow cover: 12
  Zero half: 14

Explored 96369 nodes (2503333 simplex iterations) in 31.08 seconds (36.74 work units)
Thread count was 4 (of 4 available processors)

Solution count 10: 14 15 16 ... 72

Optimal solution found (tolerance 1.00e-04)
Best objective 1.400000000000e+01, best bound 1.400000000000e+01, gap 0.0000%

Gurobi 11.0.3 (win64, Java) logging started Tue Mar 18 22:38:52 2025

Set parameter Username
Set parameter LogFile to value "src/main/java/gzhu/yh/logger/ILP_RD12.log"
Academic license - for non-commercial use only - expires 2025-09-02
Gurobi Optimizer version 11.0.3 build v11.0.3rc0 (win64 - Windows 10.0 (19045.2))

CPU model: Intel(R) Core(TM) i5-7300HQ CPU @ 2.50GHz, instruction set [SSE2|AVX|AVX2]
Thread count: 4 physical cores, 4 logical processors, using up to 4 threads

Optimize a model with 219 rows, 219 columns and 3493 nonzeros
Model fingerprint: 0xb28725fc
Variable types: 0 continuous, 219 integer (219 binary)
Coefficient statistics:
  Matrix range     [1e+00, 1e+05]
  Objective range  [1e+00, 2e+00]
  Bounds range     [1e+00, 1e+00]
  RHS range        [1e+00, 1e+05]
Found heuristic solution: objective 73.0000000
Presolve removed 0 rows and 73 columns
Presolve time: 0.00s
Presolved: 219 rows, 146 columns, 3420 nonzeros
Variable types: 0 continuous, 146 integer (146 binary)

Root relaxation: objective 6.898469e+00, 299 iterations, 0.01 seconds (0.01 work units)

    Nodes    |    Current Node    |     Objective Bounds      |     Work
 Expl Unexpl |  Obj  Depth IntInf | Incumbent    BestBd   Gap | It/Node Time

     0     0    6.89847    0   70   73.00000    6.89847  90.6%     -    0s
H    0     0                      25.0000000    6.89847  72.4%     -    0s
H    0     0                      23.0000000    6.89847  70.0%     -    0s
     0     0    7.07402    0   72   23.00000    7.07402  69.2%     -    0s
H    0     0                      20.0000000    7.07402  64.6%     -    0s
     0     0    7.16830    0   68   20.00000    7.16830  64.2%     -    0s
     0     0    7.28320    0   70   20.00000    7.28320  63.6%     -    0s
     0     0    7.32529    0   72   20.00000    7.32529  63.4%     -    0s
     0     0    7.95549    0   70   20.00000    7.95549  60.2%     -    0s
     0     0    7.95877    0   74   20.00000    7.95877  60.2%     -    0s
     0     0    8.32130    0   70   20.00000    8.32130  58.4%     -    0s
     0     0    8.32130    0   70   20.00000    8.32130  58.4%     -    0s
     0     2    8.32130    0   70   20.00000    8.32130  58.4%     -    0s
H  142   126                      19.0000000    8.32130  56.2%  30.7    0s
*  204   178              10      18.0000000    8.32130  53.8%  30.8    0s
H  610   353                      17.0000000    8.32130  51.1%  29.4    0s
H  917   447                      16.0000000    8.44975  47.2%  28.1    0s
H  971   410                      15.0000000    8.46600  43.6%  28.3    0s
*  974   375              15      14.0000000    8.46600  39.5%  28.2    0s
 15170  5735   11.86613   22   63   14.00000    9.92386  29.1%  29.3    5s
*17931  4914              21      13.0000000   10.04855  22.7%  29.2    5s

Cutting planes:
  Gomory: 2
  MIR: 4
  Zero half: 4

Explored 33299 nodes (924646 simplex iterations) in 9.18 seconds (12.73 work units)
Thread count was 4 (of 4 available processors)

Solution count 10: 13 14 15 ... 25

Optimal solution found (tolerance 1.00e-04)
Best objective 1.300000000000e+01, best bound 1.300000000000e+01, gap 0.0000%

Gurobi 11.0.3 (win64, Java) logging started Tue Mar 18 22:39:01 2025

Set parameter Username
Set parameter LogFile to value "src/main/java/gzhu/yh/logger/ILP_RD12.log"
Academic license - for non-commercial use only - expires 2025-09-02
Gurobi Optimizer version 11.0.3 build v11.0.3rc0 (win64 - Windows 10.0 (19045.2))

CPU model: Intel(R) Core(TM) i5-7300HQ CPU @ 2.50GHz, instruction set [SSE2|AVX|AVX2]
Thread count: 4 physical cores, 4 logical processors, using up to 4 threads

Optimize a model with 222 rows, 222 columns and 3546 nonzeros
Model fingerprint: 0x3807d7a1
Variable types: 0 continuous, 222 integer (222 binary)
Coefficient statistics:
  Matrix range     [1e+00, 1e+05]
  Objective range  [1e+00, 2e+00]
  Bounds range     [1e+00, 1e+00]
  RHS range        [1e+00, 1e+05]
Found heuristic solution: objective 74.0000000
Presolve removed 0 rows and 74 columns
Presolve time: 0.00s
Presolved: 222 rows, 148 columns, 3472 nonzeros
Variable types: 0 continuous, 148 integer (148 binary)

Root relaxation: objective 6.855838e+00, 273 iterations, 0.01 seconds (0.01 work units)

    Nodes    |    Current Node    |     Objective Bounds      |     Work
 Expl Unexpl |  Obj  Depth IntInf | Incumbent    BestBd   Gap | It/Node Time

     0     0    6.85584    0   68   74.00000    6.85584  90.7%     -    0s
H    0     0                      30.0000000    6.85584  77.1%     -    0s
H    0     0                      25.0000000    6.85584  72.6%     -    0s
H    0     0                      21.0000000    6.85584  67.4%     -    0s
     0     0    6.96781    0   70   21.00000    6.96781  66.8%     -    0s
     0     0    7.09637    0   66   21.00000    7.09637  66.2%     -    0s
H    0     0                      19.0000000    7.22736  62.0%     -    0s
     0     0    7.25475    0   68   19.00000    7.25475  61.8%     -    0s
     0     0    7.25475    0   66   19.00000    7.25475  61.8%     -    0s
     0     0    7.80750    0   70   19.00000    7.80750  58.9%     -    0s
     0     0    7.80750    0   74   19.00000    7.80750  58.9%     -    0s
H    0     0                      16.0000000    7.80750  51.2%     -    0s
     0     0    8.14709    0   74   16.00000    8.14709  49.1%     -    0s
     0     0    8.14709    0   74   16.00000    8.14709  49.1%     -    0s
     0     2    8.14709    0   74   16.00000    8.14709  49.1%     -    0s
H   37    40                      14.0000000    8.14709  41.8%  45.5    0s
H  706   343                      13.0000000    8.41761  35.2%  32.0    1s
  8908  1937     cutoff   40        13.00000   10.11382  22.2%  28.7    5s

Cutting planes:
  Gomory: 2
  MIR: 2
  Zero half: 3

Explored 17087 nodes (459149 simplex iterations) in 6.63 seconds (6.91 work units)
Thread count was 4 (of 4 available processors)

Solution count 8: 13 14 16 ... 74

Optimal solution found (tolerance 1.00e-04)
Best objective 1.300000000000e+01, best bound 1.300000000000e+01, gap 0.0000%

Gurobi 11.0.3 (win64, Java) logging started Tue Mar 18 22:39:08 2025

Set parameter Username
Set parameter LogFile to value "src/main/java/gzhu/yh/logger/ILP_RD12.log"
Academic license - for non-commercial use only - expires 2025-09-02
Gurobi Optimizer version 11.0.3 build v11.0.3rc0 (win64 - Windows 10.0 (19045.2))

CPU model: Intel(R) Core(TM) i5-7300HQ CPU @ 2.50GHz, instruction set [SSE2|AVX|AVX2]
Thread count: 4 physical cores, 4 logical processors, using up to 4 threads

Optimize a model with 225 rows, 225 columns and 3647 nonzeros
Model fingerprint: 0x24fbc7e7
Variable types: 0 continuous, 225 integer (225 binary)
Coefficient statistics:
  Matrix range     [1e+00, 1e+05]
  Objective range  [1e+00, 2e+00]
  Bounds range     [1e+00, 1e+00]
  RHS range        [1e+00, 1e+05]
Found heuristic solution: objective 75.0000000
Presolve removed 0 rows and 75 columns
Presolve time: 0.00s
Presolved: 225 rows, 150 columns, 3572 nonzeros
Variable types: 0 continuous, 150 integer (150 binary)

Root relaxation: objective 6.790004e+00, 254 iterations, 0.01 seconds (0.01 work units)

    Nodes    |    Current Node    |     Objective Bounds      |     Work
 Expl Unexpl |  Obj  Depth IntInf | Incumbent    BestBd   Gap | It/Node Time

     0     0    6.79000    0   80   75.00000    6.79000  90.9%     -    0s
H    0     0                      28.0000000    6.79000  75.7%     -    0s
H    0     0                      27.0000000    6.79000  74.9%     -    0s
     0     0    6.98596    0   76   27.00000    6.98596  74.1%     -    0s
H    0     0                      26.0000000    6.98596  73.1%     -    0s
H    0     0                      24.0000000    6.99544  70.9%     -    0s
     0     0    6.99544    0   68   24.00000    6.99544  70.9%     -    0s
H    0     0                      22.0000000    7.06976  67.9%     -    0s
     0     0    7.06976    0   70   22.00000    7.06976  67.9%     -    0s
     0     0    7.06976    0   74   22.00000    7.06976  67.9%     -    0s
     0     0    7.93647    0   74   22.00000    7.93647  63.9%     -    0s
H    0     0                      20.0000000    7.93647  60.3%     -    0s
     0     0    7.99133    0   68   20.00000    7.99133  60.0%     -    0s
     0     0    8.17616    0   82   20.00000    8.17616  59.1%     -    0s
     0     0    8.17616    0   82   20.00000    8.17616  59.1%     -    0s
     0     2    8.17616    0   82   20.00000    8.17616  59.1%     -    0s
H  337   241                      16.0000000    8.17616  48.9%  31.7    0s
H 4559  1906                      15.0000000    8.80610  41.3%  31.7    2s
 16064  7831   11.10033   26   58   15.00000    9.74682  35.0%  29.4    5s

Gurobi 11.0.3 (win64, Java) logging started Tue Mar 18 22:39:31 2025

Set parameter Username
Set parameter LogFile to value "src/main/java/gzhu/yh/logger/ILP_RD12.log"
Academic license - for non-commercial use only - expires 2025-09-02
Gurobi Optimizer version 11.0.3 build v11.0.3rc0 (win64 - Windows 10.0 (19045.2))

CPU model: Intel(R) Core(TM) i5-7300HQ CPU @ 2.50GHz, instruction set [SSE2|AVX|AVX2]
Thread count: 4 physical cores, 4 logical processors, using up to 4 threads

Optimize a model with 60 rows, 60 columns and 332 nonzeros
Model fingerprint: 0xe9d53531
Variable types: 0 continuous, 60 integer (60 binary)
Coefficient statistics:
  Matrix range     [1e+00, 1e+05]
  Objective range  [1e+00, 2e+00]
  Bounds range     [1e+00, 1e+00]
  RHS range        [1e+00, 1e+05]
Found heuristic solution: objective 20.0000000
Presolve removed 1 rows and 20 columns
Presolve time: 0.00s
Presolved: 59 rows, 40 columns, 309 nonzeros
Variable types: 0 continuous, 40 integer (40 binary)

Root relaxation: objective 5.900000e+00, 44 iterations, 0.00 seconds (0.00 work units)

    Nodes    |    Current Node    |     Objective Bounds      |     Work
 Expl Unexpl |  Obj  Depth IntInf | Incumbent    BestBd   Gap | It/Node Time

     0     0    5.90000    0   23   20.00000    5.90000  70.5%     -    0s
H    0     0                       7.0000000    5.90000  15.7%     -    0s
H    0     0                       6.0000000    5.90000  1.67%     -    0s
     0     0    5.90000    0   23    6.00000    5.90000  1.67%     -    0s

Explored 1 nodes (44 simplex iterations) in 0.01 seconds (0.00 work units)
Thread count was 4 (of 4 available processors)

Solution count 3: 6 7 20 

Optimal solution found (tolerance 1.00e-04)
Best objective 6.000000000000e+00, best bound 6.000000000000e+00, gap 0.0000%

Gurobi 11.0.3 (win64, Java) logging started Tue Mar 18 22:39:31 2025

Set parameter Username
Set parameter LogFile to value "src/main/java/gzhu/yh/logger/ILP_RD12.log"
Academic license - for non-commercial use only - expires 2025-09-02
Gurobi Optimizer version 11.0.3 build v11.0.3rc0 (win64 - Windows 10.0 (19045.2))

CPU model: Intel(R) Core(TM) i5-7300HQ CPU @ 2.50GHz, instruction set [SSE2|AVX|AVX2]
Thread count: 4 physical cores, 4 logical processors, using up to 4 threads

Optimize a model with 63 rows, 63 columns and 361 nonzeros
Model fingerprint: 0xc7efd481
Variable types: 0 continuous, 63 integer (63 binary)
Coefficient statistics:
  Matrix range     [1e+00, 1e+05]
  Objective range  [1e+00, 2e+00]
  Bounds range     [1e+00, 1e+00]
  RHS range        [1e+00, 1e+05]
Found heuristic solution: objective 21.0000000
Presolve removed 0 rows and 21 columns
Presolve time: 0.00s
Presolved: 63 rows, 42 columns, 340 nonzeros
Variable types: 0 continuous, 42 integer (42 binary)

Root relaxation: objective 6.500000e+00, 48 iterations, 0.00 seconds (0.00 work units)

    Nodes    |    Current Node    |     Objective Bounds      |     Work
 Expl Unexpl |  Obj  Depth IntInf | Incumbent    BestBd   Gap | It/Node Time

     0     0    6.50000    0   17   21.00000    6.50000  69.0%     -    0s
H    0     0                       8.0000000    6.50000  18.8%     -    0s
H    0     0                       7.0000000    6.50000  7.14%     -    0s
     0     0    6.50000    0   17    7.00000    6.50000  7.14%     -    0s

Explored 1 nodes (50 simplex iterations) in 0.01 seconds (0.00 work units)
Thread count was 4 (of 4 available processors)

Solution count 3: 7 8 21 

Optimal solution found (tolerance 1.00e-04)
Best objective 7.000000000000e+00, best bound 7.000000000000e+00, gap 0.0000%

Gurobi 11.0.3 (win64, Java) logging started Tue Mar 18 22:39:31 2025

Set parameter Username
Set parameter LogFile to value "src/main/java/gzhu/yh/logger/ILP_RD12.log"
Academic license - for non-commercial use only - expires 2025-09-02
Gurobi Optimizer version 11.0.3 build v11.0.3rc0 (win64 - Windows 10.0 (19045.2))

CPU model: Intel(R) Core(TM) i5-7300HQ CPU @ 2.50GHz, instruction set [SSE2|AVX|AVX2]
Thread count: 4 physical cores, 4 logical processors, using up to 4 threads

Optimize a model with 66 rows, 66 columns and 394 nonzeros
Model fingerprint: 0x3b895554
Variable types: 0 continuous, 66 integer (66 binary)
Coefficient statistics:
  Matrix range     [1e+00, 1e+05]
  Objective range  [1e+00, 2e+00]
  Bounds range     [1e+00, 1e+00]
  RHS range        [1e+00, 1e+05]
Found heuristic solution: objective 22.0000000
Presolve removed 0 rows and 22 columns
Presolve time: 0.00s
Presolved: 66 rows, 44 columns, 372 nonzeros
Variable types: 0 continuous, 44 integer (44 binary)

Root relaxation: objective 5.578947e+00, 52 iterations, 0.00 seconds (0.00 work units)

    Nodes    |    Current Node    |     Objective Bounds      |     Work
 Expl Unexpl |  Obj  Depth IntInf | Incumbent    BestBd   Gap | It/Node Time

     0     0    5.57895    0   22   22.00000    5.57895  74.6%     -    0s
H    0     0                      10.0000000    5.57895  44.2%     -    0s
H    0     0                       7.0000000    5.57895  20.3%     -    0s
     0     0     cutoff    0         7.00000    7.00000  0.00%     -    0s

Cutting planes:
  Gomory: 1
  MIR: 1
  Zero half: 7

Explored 1 nodes (67 simplex iterations) in 0.01 seconds (0.00 work units)
Thread count was 4 (of 4 available processors)

Solution count 3: 7 10 22 

Optimal solution found (tolerance 1.00e-04)
Best objective 7.000000000000e+00, best bound 7.000000000000e+00, gap 0.0000%

Gurobi 11.0.3 (win64, Java) logging started Tue Mar 18 22:39:31 2025

Set parameter Username
Set parameter LogFile to value "src/main/java/gzhu/yh/logger/ILP_RD12.log"
Academic license - for non-commercial use only - expires 2025-09-02
Gurobi Optimizer version 11.0.3 build v11.0.3rc0 (win64 - Windows 10.0 (19045.2))

CPU model: Intel(R) Core(TM) i5-7300HQ CPU @ 2.50GHz, instruction set [SSE2|AVX|AVX2]
Thread count: 4 physical cores, 4 logical processors, using up to 4 threads

Optimize a model with 69 rows, 69 columns and 399 nonzeros
Model fingerprint: 0xe6e87f66
Variable types: 0 continuous, 69 integer (69 binary)
Coefficient statistics:
  Matrix range     [1e+00, 1e+05]
  Objective range  [1e+00, 2e+00]
  Bounds range     [1e+00, 1e+00]
  RHS range        [1e+00, 1e+05]
Found heuristic solution: objective 23.0000000
Presolve removed 0 rows and 23 columns
Presolve time: 0.00s
Presolved: 69 rows, 46 columns, 376 nonzeros
Variable types: 0 continuous, 46 integer (46 binary)

Root relaxation: objective 6.887097e+00, 46 iterations, 0.00 seconds (0.00 work units)

    Nodes    |    Current Node    |     Objective Bounds      |     Work
 Expl Unexpl |  Obj  Depth IntInf | Incumbent    BestBd   Gap | It/Node Time

     0     0    6.88710    0   29   23.00000    6.88710  70.1%     -    0s
H    0     0                       7.0000000    6.88710  1.61%     -    0s
     0     0    6.88710    0   29    7.00000    6.88710  1.61%     -    0s

Explored 1 nodes (46 simplex iterations) in 0.01 seconds (0.00 work units)
Thread count was 4 (of 4 available processors)

Solution count 2: 7 23 

Optimal solution found (tolerance 1.00e-04)
Best objective 7.000000000000e+00, best bound 7.000000000000e+00, gap 0.0000%

Gurobi 11.0.3 (win64, Java) logging started Tue Mar 18 22:39:31 2025

Set parameter Username
Set parameter LogFile to value "src/main/java/gzhu/yh/logger/ILP_RD12.log"
Academic license - for non-commercial use only - expires 2025-09-02
Gurobi Optimizer version 11.0.3 build v11.0.3rc0 (win64 - Windows 10.0 (19045.2))

CPU model: Intel(R) Core(TM) i5-7300HQ CPU @ 2.50GHz, instruction set [SSE2|AVX|AVX2]
Thread count: 4 physical cores, 4 logical processors, using up to 4 threads

Optimize a model with 72 rows, 72 columns and 468 nonzeros
Model fingerprint: 0x64960b3b
Variable types: 0 continuous, 72 integer (72 binary)
Coefficient statistics:
  Matrix range     [1e+00, 1e+05]
  Objective range  [1e+00, 2e+00]
  Bounds range     [1e+00, 1e+00]
  RHS range        [1e+00, 1e+05]
Found heuristic solution: objective 24.0000000
Presolve removed 1 rows and 24 columns
Presolve time: 0.00s
Presolved: 71 rows, 48 columns, 441 nonzeros
Variable types: 0 continuous, 48 integer (48 binary)

Root relaxation: objective 5.818182e+00, 46 iterations, 0.00 seconds (0.00 work units)

    Nodes    |    Current Node    |     Objective Bounds      |     Work
 Expl Unexpl |  Obj  Depth IntInf | Incumbent    BestBd   Gap | It/Node Time

     0     0    5.81818    0   20   24.00000    5.81818  75.8%     -    0s
H    0     0                      10.0000000    5.81818  41.8%     -    0s
H    0     0                       9.0000000    5.81818  35.4%     -    0s
H    0     0                       8.0000000    5.81818  27.3%     -    0s
H    0     0                       7.0000000    5.81818  16.9%     -    0s

Cutting planes:
  MIR: 2
  Zero half: 3

Explored 1 nodes (50 simplex iterations) in 0.01 seconds (0.00 work units)
Thread count was 4 (of 4 available processors)

Solution count 5: 7 8 9 ... 24

Optimal solution found (tolerance 1.00e-04)
Best objective 7.000000000000e+00, best bound 7.000000000000e+00, gap 0.0000%

Gurobi 11.0.3 (win64, Java) logging started Tue Mar 18 22:39:31 2025

Set parameter Username
Set parameter LogFile to value "src/main/java/gzhu/yh/logger/ILP_RD12.log"
Academic license - for non-commercial use only - expires 2025-09-02
Gurobi Optimizer version 11.0.3 build v11.0.3rc0 (win64 - Windows 10.0 (19045.2))

CPU model: Intel(R) Core(TM) i5-7300HQ CPU @ 2.50GHz, instruction set [SSE2|AVX|AVX2]
Thread count: 4 physical cores, 4 logical processors, using up to 4 threads

Optimize a model with 75 rows, 75 columns and 465 nonzeros
Model fingerprint: 0x4cca44e2
Variable types: 0 continuous, 75 integer (75 binary)
Coefficient statistics:
  Matrix range     [1e+00, 1e+05]
  Objective range  [1e+00, 2e+00]
  Bounds range     [1e+00, 1e+00]
  RHS range        [1e+00, 1e+05]
Found heuristic solution: objective 25.0000000
Presolve removed 0 rows and 25 columns
Presolve time: 0.00s
Presolved: 75 rows, 50 columns, 440 nonzeros
Variable types: 0 continuous, 50 integer (50 binary)

Root relaxation: objective 6.243243e+00, 57 iterations, 0.00 seconds (0.00 work units)

    Nodes    |    Current Node    |     Objective Bounds      |     Work
 Expl Unexpl |  Obj  Depth IntInf | Incumbent    BestBd   Gap | It/Node Time

     0     0    6.24324    0   32   25.00000    6.24324  75.0%     -    0s
H    0     0                      10.0000000    6.24324  37.6%     -    0s
H    0     0                       9.0000000    6.24324  30.6%     -    0s
     0     0    7.23077    0   29    9.00000    7.23077  19.7%     -    0s
     0     0    7.33333    0   29    9.00000    7.33333  18.5%     -    0s
H    0     0                       8.0000000    7.33333  8.33%     -    0s

Cutting planes:
  Gomory: 2
  Zero half: 5

Explored 1 nodes (94 simplex iterations) in 0.02 seconds (0.00 work units)
Thread count was 4 (of 4 available processors)

Solution count 4: 8 9 10 25 

Optimal solution found (tolerance 1.00e-04)
Best objective 8.000000000000e+00, best bound 8.000000000000e+00, gap 0.0000%

Gurobi 11.0.3 (win64, Java) logging started Tue Mar 18 22:39:31 2025

Set parameter Username
Set parameter LogFile to value "src/main/java/gzhu/yh/logger/ILP_RD12.log"
Academic license - for non-commercial use only - expires 2025-09-02
Gurobi Optimizer version 11.0.3 build v11.0.3rc0 (win64 - Windows 10.0 (19045.2))

CPU model: Intel(R) Core(TM) i5-7300HQ CPU @ 2.50GHz, instruction set [SSE2|AVX|AVX2]
Thread count: 4 physical cores, 4 logical processors, using up to 4 threads

Optimize a model with 78 rows, 78 columns and 490 nonzeros
Model fingerprint: 0xb8b2e110
Variable types: 0 continuous, 78 integer (78 binary)
Coefficient statistics:
  Matrix range     [1e+00, 1e+05]
  Objective range  [1e+00, 2e+00]
  Bounds range     [1e+00, 1e+00]
  RHS range        [1e+00, 1e+05]
Found heuristic solution: objective 26.0000000
Presolve removed 0 rows and 26 columns
Presolve time: 0.00s
Presolved: 78 rows, 52 columns, 464 nonzeros
Variable types: 0 continuous, 52 integer (52 binary)

Root relaxation: objective 6.711111e+00, 64 iterations, 0.00 seconds (0.00 work units)

    Nodes    |    Current Node    |     Objective Bounds      |     Work
 Expl Unexpl |  Obj  Depth IntInf | Incumbent    BestBd   Gap | It/Node Time

     0     0    6.71111    0   25   26.00000    6.71111  74.2%     -    0s
H    0     0                      14.0000000    6.71111  52.1%     -    0s
H    0     0                      13.0000000    6.71111  48.4%     -    0s
H    0     0                      11.0000000    6.71111  39.0%     -    0s
H    0     0                       8.0000000    6.71111  16.1%     -    0s

Cutting planes:
  Zero half: 4

Explored 1 nodes (64 simplex iterations) in 0.01 seconds (0.00 work units)
Thread count was 4 (of 4 available processors)

Solution count 5: 8 11 13 ... 26

Optimal solution found (tolerance 1.00e-04)
Best objective 8.000000000000e+00, best bound 8.000000000000e+00, gap 0.0000%

Gurobi 11.0.3 (win64, Java) logging started Tue Mar 18 22:39:32 2025

Set parameter Username
Set parameter LogFile to value "src/main/java/gzhu/yh/logger/ILP_RD12.log"
Academic license - for non-commercial use only - expires 2025-09-02
Gurobi Optimizer version 11.0.3 build v11.0.3rc0 (win64 - Windows 10.0 (19045.2))

CPU model: Intel(R) Core(TM) i5-7300HQ CPU @ 2.50GHz, instruction set [SSE2|AVX|AVX2]
Thread count: 4 physical cores, 4 logical processors, using up to 4 threads

Optimize a model with 81 rows, 81 columns and 527 nonzeros
Model fingerprint: 0x8209fd51
Variable types: 0 continuous, 81 integer (81 binary)
Coefficient statistics:
  Matrix range     [1e+00, 1e+05]
  Objective range  [1e+00, 2e+00]
  Bounds range     [1e+00, 1e+00]
  RHS range        [1e+00, 1e+05]
Found heuristic solution: objective 27.0000000
Presolve removed 1 rows and 27 columns
Presolve time: 0.00s
Presolved: 80 rows, 54 columns, 497 nonzeros
Variable types: 0 continuous, 54 integer (54 binary)

Root relaxation: objective 6.809524e+00, 63 iterations, 0.00 seconds (0.00 work units)

    Nodes    |    Current Node    |     Objective Bounds      |     Work
 Expl Unexpl |  Obj  Depth IntInf | Incumbent    BestBd   Gap | It/Node Time

     0     0    6.80952    0   25   27.00000    6.80952  74.8%     -    0s
H    0     0                      13.0000000    6.80952  47.6%     -    0s
H    0     0                      11.0000000    6.80952  38.1%     -    0s
H    0     0                       9.0000000    6.80952  24.3%     -    0s
H    0     0                       8.0000000    7.57143  5.36%     -    0s

Cutting planes:
  Gomory: 1
  MIR: 1
  Zero half: 4

Explored 1 nodes (64 simplex iterations) in 0.02 seconds (0.00 work units)
Thread count was 4 (of 4 available processors)

Solution count 5: 8 9 11 ... 27

Optimal solution found (tolerance 1.00e-04)
Best objective 8.000000000000e+00, best bound 8.000000000000e+00, gap 0.0000%

Gurobi 11.0.3 (win64, Java) logging started Tue Mar 18 22:39:32 2025

Set parameter Username
Set parameter LogFile to value "src/main/java/gzhu/yh/logger/ILP_RD12.log"
Academic license - for non-commercial use only - expires 2025-09-02
Gurobi Optimizer version 11.0.3 build v11.0.3rc0 (win64 - Windows 10.0 (19045.2))

CPU model: Intel(R) Core(TM) i5-7300HQ CPU @ 2.50GHz, instruction set [SSE2|AVX|AVX2]
Thread count: 4 physical cores, 4 logical processors, using up to 4 threads

Optimize a model with 84 rows, 84 columns and 588 nonzeros
Model fingerprint: 0xb29d6590
Variable types: 0 continuous, 84 integer (84 binary)
Coefficient statistics:
  Matrix range     [1e+00, 1e+05]
  Objective range  [1e+00, 2e+00]
  Bounds range     [1e+00, 1e+00]
  RHS range        [1e+00, 1e+05]
Found heuristic solution: objective 28.0000000
Presolve removed 0 rows and 28 columns
Presolve time: 0.00s
Presolved: 84 rows, 56 columns, 560 nonzeros
Variable types: 0 continuous, 56 integer (56 binary)

Root relaxation: objective 6.600000e+00, 56 iterations, 0.00 seconds (0.00 work units)

    Nodes    |    Current Node    |     Objective Bounds      |     Work
 Expl Unexpl |  Obj  Depth IntInf | Incumbent    BestBd   Gap | It/Node Time

     0     0    6.60000    0   28   28.00000    6.60000  76.4%     -    0s
H    0     0                       9.0000000    6.60000  26.7%     -    0s
     0     0    7.00000    0   17    9.00000    7.00000  22.2%     -    0s
H    0     0                       8.0000000    7.00000  12.5%     -    0s
     0     0     cutoff    0         8.00000    8.00000  0.00%     -    0s

Cutting planes:
  Gomory: 2
  Zero half: 2

Explored 1 nodes (78 simplex iterations) in 0.05 seconds (0.00 work units)
Thread count was 4 (of 4 available processors)

Solution count 3: 8 9 28 

Optimal solution found (tolerance 1.00e-04)
Best objective 8.000000000000e+00, best bound 8.000000000000e+00, gap 0.0000%

Gurobi 11.0.3 (win64, Java) logging started Tue Mar 18 22:39:32 2025

Set parameter Username
Set parameter LogFile to value "src/main/java/gzhu/yh/logger/ILP_RD12.log"
Academic license - for non-commercial use only - expires 2025-09-02
Gurobi Optimizer version 11.0.3 build v11.0.3rc0 (win64 - Windows 10.0 (19045.2))

CPU model: Intel(R) Core(TM) i5-7300HQ CPU @ 2.50GHz, instruction set [SSE2|AVX|AVX2]
Thread count: 4 physical cores, 4 logical processors, using up to 4 threads

Optimize a model with 87 rows, 87 columns and 609 nonzeros
Model fingerprint: 0x96fa6c1d
Variable types: 0 continuous, 87 integer (87 binary)
Coefficient statistics:
  Matrix range     [1e+00, 1e+05]
  Objective range  [1e+00, 2e+00]
  Bounds range     [1e+00, 1e+00]
  RHS range        [1e+00, 1e+05]
Found heuristic solution: objective 29.0000000
Presolve removed 0 rows and 29 columns
Presolve time: 0.00s
Presolved: 87 rows, 58 columns, 580 nonzeros
Variable types: 0 continuous, 58 integer (58 binary)

Root relaxation: objective 6.512635e+00, 63 iterations, 0.00 seconds (0.00 work units)

    Nodes    |    Current Node    |     Objective Bounds      |     Work
 Expl Unexpl |  Obj  Depth IntInf | Incumbent    BestBd   Gap | It/Node Time

     0     0    6.51264    0   32   29.00000    6.51264  77.5%     -    0s
H    0     0                      12.0000000    6.51264  45.7%     -    0s
H    0     0                      11.0000000    6.51264  40.8%     -    0s
H    0     0                       9.0000000    6.94545  22.8%     -    0s
     0     0    7.05962    0   36    9.00000    7.05962  21.6%     -    0s
     0     0    7.24324    0   31    9.00000    7.24324  19.5%     -    0s
     0     0    8.00000    0   34    9.00000    8.00000  11.1%     -    0s
     0     0    9.00000    0   32    9.00000    9.00000  0.00%     -    0s

Cutting planes:
  Gomory: 2
  Zero half: 8

Explored 1 nodes (123 simplex iterations) in 0.05 seconds (0.01 work units)
Thread count was 4 (of 4 available processors)

Solution count 4: 9 11 12 29 

Optimal solution found (tolerance 1.00e-04)
Best objective 9.000000000000e+00, best bound 9.000000000000e+00, gap 0.0000%

Gurobi 11.0.3 (win64, Java) logging started Tue Mar 18 22:39:32 2025

Set parameter Username
Set parameter LogFile to value "src/main/java/gzhu/yh/logger/ILP_RD12.log"
Academic license - for non-commercial use only - expires 2025-09-02
Gurobi Optimizer version 11.0.3 build v11.0.3rc0 (win64 - Windows 10.0 (19045.2))

CPU model: Intel(R) Core(TM) i5-7300HQ CPU @ 2.50GHz, instruction set [SSE2|AVX|AVX2]
Thread count: 4 physical cores, 4 logical processors, using up to 4 threads

Optimize a model with 90 rows, 90 columns and 702 nonzeros
Model fingerprint: 0x9366614d
Variable types: 0 continuous, 90 integer (90 binary)
Coefficient statistics:
  Matrix range     [1e+00, 1e+05]
  Objective range  [1e+00, 2e+00]
  Bounds range     [1e+00, 1e+00]
  RHS range        [1e+00, 1e+05]
Found heuristic solution: objective 30.0000000
Presolve removed 0 rows and 30 columns
Presolve time: 0.00s
Presolved: 90 rows, 60 columns, 672 nonzeros
Variable types: 0 continuous, 60 integer (60 binary)

Root relaxation: objective 6.465549e+00, 90 iterations, 0.00 seconds (0.00 work units)

    Nodes    |    Current Node    |     Objective Bounds      |     Work
 Expl Unexpl |  Obj  Depth IntInf | Incumbent    BestBd   Gap | It/Node Time

     0     0    6.46555    0   36   30.00000    6.46555  78.4%     -    0s
H    0     0                      13.0000000    6.46555  50.3%     -    0s
H    0     0                       8.0000000    6.46555  19.2%     -    0s
     0     0    6.76800    0   31    8.00000    6.76800  15.4%     -    0s
     0     0    6.76800    0   29    8.00000    6.76800  15.4%     -    0s
     0     0    7.00000    0   26    8.00000    7.00000  12.5%     -    0s

Cutting planes:
  Gomory: 2
  MIR: 2
  Zero half: 2
  RLT: 5

Explored 1 nodes (118 simplex iterations) in 0.02 seconds (0.01 work units)
Thread count was 4 (of 4 available processors)

Solution count 3: 8 13 30 

Optimal solution found (tolerance 1.00e-04)
Best objective 8.000000000000e+00, best bound 8.000000000000e+00, gap 0.0000%

Gurobi 11.0.3 (win64, Java) logging started Tue Mar 18 22:39:32 2025

Set parameter Username
Set parameter LogFile to value "src/main/java/gzhu/yh/logger/ILP_RD12.log"
Academic license - for non-commercial use only - expires 2025-09-02
Gurobi Optimizer version 11.0.3 build v11.0.3rc0 (win64 - Windows 10.0 (19045.2))

CPU model: Intel(R) Core(TM) i5-7300HQ CPU @ 2.50GHz, instruction set [SSE2|AVX|AVX2]
Thread count: 4 physical cores, 4 logical processors, using up to 4 threads

Optimize a model with 93 rows, 93 columns and 723 nonzeros
Model fingerprint: 0x2a52dcd8
Variable types: 0 continuous, 93 integer (93 binary)
Coefficient statistics:
  Matrix range     [1e+00, 1e+05]
  Objective range  [1e+00, 2e+00]
  Bounds range     [1e+00, 1e+00]
  RHS range        [1e+00, 1e+05]
Found heuristic solution: objective 31.0000000
Presolve removed 0 rows and 31 columns
Presolve time: 0.00s
Presolved: 93 rows, 62 columns, 692 nonzeros
Variable types: 0 continuous, 62 integer (62 binary)

Root relaxation: objective 5.627907e+00, 84 iterations, 0.00 seconds (0.00 work units)

    Nodes    |    Current Node    |     Objective Bounds      |     Work
 Expl Unexpl |  Obj  Depth IntInf | Incumbent    BestBd   Gap | It/Node Time

     0     0    5.62791    0   26   31.00000    5.62791  81.8%     -    0s
H    0     0                      11.0000000    5.62791  48.8%     -    0s
H    0     0                      10.0000000    5.62791  43.7%     -    0s
H    0     0                       9.0000000    5.62791  37.5%     -    0s
H    0     0                       8.0000000    5.62791  29.7%     -    0s
H    0     0                       7.0000000    6.25000  10.7%     -    0s
     0     0    7.00000    0   24    7.00000    7.00000  0.00%     -    0s

Cutting planes:
  MIR: 2
  Zero half: 3

Explored 1 nodes (99 simplex iterations) in 0.02 seconds (0.00 work units)
Thread count was 4 (of 4 available processors)

Solution count 6: 7 8 9 ... 31

Optimal solution found (tolerance 1.00e-04)
Best objective 7.000000000000e+00, best bound 7.000000000000e+00, gap 0.0000%

Gurobi 11.0.3 (win64, Java) logging started Tue Mar 18 22:39:32 2025

Set parameter Username
Set parameter LogFile to value "src/main/java/gzhu/yh/logger/ILP_RD12.log"
Academic license - for non-commercial use only - expires 2025-09-02
Gurobi Optimizer version 11.0.3 build v11.0.3rc0 (win64 - Windows 10.0 (19045.2))

CPU model: Intel(R) Core(TM) i5-7300HQ CPU @ 2.50GHz, instruction set [SSE2|AVX|AVX2]
Thread count: 4 physical cores, 4 logical processors, using up to 4 threads

Optimize a model with 96 rows, 96 columns and 772 nonzeros
Model fingerprint: 0xd2de9ff4
Variable types: 0 continuous, 96 integer (96 binary)
Coefficient statistics:
  Matrix range     [1e+00, 1e+05]
  Objective range  [1e+00, 2e+00]
  Bounds range     [1e+00, 1e+00]
  RHS range        [1e+00, 1e+05]
Found heuristic solution: objective 32.0000000
Presolve removed 0 rows and 32 columns
Presolve time: 0.00s
Presolved: 96 rows, 64 columns, 740 nonzeros
Variable types: 0 continuous, 64 integer (64 binary)

Root relaxation: objective 6.184531e+00, 87 iterations, 0.00 seconds (0.00 work units)

    Nodes    |    Current Node    |     Objective Bounds      |     Work
 Expl Unexpl |  Obj  Depth IntInf | Incumbent    BestBd   Gap | It/Node Time

     0     0    6.18453    0   38   32.00000    6.18453  80.7%     -    0s
H    0     0                      15.0000000    6.18453  58.8%     -    0s
H    0     0                      13.0000000    6.18453  52.4%     -    0s
H    0     0                      11.0000000    6.18453  43.8%     -    0s
H    0     0                      10.0000000    6.52913  34.7%     -    0s
     0     0    7.02679    0   39   10.00000    7.02679  29.7%     -    0s
     0     0    7.15380    0   37   10.00000    7.15380  28.5%     -    0s
H    0     0                       9.0000000    7.15380  20.5%     -    0s
H    0     0                       8.0000000    7.27273  9.09%     -    0s
     0     0    8.00000    0   33    8.00000    8.00000  0.00%     -    0s

Cutting planes:
  Gomory: 1
  MIR: 2
  Zero half: 7

Explored 1 nodes (131 simplex iterations) in 0.03 seconds (0.01 work units)
Thread count was 4 (of 4 available processors)

Solution count 7: 8 9 10 ... 32

Optimal solution found (tolerance 1.00e-04)
Best objective 8.000000000000e+00, best bound 8.000000000000e+00, gap 0.0000%

Gurobi 11.0.3 (win64, Java) logging started Tue Mar 18 22:39:32 2025

Set parameter Username
Set parameter LogFile to value "src/main/java/gzhu/yh/logger/ILP_RD12.log"
Academic license - for non-commercial use only - expires 2025-09-02
Gurobi Optimizer version 11.0.3 build v11.0.3rc0 (win64 - Windows 10.0 (19045.2))

CPU model: Intel(R) Core(TM) i5-7300HQ CPU @ 2.50GHz, instruction set [SSE2|AVX|AVX2]
Thread count: 4 physical cores, 4 logical processors, using up to 4 threads

Optimize a model with 99 rows, 99 columns and 853 nonzeros
Model fingerprint: 0xdffedc40
Variable types: 0 continuous, 99 integer (99 binary)
Coefficient statistics:
  Matrix range     [1e+00, 1e+05]
  Objective range  [1e+00, 2e+00]
  Bounds range     [1e+00, 1e+00]
  RHS range        [1e+00, 1e+05]
Found heuristic solution: objective 33.0000000
Presolve removed 0 rows and 33 columns
Presolve time: 0.00s
Presolved: 99 rows, 66 columns, 820 nonzeros
Variable types: 0 continuous, 66 integer (66 binary)

Root relaxation: objective 6.070142e+00, 91 iterations, 0.00 seconds (0.00 work units)

    Nodes    |    Current Node    |     Objective Bounds      |     Work
 Expl Unexpl |  Obj  Depth IntInf | Incumbent    BestBd   Gap | It/Node Time

     0     0    6.07014    0   34   33.00000    6.07014  81.6%     -    0s
H    0     0                      14.0000000    6.07014  56.6%     -    0s
H    0     0                      13.0000000    6.07014  53.3%     -    0s
H    0     0                       9.0000000    6.07014  32.6%     -    0s
     0     0    6.66667    0   38    9.00000    6.66667  25.9%     -    0s
     0     0    7.01548    0   34    9.00000    7.01548  22.1%     -    0s
     0     0    7.41026    0   36    9.00000    7.41026  17.7%     -    0s
     0     0    7.44364    0   36    9.00000    7.44364  17.3%     -    0s
     0     0    7.53298    0   38    9.00000    7.53298  16.3%     -    0s
     0     0    7.55487    0   46    9.00000    7.55487  16.1%     -    0s
     0     0    7.55872    0   44    9.00000    7.55872  16.0%     -    0s
     0     0    7.65648    0   44    9.00000    7.65648  14.9%     -    0s

Cutting planes:
  Gomory: 5
  MIR: 4
  Zero half: 8

Explored 1 nodes (197 simplex iterations) in 0.09 seconds (0.02 work units)
Thread count was 4 (of 4 available processors)

Solution count 4: 9 13 14 33 

Optimal solution found (tolerance 1.00e-04)
Best objective 9.000000000000e+00, best bound 9.000000000000e+00, gap 0.0000%

Gurobi 11.0.3 (win64, Java) logging started Tue Mar 18 22:39:32 2025

Set parameter Username
Set parameter LogFile to value "src/main/java/gzhu/yh/logger/ILP_RD12.log"
Academic license - for non-commercial use only - expires 2025-09-02
Gurobi Optimizer version 11.0.3 build v11.0.3rc0 (win64 - Windows 10.0 (19045.2))

CPU model: Intel(R) Core(TM) i5-7300HQ CPU @ 2.50GHz, instruction set [SSE2|AVX|AVX2]
Thread count: 4 physical cores, 4 logical processors, using up to 4 threads

Optimize a model with 102 rows, 102 columns and 866 nonzeros
Model fingerprint: 0xb8722e65
Variable types: 0 continuous, 102 integer (102 binary)
Coefficient statistics:
  Matrix range     [1e+00, 1e+05]
  Objective range  [1e+00, 2e+00]
  Bounds range     [1e+00, 1e+00]
  RHS range        [1e+00, 1e+05]
Found heuristic solution: objective 34.0000000
Presolve removed 0 rows and 34 columns
Presolve time: 0.00s
Presolved: 102 rows, 68 columns, 832 nonzeros
Variable types: 0 continuous, 68 integer (68 binary)

Root relaxation: objective 6.200000e+00, 85 iterations, 0.00 seconds (0.00 work units)

    Nodes    |    Current Node    |     Objective Bounds      |     Work
 Expl Unexpl |  Obj  Depth IntInf | Incumbent    BestBd   Gap | It/Node Time

     0     0    6.20000    0   26   34.00000    6.20000  81.8%     -    0s
H    0     0                      15.0000000    6.20000  58.7%     -    0s
H    0     0                      14.0000000    6.20000  55.7%     -    0s
H    0     0                      12.0000000    6.20000  48.3%     -    0s
H    0     0                       9.0000000    6.30909  29.9%     -    0s
H    0     0                       8.0000000    6.30909  21.1%     -    0s
     0     0    6.37427    0   40    8.00000    6.37427  20.3%     -    0s
     0     0    6.96875    0   32    8.00000    6.96875  12.9%     -    0s

Cutting planes:
  Gomory: 1
  Zero half: 5

Explored 1 nodes (122 simplex iterations) in 0.03 seconds (0.01 work units)
Thread count was 4 (of 4 available processors)

Solution count 6: 8 9 12 ... 34

Optimal solution found (tolerance 1.00e-04)
Best objective 8.000000000000e+00, best bound 8.000000000000e+00, gap 0.0000%

Gurobi 11.0.3 (win64, Java) logging started Tue Mar 18 22:39:32 2025

Set parameter Username
Set parameter LogFile to value "src/main/java/gzhu/yh/logger/ILP_RD12.log"
Academic license - for non-commercial use only - expires 2025-09-02
Gurobi Optimizer version 11.0.3 build v11.0.3rc0 (win64 - Windows 10.0 (19045.2))

CPU model: Intel(R) Core(TM) i5-7300HQ CPU @ 2.50GHz, instruction set [SSE2|AVX|AVX2]
Thread count: 4 physical cores, 4 logical processors, using up to 4 threads

Optimize a model with 105 rows, 105 columns and 867 nonzeros
Model fingerprint: 0x477d6a01
Variable types: 0 continuous, 105 integer (105 binary)
Coefficient statistics:
  Matrix range     [1e+00, 1e+05]
  Objective range  [1e+00, 2e+00]
  Bounds range     [1e+00, 1e+00]
  RHS range        [1e+00, 1e+05]
Found heuristic solution: objective 35.0000000
Presolve removed 0 rows and 35 columns
Presolve time: 0.00s
Presolved: 105 rows, 70 columns, 832 nonzeros
Variable types: 0 continuous, 70 integer (70 binary)

Root relaxation: objective 6.307692e+00, 85 iterations, 0.00 seconds (0.00 work units)

    Nodes    |    Current Node    |     Objective Bounds      |     Work
 Expl Unexpl |  Obj  Depth IntInf | Incumbent    BestBd   Gap | It/Node Time

     0     0    6.30769    0   32   35.00000    6.30769  82.0%     -    0s
H    0     0                      13.0000000    6.30769  51.5%     -    0s
H    0     0                      12.0000000    6.30769  47.4%     -    0s
     0     0    7.18750    0   38   12.00000    7.18750  40.1%     -    0s
H    0     0                      11.0000000    7.18750  34.7%     -    0s
     0     0    7.22024    0   37   11.00000    7.22024  34.4%     -    0s
H    0     0                       9.0000000    7.22024  19.8%     -    0s
H    0     0                       8.0000000    7.22024  9.75%     -    0s

Cutting planes:
  Gomory: 1
  MIR: 1
  Zero half: 9

Explored 1 nodes (136 simplex iterations) in 0.02 seconds (0.01 work units)
Thread count was 4 (of 4 available processors)

Solution count 6: 8 9 11 ... 35

Optimal solution found (tolerance 1.00e-04)
Best objective 8.000000000000e+00, best bound 8.000000000000e+00, gap 0.0000%

Gurobi 11.0.3 (win64, Java) logging started Tue Mar 18 22:39:32 2025

Set parameter Username
Set parameter LogFile to value "src/main/java/gzhu/yh/logger/ILP_RD12.log"
Academic license - for non-commercial use only - expires 2025-09-02
Gurobi Optimizer version 11.0.3 build v11.0.3rc0 (win64 - Windows 10.0 (19045.2))

CPU model: Intel(R) Core(TM) i5-7300HQ CPU @ 2.50GHz, instruction set [SSE2|AVX|AVX2]
Thread count: 4 physical cores, 4 logical processors, using up to 4 threads

Optimize a model with 108 rows, 108 columns and 892 nonzeros
Model fingerprint: 0x46d9dd9d
Variable types: 0 continuous, 108 integer (108 binary)
Coefficient statistics:
  Matrix range     [1e+00, 1e+05]
  Objective range  [1e+00, 2e+00]
  Bounds range     [1e+00, 1e+00]
  RHS range        [1e+00, 1e+05]
Found heuristic solution: objective 36.0000000
Presolve removed 0 rows and 36 columns
Presolve time: 0.00s
Presolved: 108 rows, 72 columns, 856 nonzeros
Variable types: 0 continuous, 72 integer (72 binary)

Root relaxation: objective 7.285310e+00, 95 iterations, 0.00 seconds (0.00 work units)

    Nodes    |    Current Node    |     Objective Bounds      |     Work
 Expl Unexpl |  Obj  Depth IntInf | Incumbent    BestBd   Gap | It/Node Time

     0     0    7.28531    0   46   36.00000    7.28531  79.8%     -    0s
H    0     0                      15.0000000    7.28531  51.4%     -    0s
H    0     0                      14.0000000    7.28531  48.0%     -    0s
H    0     0                      12.0000000    7.28531  39.3%     -    0s
H    0     0                      11.0000000    7.28531  33.8%     -    0s
     0     0    7.65885    0   40   11.00000    7.65885  30.4%     -    0s
     0     0    7.73098    0   38   11.00000    7.73098  29.7%     -    0s
H    0     0                      10.0000000    8.03635  19.6%     -    0s
     0     0    8.09524    0   42   10.00000    8.09524  19.0%     -    0s
     0     0    8.20895    0   46   10.00000    8.20895  17.9%     -    0s
     0     0    8.40927    0   46   10.00000    8.40927  15.9%     -    0s
     0     0    8.40927    0   46   10.00000    8.40927  15.9%     -    0s
     0     2    8.40927    0   46   10.00000    8.40927  15.9%     -    0s

Cutting planes:
  Gomory: 2
  Zero half: 5

Explored 63 nodes (1094 simplex iterations) in 0.15 seconds (0.04 work units)
Thread count was 4 (of 4 available processors)

Solution count 6: 10 11 12 ... 36

Optimal solution found (tolerance 1.00e-04)
Best objective 1.000000000000e+01, best bound 1.000000000000e+01, gap 0.0000%

Gurobi 11.0.3 (win64, Java) logging started Tue Mar 18 22:39:32 2025

Set parameter Username
Set parameter LogFile to value "src/main/java/gzhu/yh/logger/ILP_RD12.log"
Academic license - for non-commercial use only - expires 2025-09-02
Gurobi Optimizer version 11.0.3 build v11.0.3rc0 (win64 - Windows 10.0 (19045.2))

CPU model: Intel(R) Core(TM) i5-7300HQ CPU @ 2.50GHz, instruction set [SSE2|AVX|AVX2]
Thread count: 4 physical cores, 4 logical processors, using up to 4 threads

Optimize a model with 111 rows, 111 columns and 965 nonzeros
Model fingerprint: 0x895372c8
Variable types: 0 continuous, 111 integer (111 binary)
Coefficient statistics:
  Matrix range     [1e+00, 1e+05]
  Objective range  [1e+00, 2e+00]
  Bounds range     [1e+00, 1e+00]
  RHS range        [1e+00, 1e+05]
Found heuristic solution: objective 37.0000000
Presolve removed 0 rows and 37 columns
Presolve time: 0.00s
Presolved: 111 rows, 74 columns, 928 nonzeros
Variable types: 0 continuous, 74 integer (74 binary)

Root relaxation: objective 6.597633e+00, 96 iterations, 0.00 seconds (0.00 work units)

    Nodes    |    Current Node    |     Objective Bounds      |     Work
 Expl Unexpl |  Obj  Depth IntInf | Incumbent    BestBd   Gap | It/Node Time

     0     0    6.59763    0   33   37.00000    6.59763  82.2%     -    0s
H    0     0                      15.0000000    6.59763  56.0%     -    0s
H    0     0                      12.0000000    6.59763  45.0%     -    0s
     0     0    7.11925    0   37   12.00000    7.11925  40.7%     -    0s
     0     0    7.58219    0   32   12.00000    7.58219  36.8%     -    0s
H    0     0                       8.0000000    7.61538  4.81%     -    0s
     0     0    8.00000    0   24    8.00000    8.00000  0.00%     -    0s

Cutting planes:
  Gomory: 2
  MIR: 5
  Zero half: 5

Explored 1 nodes (164 simplex iterations) in 0.03 seconds (0.01 work units)
Thread count was 4 (of 4 available processors)

Solution count 4: 8 12 15 37 

Optimal solution found (tolerance 1.00e-04)
Best objective 8.000000000000e+00, best bound 8.000000000000e+00, gap 0.0000%

Gurobi 11.0.3 (win64, Java) logging started Tue Mar 18 22:39:32 2025

Set parameter Username
Set parameter LogFile to value "src/main/java/gzhu/yh/logger/ILP_RD12.log"
Academic license - for non-commercial use only - expires 2025-09-02
Gurobi Optimizer version 11.0.3 build v11.0.3rc0 (win64 - Windows 10.0 (19045.2))

CPU model: Intel(R) Core(TM) i5-7300HQ CPU @ 2.50GHz, instruction set [SSE2|AVX|AVX2]
Thread count: 4 physical cores, 4 logical processors, using up to 4 threads

Optimize a model with 114 rows, 114 columns and 1046 nonzeros
Model fingerprint: 0x8f7c5808
Variable types: 0 continuous, 114 integer (114 binary)
Coefficient statistics:
  Matrix range     [1e+00, 1e+05]
  Objective range  [1e+00, 2e+00]
  Bounds range     [1e+00, 1e+00]
  RHS range        [1e+00, 1e+05]
Found heuristic solution: objective 38.0000000
Presolve removed 0 rows and 38 columns
Presolve time: 0.00s
Presolved: 114 rows, 76 columns, 1008 nonzeros
Variable types: 0 continuous, 76 integer (76 binary)

Root relaxation: objective 6.387838e+00, 90 iterations, 0.00 seconds (0.00 work units)

    Nodes    |    Current Node    |     Objective Bounds      |     Work
 Expl Unexpl |  Obj  Depth IntInf | Incumbent    BestBd   Gap | It/Node Time

     0     0    6.38784    0   33   38.00000    6.38784  83.2%     -    0s
H    0     0                      17.0000000    6.38784  62.4%     -    0s
H    0     0                      15.0000000    6.38784  57.4%     -    0s
H    0     0                      12.0000000    6.38784  46.8%     -    0s
H    0     0                      11.0000000    6.38784  41.9%     -    0s
     0     0    6.81081    0   29   11.00000    6.81081  38.1%     -    0s
H    0     0                      10.0000000    6.81081  31.9%     -    0s
     0     0    7.01129    0   31   10.00000    7.01129  29.9%     -    0s
     0     0    7.43643    0   35   10.00000    7.43643  25.6%     -    0s
     0     0    7.50192    0   35   10.00000    7.50192  25.0%     -    0s
     0     0    7.51636    0   34   10.00000    7.51636  24.8%     -    0s
     0     0    7.51636    0   36   10.00000    7.51636  24.8%     -    0s
     0     0    7.51636    0   38   10.00000    7.51636  24.8%     -    0s
     0     0    7.56386    0   34   10.00000    7.56386  24.4%     -    0s
     0     0    7.56386    0   34   10.00000    7.56386  24.4%     -    0s
     0     0    7.67111    0   34   10.00000    7.67111  23.3%     -    0s
H    0     0                       9.0000000    7.67111  14.8%     -    0s

Cutting planes:
  Gomory: 2
  MIR: 1
  Zero half: 9

Explored 1 nodes (163 simplex iterations) in 0.10 seconds (0.02 work units)
Thread count was 4 (of 4 available processors)

Solution count 7: 9 10 11 ... 38

Optimal solution found (tolerance 1.00e-04)
Best objective 9.000000000000e+00, best bound 9.000000000000e+00, gap 0.0000%

Gurobi 11.0.3 (win64, Java) logging started Tue Mar 18 22:39:32 2025

Set parameter Username
Set parameter LogFile to value "src/main/java/gzhu/yh/logger/ILP_RD12.log"
Academic license - for non-commercial use only - expires 2025-09-02
Gurobi Optimizer version 11.0.3 build v11.0.3rc0 (win64 - Windows 10.0 (19045.2))

CPU model: Intel(R) Core(TM) i5-7300HQ CPU @ 2.50GHz, instruction set [SSE2|AVX|AVX2]
Thread count: 4 physical cores, 4 logical processors, using up to 4 threads

Optimize a model with 117 rows, 117 columns and 1087 nonzeros
Model fingerprint: 0xa3af846d
Variable types: 0 continuous, 117 integer (117 binary)
Coefficient statistics:
  Matrix range     [1e+00, 1e+05]
  Objective range  [1e+00, 2e+00]
  Bounds range     [1e+00, 1e+00]
  RHS range        [1e+00, 1e+05]
Found heuristic solution: objective 39.0000000
Presolve removed 0 rows and 39 columns
Presolve time: 0.00s
Presolved: 117 rows, 78 columns, 1048 nonzeros
Variable types: 0 continuous, 78 integer (78 binary)

Root relaxation: objective 6.309847e+00, 102 iterations, 0.00 seconds (0.00 work units)

    Nodes    |    Current Node    |     Objective Bounds      |     Work
 Expl Unexpl |  Obj  Depth IntInf | Incumbent    BestBd   Gap | It/Node Time

     0     0    6.30985    0   40   39.00000    6.30985  83.8%     -    0s
H    0     0                      15.0000000    6.30985  57.9%     -    0s
H    0     0                      13.0000000    6.30985  51.5%     -    0s
H    0     0                      10.0000000    6.30985  36.9%     -    0s
     0     0    6.90997    0   43   10.00000    6.90997  30.9%     -    0s
     0     0    7.06877    0   36   10.00000    7.06877  29.3%     -    0s
     0     0    7.06877    0   42   10.00000    7.06877  29.3%     -    0s
     0     0    7.06877    0   43   10.00000    7.06877  29.3%     -    0s
     0     0    7.06877    0   40   10.00000    7.06877  29.3%     -    0s
H    0     0                       9.0000000    7.57226  15.9%     -    0s
     0     0    7.73413    0   41    9.00000    7.73413  14.1%     -    0s
     0     0    9.00000    0   43    9.00000    9.00000  0.00%     -    0s

Cutting planes:
  Gomory: 3
  MIR: 1
  Zero half: 6

Explored 1 nodes (195 simplex iterations) in 0.05 seconds (0.01 work units)
Thread count was 4 (of 4 available processors)

Solution count 5: 9 10 13 ... 39

Optimal solution found (tolerance 1.00e-04)
Best objective 9.000000000000e+00, best bound 9.000000000000e+00, gap 0.0000%

Gurobi 11.0.3 (win64, Java) logging started Tue Mar 18 22:39:32 2025

Set parameter Username
Set parameter LogFile to value "src/main/java/gzhu/yh/logger/ILP_RD12.log"
Academic license - for non-commercial use only - expires 2025-09-02
Gurobi Optimizer version 11.0.3 build v11.0.3rc0 (win64 - Windows 10.0 (19045.2))

CPU model: Intel(R) Core(TM) i5-7300HQ CPU @ 2.50GHz, instruction set [SSE2|AVX|AVX2]
Thread count: 4 physical cores, 4 logical processors, using up to 4 threads

Optimize a model with 120 rows, 120 columns and 1160 nonzeros
Model fingerprint: 0x345faedd
Variable types: 0 continuous, 120 integer (120 binary)
Coefficient statistics:
  Matrix range     [1e+00, 1e+05]
  Objective range  [1e+00, 2e+00]
  Bounds range     [1e+00, 1e+00]
  RHS range        [1e+00, 1e+05]
Found heuristic solution: objective 40.0000000
Presolve removed 0 rows and 40 columns
Presolve time: 0.00s
Presolved: 120 rows, 80 columns, 1120 nonzeros
Variable types: 0 continuous, 80 integer (80 binary)

Root relaxation: objective 6.355621e+00, 118 iterations, 0.00 seconds (0.00 work units)

    Nodes    |    Current Node    |     Objective Bounds      |     Work
 Expl Unexpl |  Obj  Depth IntInf | Incumbent    BestBd   Gap | It/Node Time

     0     0    6.35562    0   40   40.00000    6.35562  84.1%     -    0s
H    0     0                      15.0000000    6.35562  57.6%     -    0s
H    0     0                      12.0000000    6.35562  47.0%     -    0s
     0     0    6.98316    0   42   12.00000    6.98316  41.8%     -    0s
H    0     0                      11.0000000    6.98316  36.5%     -    0s
     0     0    7.03802    0   48   11.00000    7.03802  36.0%     -    0s
H    0     0                       9.0000000    7.03802  21.8%     -    0s
     0     0    7.76461    0   40    9.00000    7.76461  13.7%     -    0s
     0     0    9.00000    0   42    9.00000    9.00000  0.00%     -    0s

Cutting planes:
  Gomory: 1
  Zero half: 4

Explored 1 nodes (170 simplex iterations) in 0.12 seconds (0.01 work units)
Thread count was 4 (of 4 available processors)

Solution count 5: 9 11 12 ... 40

Optimal solution found (tolerance 1.00e-04)
Best objective 9.000000000000e+00, best bound 9.000000000000e+00, gap 0.0000%

Gurobi 11.0.3 (win64, Java) logging started Tue Mar 18 22:39:33 2025

Set parameter Username
Set parameter LogFile to value "src/main/java/gzhu/yh/logger/ILP_RD12.log"
Academic license - for non-commercial use only - expires 2025-09-02
Gurobi Optimizer version 11.0.3 build v11.0.3rc0 (win64 - Windows 10.0 (19045.2))

CPU model: Intel(R) Core(TM) i5-7300HQ CPU @ 2.50GHz, instruction set [SSE2|AVX|AVX2]
Thread count: 4 physical cores, 4 logical processors, using up to 4 threads

Optimize a model with 123 rows, 123 columns and 1149 nonzeros
Model fingerprint: 0xfc6da9cc
Variable types: 0 continuous, 123 integer (123 binary)
Coefficient statistics:
  Matrix range     [1e+00, 1e+05]
  Objective range  [1e+00, 2e+00]
  Bounds range     [1e+00, 1e+00]
  RHS range        [1e+00, 1e+05]
Found heuristic solution: objective 41.0000000
Presolve removed 0 rows and 41 columns
Presolve time: 0.00s
Presolved: 123 rows, 82 columns, 1108 nonzeros
Variable types: 0 continuous, 82 integer (82 binary)

Root relaxation: objective 6.731593e+00, 114 iterations, 0.00 seconds (0.00 work units)

    Nodes    |    Current Node    |     Objective Bounds      |     Work
 Expl Unexpl |  Obj  Depth IntInf | Incumbent    BestBd   Gap | It/Node Time

     0     0    6.73159    0   42   41.00000    6.73159  83.6%     -    0s
H    0     0                      14.0000000    6.73159  51.9%     -    0s
H    0     0                      11.0000000    6.73159  38.8%     -    0s
H    0     0                       9.0000000    6.73159  25.2%     -    0s
     0     0    7.18621    0   43    9.00000    7.18621  20.2%     -    0s
     0     0    7.45033    0   47    9.00000    7.45033  17.2%     -    0s
     0     0    7.92127    0   45    9.00000    7.92127  12.0%     -    0s
     0     0    7.94109    0   41    9.00000    7.94109  11.8%     -    0s

Cutting planes:
  MIR: 4
  Zero half: 15

Explored 1 nodes (191 simplex iterations) in 0.07 seconds (0.02 work units)
Thread count was 4 (of 4 available processors)

Solution count 4: 9 11 14 41 

Optimal solution found (tolerance 1.00e-04)
Best objective 9.000000000000e+00, best bound 9.000000000000e+00, gap 0.0000%

Gurobi 11.0.3 (win64, Java) logging started Tue Mar 18 22:39:33 2025

Set parameter Username
Set parameter LogFile to value "src/main/java/gzhu/yh/logger/ILP_RD12.log"
Academic license - for non-commercial use only - expires 2025-09-02
Gurobi Optimizer version 11.0.3 build v11.0.3rc0 (win64 - Windows 10.0 (19045.2))

CPU model: Intel(R) Core(TM) i5-7300HQ CPU @ 2.50GHz, instruction set [SSE2|AVX|AVX2]
Thread count: 4 physical cores, 4 logical processors, using up to 4 threads

Optimize a model with 126 rows, 126 columns and 1278 nonzeros
Model fingerprint: 0x39bb6cf3
Variable types: 0 continuous, 126 integer (126 binary)
Coefficient statistics:
  Matrix range     [1e+00, 1e+05]
  Objective range  [1e+00, 2e+00]
  Bounds range     [1e+00, 1e+00]
  RHS range        [1e+00, 1e+05]
Found heuristic solution: objective 42.0000000
Presolve removed 0 rows and 42 columns
Presolve time: 0.00s
Presolved: 126 rows, 84 columns, 1236 nonzeros
Variable types: 0 continuous, 84 integer (84 binary)

Root relaxation: objective 6.127676e+00, 123 iterations, 0.00 seconds (0.00 work units)

    Nodes    |    Current Node    |     Objective Bounds      |     Work
 Expl Unexpl |  Obj  Depth IntInf | Incumbent    BestBd   Gap | It/Node Time

     0     0    6.12768    0   48   42.00000    6.12768  85.4%     -    0s
H    0     0                      15.0000000    6.12768  59.1%     -    0s
     0     0    6.85120    0   50   15.00000    6.85120  54.3%     -    0s
H    0     0                      12.0000000    6.85900  42.8%     -    0s
     0     0    6.85900    0   48   12.00000    6.85900  42.8%     -    0s
     0     0    7.31833    0   50   12.00000    7.31833  39.0%     -    0s
     0     0    7.37669    0   46   12.00000    7.37669  38.5%     -    0s
H    0     0                      11.0000000    7.80724  29.0%     -    0s
     0     0    7.83871    0   48   11.00000    7.83871  28.7%     -    0s
     0     0    7.83871    0   48   11.00000    7.83871  28.7%     -    0s
     0     2    7.83871    0   48   11.00000    7.83871  28.7%     -    0s
H   16    18                      10.0000000    7.83871  21.6%  29.6    0s

Cutting planes:
  Gomory: 2
  MIR: 1
  Zero half: 6

Explored 153 nodes (2829 simplex iterations) in 0.15 seconds (0.07 work units)
Thread count was 4 (of 4 available processors)

Solution count 5: 10 11 12 ... 42

Optimal solution found (tolerance 1.00e-04)
Best objective 1.000000000000e+01, best bound 1.000000000000e+01, gap 0.0000%

Gurobi 11.0.3 (win64, Java) logging started Tue Mar 18 22:39:33 2025

Set parameter Username
Set parameter LogFile to value "src/main/java/gzhu/yh/logger/ILP_RD12.log"
Academic license - for non-commercial use only - expires 2025-09-02
Gurobi Optimizer version 11.0.3 build v11.0.3rc0 (win64 - Windows 10.0 (19045.2))

CPU model: Intel(R) Core(TM) i5-7300HQ CPU @ 2.50GHz, instruction set [SSE2|AVX|AVX2]
Thread count: 4 physical cores, 4 logical processors, using up to 4 threads

Optimize a model with 129 rows, 129 columns and 1295 nonzeros
Model fingerprint: 0x5d7f3371
Variable types: 0 continuous, 129 integer (129 binary)
Coefficient statistics:
  Matrix range     [1e+00, 1e+05]
  Objective range  [1e+00, 2e+00]
  Bounds range     [1e+00, 1e+00]
  RHS range        [1e+00, 1e+05]
Found heuristic solution: objective 43.0000000
Presolve removed 0 rows and 43 columns
Presolve time: 0.00s
Presolved: 129 rows, 86 columns, 1252 nonzeros
Variable types: 0 continuous, 86 integer (86 binary)

Root relaxation: objective 6.853840e+00, 132 iterations, 0.00 seconds (0.00 work units)

    Nodes    |    Current Node    |     Objective Bounds      |     Work
 Expl Unexpl |  Obj  Depth IntInf | Incumbent    BestBd   Gap | It/Node Time

     0     0    6.85384    0   42   43.00000    6.85384  84.1%     -    0s
H    0     0                      19.0000000    6.85384  63.9%     -    0s
H    0     0                      17.0000000    6.85384  59.7%     -    0s
H    0     0                      13.0000000    6.85384  47.3%     -    0s
     0     0    7.46300    0   43   13.00000    7.46300  42.6%     -    0s
     0     0    7.62911    0   43   13.00000    7.62911  41.3%     -    0s
H    0     0                      11.0000000    7.62911  30.6%     -    0s
     0     0    7.90816    0   46   11.00000    7.90816  28.1%     -    0s
     0     0    7.94393    0   46   11.00000    7.94393  27.8%     -    0s
H    0     0                      10.0000000    7.94393  20.6%     -    0s
     0     0    8.41560    0   46   10.00000    8.41560  15.8%     -    0s
     0     0    8.41560    0   46   10.00000    8.41560  15.8%     -    0s
     0     2    8.41560    0   46   10.00000    8.41560  15.8%     -    0s

Cutting planes:
  Gomory: 3
  MIR: 3
  Zero half: 4

Explored 86 nodes (1495 simplex iterations) in 0.17 seconds (0.06 work units)
Thread count was 4 (of 4 available processors)

Solution count 6: 10 11 13 ... 43

Optimal solution found (tolerance 1.00e-04)
Best objective 1.000000000000e+01, best bound 1.000000000000e+01, gap 0.0000%

Gurobi 11.0.3 (win64, Java) logging started Tue Mar 18 22:39:33 2025

Set parameter Username
Set parameter LogFile to value "src/main/java/gzhu/yh/logger/ILP_RD12.log"
Academic license - for non-commercial use only - expires 2025-09-02
Gurobi Optimizer version 11.0.3 build v11.0.3rc0 (win64 - Windows 10.0 (19045.2))

CPU model: Intel(R) Core(TM) i5-7300HQ CPU @ 2.50GHz, instruction set [SSE2|AVX|AVX2]
Thread count: 4 physical cores, 4 logical processors, using up to 4 threads

Optimize a model with 132 rows, 132 columns and 1408 nonzeros
Model fingerprint: 0xe7656b9b
Variable types: 0 continuous, 132 integer (132 binary)
Coefficient statistics:
  Matrix range     [1e+00, 1e+05]
  Objective range  [1e+00, 2e+00]
  Bounds range     [1e+00, 1e+00]
  RHS range        [1e+00, 1e+05]
Found heuristic solution: objective 44.0000000
Presolve removed 0 rows and 44 columns
Presolve time: 0.00s
Presolved: 132 rows, 88 columns, 1364 nonzeros
Variable types: 0 continuous, 88 integer (88 binary)

Root relaxation: objective 6.080648e+00, 156 iterations, 0.00 seconds (0.00 work units)

    Nodes    |    Current Node    |     Objective Bounds      |     Work
 Expl Unexpl |  Obj  Depth IntInf | Incumbent    BestBd   Gap | It/Node Time

     0     0    6.08065    0   58   44.00000    6.08065  86.2%     -    0s
H    0     0                      13.0000000    6.08065  53.2%     -    0s
H    0     0                      11.0000000    6.25561  43.1%     -    0s
     0     0    6.58767    0   52   11.00000    6.58767  40.1%     -    0s
     0     0    6.59374    0   56   11.00000    6.59374  40.1%     -    0s
     0     0    7.20097    0   54   11.00000    7.20097  34.5%     -    0s
     0     0    7.28552    0   58   11.00000    7.28552  33.8%     -    0s
H    0     0                      10.0000000    7.39394  26.1%     -    0s
H    0     0                       9.0000000    7.39394  17.8%     -    0s
     0     0    7.41810    0   58    9.00000    7.41810  17.6%     -    0s
     0     0    7.41964    0   58    9.00000    7.41964  17.6%     -    0s
     0     2    7.41964    0   58    9.00000    7.41964  17.6%     -    0s

Cutting planes:
  Gomory: 1
  MIR: 1
  Zero half: 6

Explored 52 nodes (1256 simplex iterations) in 0.19 seconds (0.06 work units)
Thread count was 4 (of 4 available processors)

Solution count 5: 9 10 11 ... 44

Optimal solution found (tolerance 1.00e-04)
Best objective 9.000000000000e+00, best bound 9.000000000000e+00, gap 0.0000%

Gurobi 11.0.3 (win64, Java) logging started Tue Mar 18 22:39:33 2025

Set parameter Username
Set parameter LogFile to value "src/main/java/gzhu/yh/logger/ILP_RD12.log"
Academic license - for non-commercial use only - expires 2025-09-02
Gurobi Optimizer version 11.0.3 build v11.0.3rc0 (win64 - Windows 10.0 (19045.2))

CPU model: Intel(R) Core(TM) i5-7300HQ CPU @ 2.50GHz, instruction set [SSE2|AVX|AVX2]
Thread count: 4 physical cores, 4 logical processors, using up to 4 threads

Optimize a model with 135 rows, 135 columns and 1389 nonzeros
Model fingerprint: 0x27c0053a
Variable types: 0 continuous, 135 integer (135 binary)
Coefficient statistics:
  Matrix range     [1e+00, 1e+05]
  Objective range  [1e+00, 2e+00]
  Bounds range     [1e+00, 1e+00]
  RHS range        [1e+00, 1e+05]
Found heuristic solution: objective 45.0000000
Presolve removed 0 rows and 45 columns
Presolve time: 0.00s
Presolved: 135 rows, 90 columns, 1344 nonzeros
Variable types: 0 continuous, 90 integer (90 binary)

Root relaxation: objective 6.806568e+00, 105 iterations, 0.00 seconds (0.00 work units)

    Nodes    |    Current Node    |     Objective Bounds      |     Work
 Expl Unexpl |  Obj  Depth IntInf | Incumbent    BestBd   Gap | It/Node Time

     0     0    6.80657    0   42   45.00000    6.80657  84.9%     -    0s
H    0     0                      17.0000000    6.80657  60.0%     -    0s
H    0     0                      12.0000000    6.80657  43.3%     -    0s
     0     0    7.41949    0   50   12.00000    7.41949  38.2%     -    0s
     0     0    7.41949    0   44   12.00000    7.41949  38.2%     -    0s
H    0     0                      11.0000000    7.52297  31.6%     -    0s
     0     0    7.82609    0   42   11.00000    7.82609  28.9%     -    0s
     0     0    7.90598    0   44   11.00000    7.90598  28.1%     -    0s
H    0     0                      10.0000000    8.16446  18.4%     -    0s
     0     0    8.27100    0   48   10.00000    8.27100  17.3%     -    0s
     0     0    8.27100    0   48   10.00000    8.27100  17.3%     -    0s
     0     2    8.27100    0   48   10.00000    8.27100  17.3%     -    0s

Cutting planes:
  Gomory: 2
  MIR: 3
  Zero half: 5

Explored 70 nodes (1411 simplex iterations) in 0.19 seconds (0.06 work units)
Thread count was 4 (of 4 available processors)

Solution count 5: 10 11 12 ... 45

Optimal solution found (tolerance 1.00e-04)
Best objective 1.000000000000e+01, best bound 1.000000000000e+01, gap 0.0000%

Gurobi 11.0.3 (win64, Java) logging started Tue Mar 18 22:39:33 2025

Set parameter Username
Set parameter LogFile to value "src/main/java/gzhu/yh/logger/ILP_RD12.log"
Academic license - for non-commercial use only - expires 2025-09-02
Gurobi Optimizer version 11.0.3 build v11.0.3rc0 (win64 - Windows 10.0 (19045.2))

CPU model: Intel(R) Core(TM) i5-7300HQ CPU @ 2.50GHz, instruction set [SSE2|AVX|AVX2]
Thread count: 4 physical cores, 4 logical processors, using up to 4 threads

Optimize a model with 138 rows, 138 columns and 1470 nonzeros
Model fingerprint: 0xb89bb4db
Variable types: 0 continuous, 138 integer (138 binary)
Coefficient statistics:
  Matrix range     [1e+00, 1e+05]
  Objective range  [1e+00, 2e+00]
  Bounds range     [1e+00, 1e+00]
  RHS range        [1e+00, 1e+05]
Found heuristic solution: objective 46.0000000
Presolve removed 0 rows and 46 columns
Presolve time: 0.00s
Presolved: 138 rows, 92 columns, 1424 nonzeros
Variable types: 0 continuous, 92 integer (92 binary)

Root relaxation: objective 6.502210e+00, 115 iterations, 0.00 seconds (0.00 work units)

    Nodes    |    Current Node    |     Objective Bounds      |     Work
 Expl Unexpl |  Obj  Depth IntInf | Incumbent    BestBd   Gap | It/Node Time

     0     0    6.50221    0   40   46.00000    6.50221  85.9%     -    0s
H    0     0                      19.0000000    6.50221  65.8%     -    0s
H    0     0                      15.0000000    6.50221  56.7%     -    0s
H    0     0                      13.0000000    6.90196  46.9%     -    0s
     0     0    7.24369    0   45   13.00000    7.24369  44.3%     -    0s
H    0     0                      10.0000000    7.24369  27.6%     -    0s
     0     0    7.26956    0   45   10.00000    7.26956  27.3%     -    0s
     0     0    7.79460    0   44   10.00000    7.79460  22.1%     -    0s
     0     0    7.85483    0   43   10.00000    7.85483  21.5%     -    0s
     0     0    8.12207    0   47   10.00000    8.12207  18.8%     -    0s
     0     0    8.20099    0   47   10.00000    8.20099  18.0%     -    0s
     0     2    8.20099    0   47   10.00000    8.20099  18.0%     -    0s
*   51     5               4       9.0000000    8.20099  8.88%  20.7    0s

Cutting planes:
  Gomory: 1
  MIR: 3
  Zero half: 7

Explored 56 nodes (1340 simplex iterations) in 0.13 seconds (0.06 work units)
Thread count was 4 (of 4 available processors)

Solution count 6: 9 10 13 ... 46

Optimal solution found (tolerance 1.00e-04)
Best objective 9.000000000000e+00, best bound 9.000000000000e+00, gap 0.0000%

Gurobi 11.0.3 (win64, Java) logging started Tue Mar 18 22:39:34 2025

Set parameter Username
Set parameter LogFile to value "src/main/java/gzhu/yh/logger/ILP_RD12.log"
Academic license - for non-commercial use only - expires 2025-09-02
Gurobi Optimizer version 11.0.3 build v11.0.3rc0 (win64 - Windows 10.0 (19045.2))

CPU model: Intel(R) Core(TM) i5-7300HQ CPU @ 2.50GHz, instruction set [SSE2|AVX|AVX2]
Thread count: 4 physical cores, 4 logical processors, using up to 4 threads

Optimize a model with 141 rows, 141 columns and 1527 nonzeros
Model fingerprint: 0xf3ddf48a
Variable types: 0 continuous, 141 integer (141 binary)
Coefficient statistics:
  Matrix range     [1e+00, 1e+05]
  Objective range  [1e+00, 2e+00]
  Bounds range     [1e+00, 1e+00]
  RHS range        [1e+00, 1e+05]
Found heuristic solution: objective 47.0000000
Presolve removed 0 rows and 47 columns
Presolve time: 0.00s
Presolved: 141 rows, 94 columns, 1480 nonzeros
Variable types: 0 continuous, 94 integer (94 binary)

Root relaxation: objective 6.450922e+00, 121 iterations, 0.00 seconds (0.00 work units)

    Nodes    |    Current Node    |     Objective Bounds      |     Work
 Expl Unexpl |  Obj  Depth IntInf | Incumbent    BestBd   Gap | It/Node Time

     0     0    6.45092    0   56   47.00000    6.45092  86.3%     -    0s
H    0     0                      17.0000000    6.45092  62.1%     -    0s
H    0     0                      16.0000000    6.45092  59.7%     -    0s
H    0     0                      13.0000000    6.59015  49.3%     -    0s
     0     0    6.76069    0   56   13.00000    6.76069  48.0%     -    0s
     0     0    7.05285    0   48   13.00000    7.05285  45.7%     -    0s
H    0     0                      12.0000000    7.33822  38.8%     -    0s
     0     0    7.33822    0   62   12.00000    7.33822  38.8%     -    0s
     0     0    7.42857    0   52   12.00000    7.42857  38.1%     -    0s
H    0     0                      11.0000000    7.78799  29.2%     -    0s
     0     0    7.78799    0   58   11.00000    7.78799  29.2%     -    0s
     0     0    7.78799    0   58   11.00000    7.78799  29.2%     -    0s
     0     2    7.78799    0   58   11.00000    7.78799  29.2%     -    0s
*  164    56               9      10.0000000    7.78799  22.1%  19.3    0s

Cutting planes:
  Gomory: 1
  MIR: 4
  Zero half: 22

Explored 286 nodes (5139 simplex iterations) in 0.18 seconds (0.12 work units)
Thread count was 4 (of 4 available processors)

Solution count 7: 10 11 12 ... 47

Optimal solution found (tolerance 1.00e-04)
Best objective 1.000000000000e+01, best bound 1.000000000000e+01, gap 0.0000%

Gurobi 11.0.3 (win64, Java) logging started Tue Mar 18 22:39:34 2025

Set parameter Username
Set parameter LogFile to value "src/main/java/gzhu/yh/logger/ILP_RD12.log"
Academic license - for non-commercial use only - expires 2025-09-02
Gurobi Optimizer version 11.0.3 build v11.0.3rc0 (win64 - Windows 10.0 (19045.2))

CPU model: Intel(R) Core(TM) i5-7300HQ CPU @ 2.50GHz, instruction set [SSE2|AVX|AVX2]
Thread count: 4 physical cores, 4 logical processors, using up to 4 threads

Optimize a model with 144 rows, 144 columns and 1620 nonzeros
Model fingerprint: 0x0ea36742
Variable types: 0 continuous, 144 integer (144 binary)
Coefficient statistics:
  Matrix range     [1e+00, 1e+05]
  Objective range  [1e+00, 2e+00]
  Bounds range     [1e+00, 1e+00]
  RHS range        [1e+00, 1e+05]
Found heuristic solution: objective 48.0000000
Presolve removed 0 rows and 48 columns
Presolve time: 0.00s
Presolved: 144 rows, 96 columns, 1572 nonzeros
Variable types: 0 continuous, 96 integer (96 binary)

Root relaxation: objective 6.743034e+00, 96 iterations, 0.00 seconds (0.00 work units)

    Nodes    |    Current Node    |     Objective Bounds      |     Work
 Expl Unexpl |  Obj  Depth IntInf | Incumbent    BestBd   Gap | It/Node Time

     0     0    6.74303    0   40   48.00000    6.74303  86.0%     -    0s
H    0     0                      13.0000000    6.74303  48.1%     -    0s
     0     0    6.97157    0   48   13.00000    6.97157  46.4%     -    0s
     0     0    7.21519    0   45   13.00000    7.21519  44.5%     -    0s
     0     0    7.72301    0   46   13.00000    7.72301  40.6%     -    0s
     0     0    7.73218    0   44   13.00000    7.73218  40.5%     -    0s
     0     0    8.05877    0   43   13.00000    8.05877  38.0%     -    0s
     0     0    8.07246    0   51   13.00000    8.07246  37.9%     -    0s
     0     0    8.15588    0   47   13.00000    8.15588  37.3%     -    0s
     0     0    8.15588    0   47   13.00000    8.15588  37.3%     -    0s
     0     0    8.15588    0   47   13.00000    8.15588  37.3%     -    0s
     0     0    8.16912    0   49   13.00000    8.16912  37.2%     -    0s
     0     0    8.20450    0   47   13.00000    8.20450  36.9%     -    0s
     0     0    8.20813    0   47   13.00000    8.20813  36.9%     -    0s
     0     0    8.20813    0   45   13.00000    8.20813  36.9%     -    0s
     0     0    8.20813    0   47   13.00000    8.20813  36.9%     -    0s
     0     0    8.20813    0   49   13.00000    8.20813  36.9%     -    0s
     0     0    8.22200    0   49   13.00000    8.22200  36.8%     -    0s
     0     0    8.22200    0   50   13.00000    8.22200  36.8%     -    0s
H    0     0                      12.0000000    8.31765  30.7%     -    0s
     0     0    8.31765    0   50   12.00000    8.31765  30.7%     -    0s
     0     0    8.31915    0   50   12.00000    8.31915  30.7%     -    0s
     0     0    8.52632    0   50   12.00000    8.52632  28.9%     -    0s
     0     0    8.52632    0   50   12.00000    8.52632  28.9%     -    0s
     0     2    8.52632    0   50   12.00000    8.52632  28.9%     -    0s
H  354   145                      11.0000000    8.52632  22.5%  16.8    0s

Cutting planes:
  Gomory: 10
  MIR: 2
  Zero half: 14

Explored 686 nodes (10235 simplex iterations) in 0.32 seconds (0.20 work units)
Thread count was 4 (of 4 available processors)

Solution count 4: 11 12 13 48 

Optimal solution found (tolerance 1.00e-04)
Best objective 1.100000000000e+01, best bound 1.100000000000e+01, gap 0.0000%

Gurobi 11.0.3 (win64, Java) logging started Tue Mar 18 22:39:34 2025

Set parameter Username
Set parameter LogFile to value "src/main/java/gzhu/yh/logger/ILP_RD12.log"
Academic license - for non-commercial use only - expires 2025-09-02
Gurobi Optimizer version 11.0.3 build v11.0.3rc0 (win64 - Windows 10.0 (19045.2))

CPU model: Intel(R) Core(TM) i5-7300HQ CPU @ 2.50GHz, instruction set [SSE2|AVX|AVX2]
Thread count: 4 physical cores, 4 logical processors, using up to 4 threads

Optimize a model with 147 rows, 147 columns and 1721 nonzeros
Model fingerprint: 0x35bb0729
Variable types: 0 continuous, 147 integer (147 binary)
Coefficient statistics:
  Matrix range     [1e+00, 1e+05]
  Objective range  [1e+00, 2e+00]
  Bounds range     [1e+00, 1e+00]
  RHS range        [1e+00, 1e+05]
Found heuristic solution: objective 49.0000000
Presolve removed 0 rows and 49 columns
Presolve time: 0.00s
Presolved: 147 rows, 98 columns, 1672 nonzeros
Variable types: 0 continuous, 98 integer (98 binary)

Root relaxation: objective 6.104368e+00, 141 iterations, 0.00 seconds (0.00 work units)

    Nodes    |    Current Node    |     Objective Bounds      |     Work
 Expl Unexpl |  Obj  Depth IntInf | Incumbent    BestBd   Gap | It/Node Time

     0     0    6.10437    0   50   49.00000    6.10437  87.5%     -    0s
H    0     0                      20.0000000    6.10437  69.5%     -    0s
H    0     0                      19.0000000    6.10437  67.9%     -    0s
     0     0    6.54188    0   54   19.00000    6.54188  65.6%     -    0s
H    0     0                      16.0000000    6.60261  58.7%     -    0s
     0     0    6.60261    0   50   16.00000    6.60261  58.7%     -    0s
H    0     0                      15.0000000    6.81748  54.6%     -    0s
H    0     0                      14.0000000    6.81748  51.3%     -    0s
     0     0    6.85248    0   54   14.00000    6.85248  51.1%     -    0s
H    0     0                      13.0000000    6.85248  47.3%     -    0s
     0     0    7.05579    0   56   13.00000    7.05579  45.7%     -    0s
H    0     0                      12.0000000    7.38978  38.4%     -    0s
     0     0    7.52727    0   60   12.00000    7.52727  37.3%     -    0s
     0     0    7.52727    0   60   12.00000    7.52727  37.3%     -    0s
H    0     0                      11.0000000    7.52727  31.6%     -    0s
H    0     0                      10.0000000    7.52727  24.7%     -    0s
     0     2    7.52727    0   60   10.00000    7.52727  24.7%     -    0s

Cutting planes:
  Gomory: 1
  MIR: 4
  Zero half: 6

Explored 154 nodes (3426 simplex iterations) in 0.13 seconds (0.10 work units)
Thread count was 4 (of 4 available processors)

Solution count 10: 10 11 12 ... 49

Optimal solution found (tolerance 1.00e-04)
Best objective 1.000000000000e+01, best bound 1.000000000000e+01, gap 0.0000%

Gurobi 11.0.3 (win64, Java) logging started Tue Mar 18 22:39:34 2025

Set parameter Username
Set parameter LogFile to value "src/main/java/gzhu/yh/logger/ILP_RD12.log"
Academic license - for non-commercial use only - expires 2025-09-02
Gurobi Optimizer version 11.0.3 build v11.0.3rc0 (win64 - Windows 10.0 (19045.2))

CPU model: Intel(R) Core(TM) i5-7300HQ CPU @ 2.50GHz, instruction set [SSE2|AVX|AVX2]
Thread count: 4 physical cores, 4 logical processors, using up to 4 threads

Optimize a model with 150 rows, 150 columns and 1826 nonzeros
Model fingerprint: 0x54d41922
Variable types: 0 continuous, 150 integer (150 binary)
Coefficient statistics:
  Matrix range     [1e+00, 1e+05]
  Objective range  [1e+00, 2e+00]
  Bounds range     [1e+00, 1e+00]
  RHS range        [1e+00, 1e+05]
Found heuristic solution: objective 50.0000000
Presolve removed 0 rows and 50 columns
Presolve time: 0.00s
Presolved: 150 rows, 100 columns, 1776 nonzeros
Variable types: 0 continuous, 100 integer (100 binary)

Root relaxation: objective 5.906841e+00, 180 iterations, 0.00 seconds (0.00 work units)

    Nodes    |    Current Node    |     Objective Bounds      |     Work
 Expl Unexpl |  Obj  Depth IntInf | Incumbent    BestBd   Gap | It/Node Time

     0     0    5.90684    0   48   50.00000    5.90684  88.2%     -    0s
H    0     0                      17.0000000    5.90684  65.3%     -    0s
H    0     0                      13.0000000    5.90684  54.6%     -    0s
     0     0    6.39552    0   48   13.00000    6.39552  50.8%     -    0s
     0     0    6.60796    0   42   13.00000    6.60796  49.2%     -    0s
     0     0    7.08913    0   46   13.00000    7.08913  45.5%     -    0s
     0     0    7.09912    0   46   13.00000    7.09912  45.4%     -    0s
H    0     0                      12.0000000    7.09912  40.8%     -    0s
     0     0    7.41770    0   46   12.00000    7.41770  38.2%     -    0s
     0     0    7.41770    0   46   12.00000    7.41770  38.2%     -    0s
H    0     2                      10.0000000    7.41770  25.8%     -    0s
     0     2    7.41770    0   46   10.00000    7.41770  25.8%     -    0s

Cutting planes:
  Gomory: 1
  MIR: 2
  Zero half: 8

Explored 181 nodes (3988 simplex iterations) in 0.17 seconds (0.10 work units)
Thread count was 4 (of 4 available processors)

Solution count 5: 10 12 13 ... 50

Optimal solution found (tolerance 1.00e-04)
Best objective 1.000000000000e+01, best bound 1.000000000000e+01, gap 0.0000%

Gurobi 11.0.3 (win64, Java) logging started Tue Mar 18 22:39:34 2025

Set parameter Username
Set parameter LogFile to value "src/main/java/gzhu/yh/logger/ILP_RD12.log"
Academic license - for non-commercial use only - expires 2025-09-02
Gurobi Optimizer version 11.0.3 build v11.0.3rc0 (win64 - Windows 10.0 (19045.2))

CPU model: Intel(R) Core(TM) i5-7300HQ CPU @ 2.50GHz, instruction set [SSE2|AVX|AVX2]
Thread count: 4 physical cores, 4 logical processors, using up to 4 threads

Optimize a model with 153 rows, 153 columns and 1803 nonzeros
Model fingerprint: 0x06d2a256
Variable types: 0 continuous, 153 integer (153 binary)
Coefficient statistics:
  Matrix range     [1e+00, 1e+05]
  Objective range  [1e+00, 2e+00]
  Bounds range     [1e+00, 1e+00]
  RHS range        [1e+00, 1e+05]
Found heuristic solution: objective 51.0000000
Presolve removed 0 rows and 51 columns
Presolve time: 0.00s
Presolved: 153 rows, 102 columns, 1752 nonzeros
Variable types: 0 continuous, 102 integer (102 binary)

Root relaxation: objective 6.839865e+00, 187 iterations, 0.00 seconds (0.00 work units)

    Nodes    |    Current Node    |     Objective Bounds      |     Work
 Expl Unexpl |  Obj  Depth IntInf | Incumbent    BestBd   Gap | It/Node Time

     0     0    6.83987    0   46   51.00000    6.83987  86.6%     -    0s
H    0     0                      19.0000000    6.83987  64.0%     -    0s
H    0     0                      11.0000000    7.05134  35.9%     -    0s
     0     0    7.23894    0   46   11.00000    7.23894  34.2%     -    0s
     0     0    7.25767    0   50   11.00000    7.25767  34.0%     -    0s
     0     0    7.68984    0   48   11.00000    7.68984  30.1%     -    0s
     0     0    7.83014    0   50   11.00000    7.83014  28.8%     -    0s
     0     0    8.27560    0   56   11.00000    8.27560  24.8%     -    0s
     0     0    8.27560    0   56   11.00000    8.27560  24.8%     -    0s
     0     2    8.27560    0   56   11.00000    8.27560  24.8%     -    0s

Cutting planes:
  Gomory: 1
  MIR: 3
  Zero half: 8

Explored 324 nodes (6827 simplex iterations) in 0.22 seconds (0.14 work units)
Thread count was 4 (of 4 available processors)

Solution count 3: 11 19 51 

Optimal solution found (tolerance 1.00e-04)
Best objective 1.100000000000e+01, best bound 1.100000000000e+01, gap 0.0000%

Gurobi 11.0.3 (win64, Java) logging started Tue Mar 18 22:39:35 2025

Set parameter Username
Set parameter LogFile to value "src/main/java/gzhu/yh/logger/ILP_RD12.log"
Academic license - for non-commercial use only - expires 2025-09-02
Gurobi Optimizer version 11.0.3 build v11.0.3rc0 (win64 - Windows 10.0 (19045.2))

CPU model: Intel(R) Core(TM) i5-7300HQ CPU @ 2.50GHz, instruction set [SSE2|AVX|AVX2]
Thread count: 4 physical cores, 4 logical processors, using up to 4 threads

Optimize a model with 156 rows, 156 columns and 1764 nonzeros
Model fingerprint: 0x8ff9845b
Variable types: 0 continuous, 156 integer (156 binary)
Coefficient statistics:
  Matrix range     [1e+00, 1e+05]
  Objective range  [1e+00, 2e+00]
  Bounds range     [1e+00, 1e+00]
  RHS range        [1e+00, 1e+05]
Found heuristic solution: objective 52.0000000
Presolve removed 0 rows and 52 columns
Presolve time: 0.00s
Presolved: 156 rows, 104 columns, 1712 nonzeros
Variable types: 0 continuous, 104 integer (104 binary)

Root relaxation: objective 7.650222e+00, 171 iterations, 0.00 seconds (0.00 work units)

    Nodes    |    Current Node    |     Objective Bounds      |     Work
 Expl Unexpl |  Obj  Depth IntInf | Incumbent    BestBd   Gap | It/Node Time

     0     0    7.65022    0   50   52.00000    7.65022  85.3%     -    0s
H    0     0                      20.0000000    7.65022  61.7%     -    0s
H    0     0                      18.0000000    7.65022  57.5%     -    0s
H    0     0                      16.0000000    7.65022  52.2%     -    0s
     0     0    7.84402    0   56   16.00000    7.84402  51.0%     -    0s
H    0     0                      15.0000000    7.84402  47.7%     -    0s
     0     0    7.89984    0   50   15.00000    7.89984  47.3%     -    0s
H    0     0                      13.0000000    8.26012  36.5%     -    0s
     0     0    8.26809    0   53   13.00000    8.26809  36.4%     -    0s
     0     0    8.32323    0   46   13.00000    8.32323  36.0%     -    0s
     0     0    8.67094    0   55   13.00000    8.67094  33.3%     -    0s
     0     0    8.67094    0   55   13.00000    8.67094  33.3%     -    0s
     0     2    8.67094    0   55   13.00000    8.67094  33.3%     -    0s
H  871   243                      12.0000000    9.61106  19.9%  17.9    0s

Cutting planes:
  Gomory: 9
  MIR: 2
  Zero half: 22
  Mod-K: 1

Explored 1378 nodes (23687 simplex iterations) in 0.42 seconds (0.32 work units)
Thread count was 4 (of 4 available processors)

Solution count 7: 12 13 15 ... 52

Optimal solution found (tolerance 1.00e-04)
Best objective 1.200000000000e+01, best bound 1.200000000000e+01, gap 0.0000%

Gurobi 11.0.3 (win64, Java) logging started Tue Mar 18 22:39:35 2025

Set parameter Username
Set parameter LogFile to value "src/main/java/gzhu/yh/logger/ILP_RD12.log"
Academic license - for non-commercial use only - expires 2025-09-02
Gurobi Optimizer version 11.0.3 build v11.0.3rc0 (win64 - Windows 10.0 (19045.2))

CPU model: Intel(R) Core(TM) i5-7300HQ CPU @ 2.50GHz, instruction set [SSE2|AVX|AVX2]
Thread count: 4 physical cores, 4 logical processors, using up to 4 threads

Optimize a model with 159 rows, 159 columns and 1881 nonzeros
Model fingerprint: 0x3e725354
Variable types: 0 continuous, 159 integer (159 binary)
Coefficient statistics:
  Matrix range     [1e+00, 1e+05]
  Objective range  [1e+00, 2e+00]
  Bounds range     [1e+00, 1e+00]
  RHS range        [1e+00, 1e+05]
Found heuristic solution: objective 53.0000000
Presolve removed 0 rows and 53 columns
Presolve time: 0.00s
Presolved: 159 rows, 106 columns, 1828 nonzeros
Variable types: 0 continuous, 106 integer (106 binary)

Root relaxation: objective 6.933735e+00, 170 iterations, 0.00 seconds (0.00 work units)

    Nodes    |    Current Node    |     Objective Bounds      |     Work
 Expl Unexpl |  Obj  Depth IntInf | Incumbent    BestBd   Gap | It/Node Time

     0     0    6.93373    0   41   53.00000    6.93373  86.9%     -    0s
H    0     0                      19.0000000    6.93373  63.5%     -    0s
H    0     0                      15.0000000    6.93373  53.8%     -    0s
     0     0    7.63760    0   36   15.00000    7.63760  49.1%     -    0s
     0     0    7.63760    0   40   15.00000    7.63760  49.1%     -    0s
     0     0    7.63760    0   46   15.00000    7.63760  49.1%     -    0s
     0     0    7.63760    0   42   15.00000    7.63760  49.1%     -    0s
     0     0    8.27101    0   50   15.00000    8.27101  44.9%     -    0s
     0     0    8.27101    0   50   15.00000    8.27101  44.9%     -    0s
     0     2    8.27101    0   50   15.00000    8.27101  44.9%     -    0s
H   29    30                      14.0000000    8.27101  40.9%  32.7    0s
H   31    29                      12.0000000    8.27101  31.1%  31.7    0s

Cutting planes:
  Gomory: 3
  MIR: 5
  Zero half: 5

Explored 728 nodes (13459 simplex iterations) in 0.44 seconds (0.29 work units)
Thread count was 4 (of 4 available processors)

Solution count 5: 12 14 15 ... 53

Optimal solution found (tolerance 1.00e-04)
Best objective 1.200000000000e+01, best bound 1.200000000000e+01, gap 0.0000%

Gurobi 11.0.3 (win64, Java) logging started Tue Mar 18 22:39:36 2025

Set parameter Username
Set parameter LogFile to value "src/main/java/gzhu/yh/logger/ILP_RD12.log"
Academic license - for non-commercial use only - expires 2025-09-02
Gurobi Optimizer version 11.0.3 build v11.0.3rc0 (win64 - Windows 10.0 (19045.2))

CPU model: Intel(R) Core(TM) i5-7300HQ CPU @ 2.50GHz, instruction set [SSE2|AVX|AVX2]
Thread count: 4 physical cores, 4 logical processors, using up to 4 threads

Optimize a model with 162 rows, 162 columns and 1938 nonzeros
Model fingerprint: 0x4a4f237a
Variable types: 0 continuous, 162 integer (162 binary)
Coefficient statistics:
  Matrix range     [1e+00, 1e+05]
  Objective range  [1e+00, 2e+00]
  Bounds range     [1e+00, 1e+00]
  RHS range        [1e+00, 1e+05]
Found heuristic solution: objective 54.0000000
Presolve removed 0 rows and 54 columns
Presolve time: 0.00s
Presolved: 162 rows, 108 columns, 1884 nonzeros
Variable types: 0 continuous, 108 integer (108 binary)

Root relaxation: objective 6.781607e+00, 180 iterations, 0.00 seconds (0.00 work units)

    Nodes    |    Current Node    |     Objective Bounds      |     Work
 Expl Unexpl |  Obj  Depth IntInf | Incumbent    BestBd   Gap | It/Node Time

     0     0    6.78161    0   60   54.00000    6.78161  87.4%     -    0s
H    0     0                      14.0000000    6.78161  51.6%     -    0s
     0     0    7.05260    0   60   14.00000    7.05260  49.6%     -    0s
     0     0    7.34741    0   58   14.00000    7.34741  47.5%     -    0s
H    0     0                      12.0000000    7.34741  38.8%     -    0s
     0     0    7.41415    0   56   12.00000    7.41415  38.2%     -    0s
     0     0    7.50182    0   60   12.00000    7.50182  37.5%     -    0s
     0     0    8.03753    0   58   12.00000    8.03753  33.0%     -    0s
     0     0    8.03753    0   58   12.00000    8.03753  33.0%     -    0s
     0     2    8.03753    0   58   12.00000    8.03753  33.0%     -    0s
*  778   176              14      11.0000000    9.29884  15.5%  20.0    0s

Cutting planes:
  Gomory: 52
  MIR: 4
  Zero half: 44

Explored 998 nodes (17770 simplex iterations) in 0.69 seconds (0.31 work units)
Thread count was 4 (of 4 available processors)

Solution count 4: 11 12 14 54 

Optimal solution found (tolerance 1.00e-04)
Best objective 1.100000000000e+01, best bound 1.100000000000e+01, gap 0.0000%

Gurobi 11.0.3 (win64, Java) logging started Tue Mar 18 22:39:36 2025

Set parameter Username
Set parameter LogFile to value "src/main/java/gzhu/yh/logger/ILP_RD12.log"
Academic license - for non-commercial use only - expires 2025-09-02
Gurobi Optimizer version 11.0.3 build v11.0.3rc0 (win64 - Windows 10.0 (19045.2))

CPU model: Intel(R) Core(TM) i5-7300HQ CPU @ 2.50GHz, instruction set [SSE2|AVX|AVX2]
Thread count: 4 physical cores, 4 logical processors, using up to 4 threads

Optimize a model with 165 rows, 165 columns and 2099 nonzeros
Model fingerprint: 0xb501f37a
Variable types: 0 continuous, 165 integer (165 binary)
Coefficient statistics:
  Matrix range     [1e+00, 1e+05]
  Objective range  [1e+00, 2e+00]
  Bounds range     [1e+00, 1e+00]
  RHS range        [1e+00, 1e+05]
Found heuristic solution: objective 55.0000000
Presolve removed 0 rows and 55 columns
Presolve time: 0.00s
Presolved: 165 rows, 110 columns, 2044 nonzeros
Variable types: 0 continuous, 110 integer (110 binary)

Root relaxation: objective 6.534875e+00, 180 iterations, 0.00 seconds (0.00 work units)

    Nodes    |    Current Node    |     Objective Bounds      |     Work
 Expl Unexpl |  Obj  Depth IntInf | Incumbent    BestBd   Gap | It/Node Time

     0     0    6.53488    0   54   55.00000    6.53488  88.1%     -    0s
H    0     0                      15.0000000    6.53488  56.4%     -    0s
     0     0    6.94602    0   58   15.00000    6.94602  53.7%     -    0s
     0     0    6.94602    0   54   15.00000    6.94602  53.7%     -    0s
     0     0    6.94602    0   54   15.00000    6.94602  53.7%     -    0s
H    0     0                      14.0000000    6.94602  50.4%     -    0s
     0     0    6.94602    0   54   14.00000    6.94602  50.4%     -    0s
H    0     0                      12.0000000    7.51228  37.4%     -    0s
     0     0    7.67398    0   58   12.00000    7.67398  36.1%     -    0s
     0     0    7.84686    0   58   12.00000    7.84686  34.6%     -    0s
     0     0    8.08164    0   64   12.00000    8.08164  32.7%     -    0s
     0     0    8.08369    0   64   12.00000    8.08369  32.6%     -    0s
     0     2    8.08369    0   64   12.00000    8.08369  32.6%     -    0s
H  119    71                      11.0000000    8.08369  26.5%  23.6    0s

Cutting planes:
  Gomory: 2
  MIR: 1
  Zero half: 26

Explored 556 nodes (10851 simplex iterations) in 0.44 seconds (0.26 work units)
Thread count was 4 (of 4 available processors)

Solution count 5: 11 12 14 ... 55

Optimal solution found (tolerance 1.00e-04)
Best objective 1.100000000000e+01, best bound 1.100000000000e+01, gap 0.0000%

Gurobi 11.0.3 (win64, Java) logging started Tue Mar 18 22:39:37 2025

Set parameter Username
Set parameter LogFile to value "src/main/java/gzhu/yh/logger/ILP_RD12.log"
Academic license - for non-commercial use only - expires 2025-09-02
Gurobi Optimizer version 11.0.3 build v11.0.3rc0 (win64 - Windows 10.0 (19045.2))

CPU model: Intel(R) Core(TM) i5-7300HQ CPU @ 2.50GHz, instruction set [SSE2|AVX|AVX2]
Thread count: 4 physical cores, 4 logical processors, using up to 4 threads

Optimize a model with 168 rows, 168 columns and 2192 nonzeros
Model fingerprint: 0x1f4eb424
Variable types: 0 continuous, 168 integer (168 binary)
Coefficient statistics:
  Matrix range     [1e+00, 1e+05]
  Objective range  [1e+00, 2e+00]
  Bounds range     [1e+00, 1e+00]
  RHS range        [1e+00, 1e+05]
Found heuristic solution: objective 56.0000000
Presolve removed 0 rows and 56 columns
Presolve time: 0.00s
Presolved: 168 rows, 112 columns, 2136 nonzeros
Variable types: 0 continuous, 112 integer (112 binary)

Root relaxation: objective 6.387029e+00, 186 iterations, 0.00 seconds (0.00 work units)

    Nodes    |    Current Node    |     Objective Bounds      |     Work
 Expl Unexpl |  Obj  Depth IntInf | Incumbent    BestBd   Gap | It/Node Time

     0     0    6.38703    0   54   56.00000    6.38703  88.6%     -    0s
H    0     0                      17.0000000    6.38703  62.4%     -    0s
     0     0    6.58440    0   52   17.00000    6.58440  61.3%     -    0s
     0     0    6.68030    0   50   17.00000    6.68030  60.7%     -    0s
H    0     0                      13.0000000    6.73053  48.2%     -    0s
     0     0    6.73053    0   52   13.00000    6.73053  48.2%     -    0s
     0     0    6.73053    0   56   13.00000    6.73053  48.2%     -    0s
     0     0    6.87631    0   56   13.00000    6.87631  47.1%     -    0s
     0     0    6.87631    0   56   13.00000    6.87631  47.1%     -    0s
     0     2    6.87631    0   56   13.00000    6.87631  47.1%     -    0s
H  167   101                      12.0000000    7.21021  39.9%  21.6    0s

Cutting planes:
  Gomory: 1
  MIR: 5
  Zero half: 4

Explored 2296 nodes (41916 simplex iterations) in 0.83 seconds (0.58 work units)
Thread count was 4 (of 4 available processors)

Solution count 4: 12 13 17 56 

Optimal solution found (tolerance 1.00e-04)
Best objective 1.200000000000e+01, best bound 1.200000000000e+01, gap 0.0000%

Gurobi 11.0.3 (win64, Java) logging started Tue Mar 18 22:39:38 2025

Set parameter Username
Set parameter LogFile to value "src/main/java/gzhu/yh/logger/ILP_RD12.log"
Academic license - for non-commercial use only - expires 2025-09-02
Gurobi Optimizer version 11.0.3 build v11.0.3rc0 (win64 - Windows 10.0 (19045.2))

CPU model: Intel(R) Core(TM) i5-7300HQ CPU @ 2.50GHz, instruction set [SSE2|AVX|AVX2]
Thread count: 4 physical cores, 4 logical processors, using up to 4 threads

Optimize a model with 171 rows, 171 columns and 2077 nonzeros
Model fingerprint: 0x908e1624
Variable types: 0 continuous, 171 integer (171 binary)
Coefficient statistics:
  Matrix range     [1e+00, 1e+05]
  Objective range  [1e+00, 2e+00]
  Bounds range     [1e+00, 1e+00]
  RHS range        [1e+00, 1e+05]
Found heuristic solution: objective 57.0000000
Presolve removed 0 rows and 57 columns
Presolve time: 0.00s
Presolved: 171 rows, 114 columns, 2020 nonzeros
Variable types: 0 continuous, 114 integer (114 binary)

Root relaxation: objective 6.672955e+00, 204 iterations, 0.00 seconds (0.00 work units)

    Nodes    |    Current Node    |     Objective Bounds      |     Work
 Expl Unexpl |  Obj  Depth IntInf | Incumbent    BestBd   Gap | It/Node Time

     0     0    6.67296    0   56   57.00000    6.67296  88.3%     -    0s
H    0     0                      27.0000000    6.67296  75.3%     -    0s
H    0     0                      23.0000000    6.67296  71.0%     -    0s
H    0     0                      18.0000000    6.67296  62.9%     -    0s
     0     0    6.93725    0   54   18.00000    6.93725  61.5%     -    0s
H    0     0                      14.0000000    6.93725  50.4%     -    0s
     0     0    6.96423    0   56   14.00000    6.96423  50.3%     -    0s
     0     0    7.05948    0   52   14.00000    7.05948  49.6%     -    0s
     0     0    7.05948    0   52   14.00000    7.05948  49.6%     -    0s
     0     0    7.96946    0   54   14.00000    7.96946  43.1%     -    0s
     0     0    7.98240    0   60   14.00000    7.98240  43.0%     -    0s
     0     0    8.01129    0   54   14.00000    8.01129  42.8%     -    0s
     0     0    8.01129    0   54   14.00000    8.01129  42.8%     -    0s
     0     0    8.10346    0   56   14.00000    8.10346  42.1%     -    0s
     0     0    8.10346    0   56   14.00000    8.10346  42.1%     -    0s
     0     0    8.10487    0   60   14.00000    8.10487  42.1%     -    0s
     0     0    8.10802    0   58   14.00000    8.10802  42.1%     -    0s
     0     0    8.12222    0   60   14.00000    8.12222  42.0%     -    0s
     0     0    8.49768    0   62   14.00000    8.49768  39.3%     -    0s
     0     0    8.49768    0   62   14.00000    8.49768  39.3%     -    0s
     0     2    8.49768    0   62   14.00000    8.49768  39.3%     -    0s
*   28    23               6      13.0000000    8.49768  34.6%  37.2    0s
*   54    38               9      12.0000000    8.49768  29.2%  29.5    0s
* 1080    62              16      11.0000000    9.70337  11.8%  21.0    0s

Cutting planes:
  Gomory: 10
  MIR: 3
  Zero half: 21

Explored 1245 nodes (25022 simplex iterations) in 0.64 seconds (0.39 work units)
Thread count was 4 (of 4 available processors)

Solution count 8: 11 12 13 ... 57

Optimal solution found (tolerance 1.00e-04)
Best objective 1.100000000000e+01, best bound 1.100000000000e+01, gap 0.0000%

Gurobi 11.0.3 (win64, Java) logging started Tue Mar 18 22:39:38 2025

Set parameter Username
Set parameter LogFile to value "src/main/java/gzhu/yh/logger/ILP_RD12.log"
Academic license - for non-commercial use only - expires 2025-09-02
Gurobi Optimizer version 11.0.3 build v11.0.3rc0 (win64 - Windows 10.0 (19045.2))

CPU model: Intel(R) Core(TM) i5-7300HQ CPU @ 2.50GHz, instruction set [SSE2|AVX|AVX2]
Thread count: 4 physical cores, 4 logical processors, using up to 4 threads

Optimize a model with 174 rows, 174 columns and 2318 nonzeros
Model fingerprint: 0x4cdf3a4e
Variable types: 0 continuous, 174 integer (174 binary)
Coefficient statistics:
  Matrix range     [1e+00, 1e+05]
  Objective range  [1e+00, 2e+00]
  Bounds range     [1e+00, 1e+00]
  RHS range        [1e+00, 1e+05]
Found heuristic solution: objective 58.0000000
Presolve removed 0 rows and 58 columns
Presolve time: 0.00s
Presolved: 174 rows, 116 columns, 2260 nonzeros
Variable types: 0 continuous, 116 integer (116 binary)

Root relaxation: objective 6.200876e+00, 230 iterations, 0.01 seconds (0.00 work units)

    Nodes    |    Current Node    |     Objective Bounds      |     Work
 Expl Unexpl |  Obj  Depth IntInf | Incumbent    BestBd   Gap | It/Node Time

     0     0    6.20088    0   62   58.00000    6.20088  89.3%     -    0s
H    0     0                      26.0000000    6.20088  76.2%     -    0s
H    0     0                      21.0000000    6.20088  70.5%     -    0s
H    0     0                      20.0000000    6.20088  69.0%     -    0s
H    0     0                      19.0000000    6.20088  67.4%     -    0s
     0     0    6.63021    0   52   19.00000    6.63021  65.1%     -    0s
H    0     0                      18.0000000    6.63021  63.2%     -    0s
H    0     0                      16.0000000    6.68988  58.2%     -    0s
     0     0    6.68988    0   58   16.00000    6.68988  58.2%     -    0s
     0     0    6.83449    0   56   16.00000    6.83449  57.3%     -    0s
H    0     0                      15.0000000    6.83449  54.4%     -    0s
     0     0    6.96775    0   60   15.00000    6.96775  53.5%     -    0s
H    0     0                      14.0000000    6.96775  50.2%     -    0s
     0     0    7.34848    0   66   14.00000    7.34848  47.5%     -    0s
     0     0    7.37086    0   66   14.00000    7.37086  47.4%     -    0s
     0     2    7.37086    0   66   14.00000    7.37086  47.4%     -    0s
H   75    69                      13.0000000    7.37086  43.3%  28.2    0s
H  121    83                      12.0000000    7.37086  38.6%  26.1    0s
*  283   145              11      11.0000000    7.84942  28.6%  22.7    0s

Cutting planes:
  Gomory: 10
  MIR: 4
  Zero half: 37

Explored 1068 nodes (21505 simplex iterations) in 0.52 seconds (0.45 work units)
Thread count was 4 (of 4 available processors)

Solution count 10: 11 12 13 ... 21

Optimal solution found (tolerance 1.00e-04)
Best objective 1.100000000000e+01, best bound 1.100000000000e+01, gap 0.0000%

Gurobi 11.0.3 (win64, Java) logging started Tue Mar 18 22:39:39 2025

Set parameter Username
Set parameter LogFile to value "src/main/java/gzhu/yh/logger/ILP_RD12.log"
Academic license - for non-commercial use only - expires 2025-09-02
Gurobi Optimizer version 11.0.3 build v11.0.3rc0 (win64 - Windows 10.0 (19045.2))

CPU model: Intel(R) Core(TM) i5-7300HQ CPU @ 2.50GHz, instruction set [SSE2|AVX|AVX2]
Thread count: 4 physical cores, 4 logical processors, using up to 4 threads

Optimize a model with 177 rows, 177 columns and 2447 nonzeros
Model fingerprint: 0xe5ee63af
Variable types: 0 continuous, 177 integer (177 binary)
Coefficient statistics:
  Matrix range     [1e+00, 1e+05]
  Objective range  [1e+00, 2e+00]
  Bounds range     [1e+00, 1e+00]
  RHS range        [1e+00, 1e+05]
Found heuristic solution: objective 59.0000000
Presolve removed 0 rows and 59 columns
Presolve time: 0.00s
Presolved: 177 rows, 118 columns, 2388 nonzeros
Variable types: 0 continuous, 118 integer (118 binary)

Root relaxation: objective 6.368541e+00, 218 iterations, 0.00 seconds (0.00 work units)

    Nodes    |    Current Node    |     Objective Bounds      |     Work
 Expl Unexpl |  Obj  Depth IntInf | Incumbent    BestBd   Gap | It/Node Time

     0     0    6.36854    0   58   59.00000    6.36854  89.2%     -    0s
H    0     0                      24.0000000    6.36854  73.5%     -    0s
H    0     0                      23.0000000    6.36854  72.3%     -    0s
     0     0    6.70779    0   56   23.00000    6.70779  70.8%     -    0s
H    0     0                      22.0000000    6.70779  69.5%     -    0s
H    0     0                      21.0000000    6.70779  68.1%     -    0s
     0     0    6.70779    0   56   21.00000    6.70779  68.1%     -    0s
H    0     0                      20.0000000    6.70779  66.5%     -    0s
     0     0    6.70779    0   54   20.00000    6.70779  66.5%     -    0s
H    0     0                      17.0000000    6.70779  60.5%     -    0s
     0     0    6.70779    0   52   17.00000    6.70779  60.5%     -    0s
H    0     0                      15.0000000    6.70779  55.3%     -    0s
     0     0    7.30599    0   58   15.00000    7.30599  51.3%     -    0s
     0     0    7.30599    0   58   15.00000    7.30599  51.3%     -    0s
     0     2    7.30599    0   58   15.00000    7.30599  51.3%     -    0s
*   28    28               6      13.0000000    7.30599  43.8%  39.5    0s
H 4845   528                      11.0000000    8.98075  18.4%  23.4    1s

Cutting planes:
  Gomory: 2
  MIR: 1
  Zero half: 4

Explored 5902 nodes (132391 simplex iterations) in 1.70 seconds (1.90 work units)
Thread count was 4 (of 4 available processors)

Solution count 10: 11 13 15 ... 59

Optimal solution found (tolerance 1.00e-04)
Best objective 1.100000000000e+01, best bound 1.100000000000e+01, gap 0.0000%

Gurobi 11.0.3 (win64, Java) logging started Tue Mar 18 22:39:41 2025

Set parameter Username
Set parameter LogFile to value "src/main/java/gzhu/yh/logger/ILP_RD12.log"
Academic license - for non-commercial use only - expires 2025-09-02
Gurobi Optimizer version 11.0.3 build v11.0.3rc0 (win64 - Windows 10.0 (19045.2))

CPU model: Intel(R) Core(TM) i5-7300HQ CPU @ 2.50GHz, instruction set [SSE2|AVX|AVX2]
Thread count: 4 physical cores, 4 logical processors, using up to 4 threads

Optimize a model with 180 rows, 180 columns and 2352 nonzeros
Model fingerprint: 0x9956d054
Variable types: 0 continuous, 180 integer (180 binary)
Coefficient statistics:
  Matrix range     [1e+00, 1e+05]
  Objective range  [1e+00, 2e+00]
  Bounds range     [1e+00, 1e+00]
  RHS range        [1e+00, 1e+05]
Found heuristic solution: objective 60.0000000
Presolve removed 0 rows and 60 columns
Presolve time: 0.00s
Presolved: 180 rows, 120 columns, 2292 nonzeros
Variable types: 0 continuous, 120 integer (120 binary)

Root relaxation: objective 7.058112e+00, 201 iterations, 0.00 seconds (0.00 work units)

    Nodes    |    Current Node    |     Objective Bounds      |     Work
 Expl Unexpl |  Obj  Depth IntInf | Incumbent    BestBd   Gap | It/Node Time

     0     0    7.05811    0   66   60.00000    7.05811  88.2%     -    0s
H    0     0                      25.0000000    7.05811  71.8%     -    0s
H    0     0                      22.0000000    7.05811  67.9%     -    0s
H    0     0                      20.0000000    7.05811  64.7%     -    0s
     0     0    7.13932    0   64   20.00000    7.13932  64.3%     -    0s
H    0     0                      16.0000000    7.13932  55.4%     -    0s
     0     0    7.15907    0   60   16.00000    7.15907  55.3%     -    0s
H    0     0                      14.0000000    7.46849  46.7%     -    0s
     0     0    7.46849    0   62   14.00000    7.46849  46.7%     -    0s
     0     0    7.52444    0   58   14.00000    7.52444  46.3%     -    0s
     0     0    7.98589    0   62   14.00000    7.98589  43.0%     -    0s
     0     0    8.02930    0   56   14.00000    8.02930  42.6%     -    0s
     0     0    8.37858    0   68   14.00000    8.37858  40.2%     -    0s
     0     0    8.37858    0   68   14.00000    8.37858  40.2%     -    0s
     0     2    8.37858    0   68   14.00000    8.37858  40.2%     -    0s
H  167   116                      13.0000000    8.37858  35.5%  26.6    0s

Cutting planes:
  Gomory: 2
  MIR: 6
  Zero half: 5

Explored 4355 nodes (85909 simplex iterations) in 1.06 seconds (0.98 work units)
Thread count was 4 (of 4 available processors)

Solution count 7: 13 14 16 ... 60

Optimal solution found (tolerance 1.00e-04)
Best objective 1.300000000000e+01, best bound 1.300000000000e+01, gap 0.0000%

Gurobi 11.0.3 (win64, Java) logging started Tue Mar 18 22:39:42 2025

Set parameter Username
Set parameter LogFile to value "src/main/java/gzhu/yh/logger/ILP_RD12.log"
Academic license - for non-commercial use only - expires 2025-09-02
Gurobi Optimizer version 11.0.3 build v11.0.3rc0 (win64 - Windows 10.0 (19045.2))

CPU model: Intel(R) Core(TM) i5-7300HQ CPU @ 2.50GHz, instruction set [SSE2|AVX|AVX2]
Thread count: 4 physical cores, 4 logical processors, using up to 4 threads

Optimize a model with 183 rows, 183 columns and 2477 nonzeros
Model fingerprint: 0x557628c8
Variable types: 0 continuous, 183 integer (183 binary)
Coefficient statistics:
  Matrix range     [1e+00, 1e+05]
  Objective range  [1e+00, 2e+00]
  Bounds range     [1e+00, 1e+00]
  RHS range        [1e+00, 1e+05]
Found heuristic solution: objective 61.0000000
Presolve removed 0 rows and 61 columns
Presolve time: 0.00s
Presolved: 183 rows, 122 columns, 2416 nonzeros
Variable types: 0 continuous, 122 integer (122 binary)

Root relaxation: objective 6.861516e+00, 160 iterations, 0.00 seconds (0.00 work units)

    Nodes    |    Current Node    |     Objective Bounds      |     Work
 Expl Unexpl |  Obj  Depth IntInf | Incumbent    BestBd   Gap | It/Node Time

     0     0    6.86152    0   54   61.00000    6.86152  88.8%     -    0s
H    0     0                      24.0000000    6.86152  71.4%     -    0s
H    0     0                      23.0000000    6.86152  70.2%     -    0s
H    0     0                      21.0000000    6.86152  67.3%     -    0s
     0     0    7.01184    0   60   21.00000    7.01184  66.6%     -    0s
H    0     0                      20.0000000    7.01184  64.9%     -    0s
H    0     0                      19.0000000    7.01184  63.1%     -    0s
     0     0    7.01184    0   58   19.00000    7.01184  63.1%     -    0s
H    0     0                      18.0000000    7.05548  60.8%     -    0s
     0     0    7.05747    0   63   18.00000    7.05747  60.8%     -    0s
     0     0    7.34694    0   61   18.00000    7.34694  59.2%     -    0s
     0     0    7.94476    0   59   18.00000    7.94476  55.9%     -    0s
     0     0    8.04554    0   65   18.00000    8.04554  55.3%     -    0s
     0     0    8.35131    0   64   18.00000    8.35131  53.6%     -    0s
     0     0    8.37396    0   64   18.00000    8.37396  53.5%     -    0s
     0     2    8.37396    0   64   18.00000    8.37396  53.5%     -    0s
H   66    66                      17.0000000    8.37396  50.7%  32.1    0s
H   75    70                      15.0000000    8.37396  44.2%  30.7    0s
H  131   119                      14.0000000    8.37396  40.2%  25.4    0s
H  221   136                      11.0000000    8.37396  23.9%  23.6    0s

Cutting planes:
  Gomory: 10
  MIR: 4
  Zero half: 28

Explored 582 nodes (12428 simplex iterations) in 0.35 seconds (0.30 work units)
Thread count was 4 (of 4 available processors)

Solution count 10: 11 14 15 ... 24

Optimal solution found (tolerance 1.00e-04)
Best objective 1.100000000000e+01, best bound 1.100000000000e+01, gap 0.0000%

Gurobi 11.0.3 (win64, Java) logging started Tue Mar 18 22:39:42 2025

Set parameter Username
Set parameter LogFile to value "src/main/java/gzhu/yh/logger/ILP_RD12.log"
Academic license - for non-commercial use only - expires 2025-09-02
Gurobi Optimizer version 11.0.3 build v11.0.3rc0 (win64 - Windows 10.0 (19045.2))

CPU model: Intel(R) Core(TM) i5-7300HQ CPU @ 2.50GHz, instruction set [SSE2|AVX|AVX2]
Thread count: 4 physical cores, 4 logical processors, using up to 4 threads

Optimize a model with 186 rows, 186 columns and 2622 nonzeros
Model fingerprint: 0x85c24d5a
Variable types: 0 continuous, 186 integer (186 binary)
Coefficient statistics:
  Matrix range     [1e+00, 1e+05]
  Objective range  [1e+00, 2e+00]
  Bounds range     [1e+00, 1e+00]
  RHS range        [1e+00, 1e+05]
Found heuristic solution: objective 62.0000000
Presolve removed 0 rows and 62 columns
Presolve time: 0.00s
Presolved: 186 rows, 124 columns, 2560 nonzeros
Variable types: 0 continuous, 124 integer (124 binary)

Root relaxation: objective 6.629929e+00, 198 iterations, 0.01 seconds (0.00 work units)

    Nodes    |    Current Node    |     Objective Bounds      |     Work
 Expl Unexpl |  Obj  Depth IntInf | Incumbent    BestBd   Gap | It/Node Time

     0     0    6.62993    0   66   62.00000    6.62993  89.3%     -    0s
H    0     0                      22.0000000    6.62993  69.9%     -    0s
H    0     0                      17.0000000    6.62993  61.0%     -    0s
     0     0    6.78977    0   68   17.00000    6.78977  60.1%     -    0s
     0     0    6.80712    0   64   17.00000    6.80712  60.0%     -    0s
     0     0    6.93438    0   72   17.00000    6.93438  59.2%     -    0s
     0     0    7.01523    0   68   17.00000    7.01523  58.7%     -    0s
     0     0    7.38574    0   66   17.00000    7.38574  56.6%     -    0s
H    0     0                      15.0000000    7.38574  50.8%     -    0s
     0     0    7.38897    0   70   15.00000    7.38897  50.7%     -    0s
     0     0    7.71592    0   72   15.00000    7.71592  48.6%     -    0s
     0     0    7.71592    0   72   15.00000    7.71592  48.6%     -    0s
     0     2    7.71592    0   72   15.00000    7.71592  48.6%     -    0s
H  175   134                      14.0000000    7.71592  44.9%  22.8    0s
H  231   182                      13.0000000    7.71592  40.6%  23.1    0s
* 3206   770              32      12.0000000    8.71940  27.3%  24.4    1s

Cutting planes:
  Gomory: 2
  Zero half: 4

Explored 8092 nodes (186388 simplex iterations) in 2.14 seconds (2.64 work units)
Thread count was 4 (of 4 available processors)

Solution count 7: 12 13 14 ... 62

Optimal solution found (tolerance 1.00e-04)
Best objective 1.200000000000e+01, best bound 1.200000000000e+01, gap 0.0000%

Gurobi 11.0.3 (win64, Java) logging started Tue Mar 18 22:39:44 2025

Set parameter Username
Set parameter LogFile to value "src/main/java/gzhu/yh/logger/ILP_RD12.log"
Academic license - for non-commercial use only - expires 2025-09-02
Gurobi Optimizer version 11.0.3 build v11.0.3rc0 (win64 - Windows 10.0 (19045.2))

CPU model: Intel(R) Core(TM) i5-7300HQ CPU @ 2.50GHz, instruction set [SSE2|AVX|AVX2]
Thread count: 4 physical cores, 4 logical processors, using up to 4 threads

Optimize a model with 189 rows, 189 columns and 2587 nonzeros
Model fingerprint: 0x83eebf9f
Variable types: 0 continuous, 189 integer (189 binary)
Coefficient statistics:
  Matrix range     [1e+00, 1e+05]
  Objective range  [1e+00, 2e+00]
  Bounds range     [1e+00, 1e+00]
  RHS range        [1e+00, 1e+05]
Found heuristic solution: objective 63.0000000
Presolve removed 0 rows and 63 columns
Presolve time: 0.00s
Presolved: 189 rows, 126 columns, 2524 nonzeros
Variable types: 0 continuous, 126 integer (126 binary)

Root relaxation: objective 6.544853e+00, 188 iterations, 0.01 seconds (0.00 work units)

    Nodes    |    Current Node    |     Objective Bounds      |     Work
 Expl Unexpl |  Obj  Depth IntInf | Incumbent    BestBd   Gap | It/Node Time

     0     0    6.54485    0   74   63.00000    6.54485  89.6%     -    0s
H    0     0                      24.0000000    6.54485  72.7%     -    0s
H    0     0                      22.0000000    6.75972  69.3%     -    0s
     0     0    6.92058    0   66   22.00000    6.92058  68.5%     -    0s
H    0     0                      18.0000000    6.92058  61.6%     -    0s
H    0     0                      16.0000000    6.92692  56.7%     -    0s
     0     0    6.92692    0   66   16.00000    6.92692  56.7%     -    0s
     0     0    7.14945    0   60   16.00000    7.14945  55.3%     -    0s
     0     0    7.14945    0   60   16.00000    7.14945  55.3%     -    0s
     0     0    7.44912    0   58   16.00000    7.44912  53.4%     -    0s
     0     0    7.46961    0   62   16.00000    7.46961  53.3%     -    0s
H    0     0                      13.0000000    8.02496  38.3%     -    0s
     0     0    8.09856    0   58   13.00000    8.09856  37.7%     -    0s
     0     0    8.09856    0   58   13.00000    8.09856  37.7%     -    0s
     0     2    8.09856    0   58   13.00000    8.09856  37.7%     -    0s

Cutting planes:
  Gomory: 2
  MIR: 1
  Zero half: 5

Explored 5053 nodes (109486 simplex iterations) in 1.17 seconds (1.28 work units)
Thread count was 4 (of 4 available processors)

Solution count 6: 13 16 18 ... 63

Optimal solution found (tolerance 1.00e-04)
Best objective 1.300000000000e+01, best bound 1.300000000000e+01, gap 0.0000%

Gurobi 11.0.3 (win64, Java) logging started Tue Mar 18 22:39:45 2025

Set parameter Username
Set parameter LogFile to value "src/main/java/gzhu/yh/logger/ILP_RD12.log"
Academic license - for non-commercial use only - expires 2025-09-02
Gurobi Optimizer version 11.0.3 build v11.0.3rc0 (win64 - Windows 10.0 (19045.2))

CPU model: Intel(R) Core(TM) i5-7300HQ CPU @ 2.50GHz, instruction set [SSE2|AVX|AVX2]
Thread count: 4 physical cores, 4 logical processors, using up to 4 threads

Optimize a model with 192 rows, 192 columns and 2572 nonzeros
Model fingerprint: 0x523c62fc
Variable types: 0 continuous, 192 integer (192 binary)
Coefficient statistics:
  Matrix range     [1e+00, 1e+05]
  Objective range  [1e+00, 2e+00]
  Bounds range     [1e+00, 1e+00]
  RHS range        [1e+00, 1e+05]
Found heuristic solution: objective 64.0000000
Presolve removed 0 rows and 64 columns
Presolve time: 0.00s
Presolved: 192 rows, 128 columns, 2508 nonzeros
Variable types: 0 continuous, 128 integer (128 binary)

Root relaxation: objective 6.678379e+00, 222 iterations, 0.01 seconds (0.00 work units)

    Nodes    |    Current Node    |     Objective Bounds      |     Work
 Expl Unexpl |  Obj  Depth IntInf | Incumbent    BestBd   Gap | It/Node Time

     0     0    6.67838    0   70   64.00000    6.67838  89.6%     -    0s
H    0     0                      21.0000000    6.67838  68.2%     -    0s
     0     0    7.33103    0   60   21.00000    7.33103  65.1%     -    0s
     0     0    7.36014    0   56   21.00000    7.36014  65.0%     -    0s
H    0     0                      17.0000000    7.48355  56.0%     -    0s
     0     0    7.48355    0   66   17.00000    7.48355  56.0%     -    0s
     0     0    7.51968    0   56   17.00000    7.51968  55.8%     -    0s
     0     0    8.05776    0   64   17.00000    8.05776  52.6%     -    0s
     0     0    8.05776    0   64   17.00000    8.05776  52.6%     -    0s
     0     2    8.05776    0   64   17.00000    8.05776  52.6%     -    0s
H   89    97                      15.0000000    8.05776  46.3%  31.8    0s
H  218   154                      12.0000000    8.05776  32.9%  27.0    0s

Cutting planes:
  Gomory: 13
  MIR: 3
  Zero half: 35

Explored 1337 nodes (30026 simplex iterations) in 0.55 seconds (0.54 work units)
Thread count was 4 (of 4 available processors)

Solution count 5: 12 15 17 ... 64

Optimal solution found (tolerance 1.00e-04)
Best objective 1.200000000000e+01, best bound 1.200000000000e+01, gap 0.0000%

Gurobi 11.0.3 (win64, Java) logging started Tue Mar 18 22:39:46 2025

Set parameter Username
Set parameter LogFile to value "src/main/java/gzhu/yh/logger/ILP_RD12.log"
Academic license - for non-commercial use only - expires 2025-09-02
Gurobi Optimizer version 11.0.3 build v11.0.3rc0 (win64 - Windows 10.0 (19045.2))

CPU model: Intel(R) Core(TM) i5-7300HQ CPU @ 2.50GHz, instruction set [SSE2|AVX|AVX2]
Thread count: 4 physical cores, 4 logical processors, using up to 4 threads

Optimize a model with 195 rows, 195 columns and 2921 nonzeros
Model fingerprint: 0x8ce4661c
Variable types: 0 continuous, 195 integer (195 binary)
Coefficient statistics:
  Matrix range     [1e+00, 1e+05]
  Objective range  [1e+00, 2e+00]
  Bounds range     [1e+00, 1e+00]
  RHS range        [1e+00, 1e+05]
Found heuristic solution: objective 65.0000000
Presolve removed 0 rows and 65 columns
Presolve time: 0.00s
Presolved: 195 rows, 130 columns, 2856 nonzeros
Variable types: 0 continuous, 130 integer (130 binary)

Root relaxation: objective 6.729414e+00, 215 iterations, 0.01 seconds (0.00 work units)

    Nodes    |    Current Node    |     Objective Bounds      |     Work
 Expl Unexpl |  Obj  Depth IntInf | Incumbent    BestBd   Gap | It/Node Time

     0     0    6.72941    0   66   65.00000    6.72941  89.6%     -    0s
H    0     0                      25.0000000    6.72941  73.1%     -    0s
H    0     0                      24.0000000    6.72941  72.0%     -    0s
H    0     0                      23.0000000    6.72941  70.7%     -    0s
H    0     0                      20.0000000    6.80574  66.0%     -    0s
     0     0    6.87621    0   56   20.00000    6.87621  65.6%     -    0s
     0     0    6.87621    0   56   20.00000    6.87621  65.6%     -    0s
     0     0    7.05521    0   60   20.00000    7.05521  64.7%     -    0s
H    0     0                      18.0000000    7.05521  60.8%     -    0s
     0     0    7.05521    0   62   18.00000    7.05521  60.8%     -    0s
H    0     0                      17.0000000    7.53916  55.7%     -    0s
     0     0    7.67292    0   68   17.00000    7.67292  54.9%     -    0s
     0     0    7.67317    0   64   17.00000    7.67317  54.9%     -    0s
     0     0    7.93905    0   66   17.00000    7.93905  53.3%     -    0s
     0     0    7.93905    0   66   17.00000    7.93905  53.3%     -    0s
H    0     2                      14.0000000    7.93905  43.3%     -    0s
     0     2    7.93905    0   66   14.00000    7.93905  43.3%     -    0s
H  351   215                      13.0000000    7.93905  38.9%  26.6    0s
* 2930   762              23      12.0000000    8.94550  25.5%  26.8    1s

Cutting planes:
  Gomory: 2
  Zero half: 6

Explored 6535 nodes (157514 simplex iterations) in 2.90 seconds (2.43 work units)
Thread count was 4 (of 4 available processors)

Solution count 10: 12 13 14 ... 65

Optimal solution found (tolerance 1.00e-04)
Best objective 1.200000000000e+01, best bound 1.200000000000e+01, gap 0.0000%

Gurobi 11.0.3 (win64, Java) logging started Tue Mar 18 22:39:49 2025

Set parameter Username
Set parameter LogFile to value "src/main/java/gzhu/yh/logger/ILP_RD12.log"
Academic license - for non-commercial use only - expires 2025-09-02
Gurobi Optimizer version 11.0.3 build v11.0.3rc0 (win64 - Windows 10.0 (19045.2))

CPU model: Intel(R) Core(TM) i5-7300HQ CPU @ 2.50GHz, instruction set [SSE2|AVX|AVX2]
Thread count: 4 physical cores, 4 logical processors, using up to 4 threads

Optimize a model with 198 rows, 198 columns and 2750 nonzeros
Model fingerprint: 0x008a41a9
Variable types: 0 continuous, 198 integer (198 binary)
Coefficient statistics:
  Matrix range     [1e+00, 1e+05]
  Objective range  [1e+00, 2e+00]
  Bounds range     [1e+00, 1e+00]
  RHS range        [1e+00, 1e+05]
Found heuristic solution: objective 66.0000000
Presolve removed 0 rows and 66 columns
Presolve time: 0.00s
Presolved: 198 rows, 132 columns, 2684 nonzeros
Variable types: 0 continuous, 132 integer (132 binary)

Root relaxation: objective 7.048320e+00, 222 iterations, 0.01 seconds (0.01 work units)

    Nodes    |    Current Node    |     Objective Bounds      |     Work
 Expl Unexpl |  Obj  Depth IntInf | Incumbent    BestBd   Gap | It/Node Time

     0     0    7.04832    0   68   66.00000    7.04832  89.3%     -    0s
H    0     0                      27.0000000    7.04832  73.9%     -    0s
H    0     0                      25.0000000    7.04832  71.8%     -    0s
     0     0    7.57272    0   70   25.00000    7.57272  69.7%     -    0s
H    0     0                      18.0000000    7.57272  57.9%     -    0s
H    0     0                      17.0000000    7.61725  55.2%     -    0s
     0     0    7.61725    0   68   17.00000    7.61725  55.2%     -    0s
     0     0    7.84501    0   70   17.00000    7.84501  53.9%     -    0s
     0     0    8.04569    0   66   17.00000    8.04569  52.7%     -    0s
H    0     0                      15.0000000    8.39152  44.1%     -    0s
     0     0    8.49001    0   62   15.00000    8.49001  43.4%     -    0s
     0     0    8.49001    0   62   15.00000    8.49001  43.4%     -    0s
     0     2    8.49001    0   62   15.00000    8.49001  43.4%     -    0s
H  390   215                      14.0000000    8.73648  37.6%  26.7    0s
 20589  4233   12.10983   36   55   14.00000   11.04777  21.1%  24.7    5s

Cutting planes:
  Gomory: 2
  Zero half: 4

Explored 36170 nodes (816191 simplex iterations) in 7.78 seconds (9.05 work units)
Thread count was 4 (of 4 available processors)

Solution count 7: 14 15 17 ... 66

Optimal solution found (tolerance 1.00e-04)
Best objective 1.400000000000e+01, best bound 1.400000000000e+01, gap 0.0000%

Gurobi 11.0.3 (win64, Java) logging started Tue Mar 18 22:39:57 2025

Set parameter Username
Set parameter LogFile to value "src/main/java/gzhu/yh/logger/ILP_RD12.log"
Academic license - for non-commercial use only - expires 2025-09-02
Gurobi Optimizer version 11.0.3 build v11.0.3rc0 (win64 - Windows 10.0 (19045.2))

CPU model: Intel(R) Core(TM) i5-7300HQ CPU @ 2.50GHz, instruction set [SSE2|AVX|AVX2]
Thread count: 4 physical cores, 4 logical processors, using up to 4 threads

Optimize a model with 201 rows, 201 columns and 2995 nonzeros
Model fingerprint: 0xd4b07933
Variable types: 0 continuous, 201 integer (201 binary)
Coefficient statistics:
  Matrix range     [1e+00, 1e+05]
  Objective range  [1e+00, 2e+00]
  Bounds range     [1e+00, 1e+00]
  RHS range        [1e+00, 1e+05]
Found heuristic solution: objective 67.0000000
Presolve removed 0 rows and 67 columns
Presolve time: 0.00s
Presolved: 201 rows, 134 columns, 2928 nonzeros
Variable types: 0 continuous, 134 integer (134 binary)

Root relaxation: objective 6.710524e+00, 225 iterations, 0.01 seconds (0.00 work units)

    Nodes    |    Current Node    |     Objective Bounds      |     Work
 Expl Unexpl |  Obj  Depth IntInf | Incumbent    BestBd   Gap | It/Node Time

     0     0    6.71052    0   58   67.00000    6.71052  90.0%     -    0s
H    0     0                      25.0000000    6.71052  73.2%     -    0s
H    0     0                      24.0000000    6.71052  72.0%     -    0s
H    0     0                      21.0000000    6.71052  68.0%     -    0s
     0     0    7.01318    0   60   21.00000    7.01318  66.6%     -    0s
H    0     0                      18.0000000    7.01318  61.0%     -    0s
     0     0    7.01343    0   58   18.00000    7.01343  61.0%     -    0s
     0     0    7.24567    0   62   18.00000    7.24567  59.7%     -    0s
     0     0    7.35024    0   62   18.00000    7.35024  59.2%     -    0s
     0     0    8.02489    0   64   18.00000    8.02489  55.4%     -    0s
     0     0    8.05452    0   64   18.00000    8.05452  55.3%     -    0s
     0     2    8.05452    0   64   18.00000    8.05452  55.3%     -    0s
H  194   166                      13.0000000    8.05452  38.0%  26.4    0s

Cutting planes:
  Gomory: 2
  MIR: 2
  Inf proof: 2
  Zero half: 6

Explored 5443 nodes (123111 simplex iterations) in 1.20 seconds (1.53 work units)
Thread count was 4 (of 4 available processors)

Solution count 6: 13 18 21 ... 67

Optimal solution found (tolerance 1.00e-04)
Best objective 1.300000000000e+01, best bound 1.300000000000e+01, gap 0.0000%

Gurobi 11.0.3 (win64, Java) logging started Tue Mar 18 22:39:58 2025

Set parameter Username
Set parameter LogFile to value "src/main/java/gzhu/yh/logger/ILP_RD12.log"
Academic license - for non-commercial use only - expires 2025-09-02
Gurobi Optimizer version 11.0.3 build v11.0.3rc0 (win64 - Windows 10.0 (19045.2))

CPU model: Intel(R) Core(TM) i5-7300HQ CPU @ 2.50GHz, instruction set [SSE2|AVX|AVX2]
Thread count: 4 physical cores, 4 logical processors, using up to 4 threads

Optimize a model with 204 rows, 204 columns and 3072 nonzeros
Model fingerprint: 0xb26d2e05
Variable types: 0 continuous, 204 integer (204 binary)
Coefficient statistics:
  Matrix range     [1e+00, 1e+05]
  Objective range  [1e+00, 2e+00]
  Bounds range     [1e+00, 1e+00]
  RHS range        [1e+00, 1e+05]
Found heuristic solution: objective 68.0000000
Presolve removed 0 rows and 68 columns
Presolve time: 0.00s
Presolved: 204 rows, 136 columns, 3004 nonzeros
Variable types: 0 continuous, 136 integer (136 binary)

Root relaxation: objective 6.683072e+00, 237 iterations, 0.00 seconds (0.01 work units)

    Nodes    |    Current Node    |     Objective Bounds      |     Work
 Expl Unexpl |  Obj  Depth IntInf | Incumbent    BestBd   Gap | It/Node Time

     0     0    6.68307    0   72   68.00000    6.68307  90.2%     -    0s
H    0     0                      29.0000000    6.68307  77.0%     -    0s
H    0     0                      24.0000000    6.68307  72.2%     -    0s
H    0     0                      22.0000000    6.80280  69.1%     -    0s
     0     0    6.80402    0   64   22.00000    6.80402  69.1%     -    0s
H    0     0                      18.0000000    6.80402  62.2%     -    0s
     0     0    6.84880    0   64   18.00000    6.84880  62.0%     -    0s
     0     0    7.02938    0   70   18.00000    7.02938  60.9%     -    0s
     0     0    7.11157    0   66   18.00000    7.11157  60.5%     -    0s
     0     0    7.47443    0   76   18.00000    7.47443  58.5%     -    0s
     0     0    7.47443    0   76   18.00000    7.47443  58.5%     -    0s
     0     2    7.47443    0   76   18.00000    7.47443  58.5%     -    0s
H   57    58                      17.0000000    7.47443  56.0%  37.3    0s
H   79    74                      15.0000000    7.47443  50.2%  34.7    0s
*  527   274              12      14.0000000    8.10774  42.1%  26.9    0s
* 8653  2727              23      13.0000000    9.55186  26.5%  26.0    2s
 22332  1511     cutoff   36        13.00000   11.16270  14.1%  24.0    5s

Cutting planes:
  Gomory: 1
  MIR: 3
  Zero half: 5

Explored 24724 nodes (567485 simplex iterations) in 5.23 seconds (7.16 work units)
Thread count was 4 (of 4 available processors)

Solution count 9: 13 14 15 ... 68

Optimal solution found (tolerance 1.00e-04)
Best objective 1.300000000000e+01, best bound 1.300000000000e+01, gap 0.0000%

Gurobi 11.0.3 (win64, Java) logging started Tue Mar 18 22:40:03 2025

Set parameter Username
Set parameter LogFile to value "src/main/java/gzhu/yh/logger/ILP_RD12.log"
Academic license - for non-commercial use only - expires 2025-09-02
Gurobi Optimizer version 11.0.3 build v11.0.3rc0 (win64 - Windows 10.0 (19045.2))

CPU model: Intel(R) Core(TM) i5-7300HQ CPU @ 2.50GHz, instruction set [SSE2|AVX|AVX2]
Thread count: 4 physical cores, 4 logical processors, using up to 4 threads

Optimize a model with 207 rows, 207 columns and 3321 nonzeros
Model fingerprint: 0xb2d76cf6
Variable types: 0 continuous, 207 integer (207 binary)
Coefficient statistics:
  Matrix range     [1e+00, 1e+05]
  Objective range  [1e+00, 2e+00]
  Bounds range     [1e+00, 1e+00]
  RHS range        [1e+00, 1e+05]
Found heuristic solution: objective 69.0000000
Presolve removed 0 rows and 69 columns
Presolve time: 0.00s
Presolved: 207 rows, 138 columns, 3252 nonzeros
Variable types: 0 continuous, 138 integer (138 binary)

Root relaxation: objective 6.273568e+00, 226 iterations, 0.01 seconds (0.01 work units)

    Nodes    |    Current Node    |     Objective Bounds      |     Work
 Expl Unexpl |  Obj  Depth IntInf | Incumbent    BestBd   Gap | It/Node Time

     0     0    6.27357    0   72   69.00000    6.27357  90.9%     -    0s
H    0     0                      24.0000000    6.27357  73.9%     -    0s
H    0     0                      19.0000000    6.27357  67.0%     -    0s
     0     0    6.56645    0   70   19.00000    6.56645  65.4%     -    0s
H    0     0                      13.0000000    6.56645  49.5%     -    0s
     0     0    6.59985    0   64   13.00000    6.59985  49.2%     -    0s
     0     0    6.80994    0   64   13.00000    6.80994  47.6%     -    0s
     0     0    6.80994    0   60   13.00000    6.80994  47.6%     -    0s
     0     0    7.35642    0   66   13.00000    7.35642  43.4%     -    0s
     0     0    7.40214    0   70   13.00000    7.40214  43.1%     -    0s
     0     0    7.72061    0   68   13.00000    7.72061  40.6%     -    0s
     0     0    7.72061    0   68   13.00000    7.72061  40.6%     -    0s
     0     2    7.72061    0   68   13.00000    7.72061  40.6%     -    0s
* 5104  1377              25      12.0000000    8.86080  26.2%  27.2    1s

Cutting planes:
  Gomory: 2
  MIR: 2
  Zero half: 6

Explored 12219 nodes (309219 simplex iterations) in 3.35 seconds (4.70 work units)
Thread count was 4 (of 4 available processors)

Solution count 5: 12 13 19 ... 69

Optimal solution found (tolerance 1.00e-04)
Best objective 1.200000000000e+01, best bound 1.200000000000e+01, gap 0.0000%

Gurobi 11.0.3 (win64, Java) logging started Tue Mar 18 22:40:07 2025

Set parameter Username
Set parameter LogFile to value "src/main/java/gzhu/yh/logger/ILP_RD12.log"
Academic license - for non-commercial use only - expires 2025-09-02
Gurobi Optimizer version 11.0.3 build v11.0.3rc0 (win64 - Windows 10.0 (19045.2))

CPU model: Intel(R) Core(TM) i5-7300HQ CPU @ 2.50GHz, instruction set [SSE2|AVX|AVX2]
Thread count: 4 physical cores, 4 logical processors, using up to 4 threads

Optimize a model with 210 rows, 210 columns and 3230 nonzeros
Model fingerprint: 0x52bc428e
Variable types: 0 continuous, 210 integer (210 binary)
Coefficient statistics:
  Matrix range     [1e+00, 1e+05]
  Objective range  [1e+00, 2e+00]
  Bounds range     [1e+00, 1e+00]
  RHS range        [1e+00, 1e+05]
Found heuristic solution: objective 70.0000000
Presolve removed 0 rows and 70 columns
Presolve time: 0.00s
Presolved: 210 rows, 140 columns, 3160 nonzeros
Variable types: 0 continuous, 140 integer (140 binary)

Root relaxation: objective 6.689400e+00, 211 iterations, 0.01 seconds (0.01 work units)

    Nodes    |    Current Node    |     Objective Bounds      |     Work
 Expl Unexpl |  Obj  Depth IntInf | Incumbent    BestBd   Gap | It/Node Time

     0     0    6.68940    0   64   70.00000    6.68940  90.4%     -    0s
H    0     0                      32.0000000    6.68940  79.1%     -    0s
H    0     0                      30.0000000    6.68940  77.7%     -    0s
H    0     0                      28.0000000    6.68940  76.1%     -    0s
H    0     0                      22.0000000    6.68940  69.6%     -    0s
     0     0    6.85100    0   64   22.00000    6.85100  68.9%     -    0s
H    0     0                      17.0000000    6.85100  59.7%     -    0s
     0     0    6.89387    0   64   17.00000    6.89387  59.4%     -    0s
     0     0    7.26921    0   60   17.00000    7.26921  57.2%     -    0s
     0     0    7.26921    0   54   17.00000    7.26921  57.2%     -    0s
     0     0    7.80698    0   74   17.00000    7.80698  54.1%     -    0s
     0     0    7.80698    0   74   17.00000    7.80698  54.1%     -    0s
     0     2    7.80698    0   74   17.00000    7.80698  54.1%     -    0s
H  338   268                      16.0000000    7.87508  50.8%  29.0    0s
*  446   253               6      15.0000000    8.07127  46.2%  28.6    0s
*  450   240               8      14.0000000    8.07127  42.3%  28.5    0s
 20054  5896   12.99234   42   50   14.00000   10.50216  25.0%  26.5    5s
 41010  5031     cutoff   36        14.00000   11.59953  17.1%  24.8   10s

Cutting planes:
  Gomory: 1
  MIR: 4
  Flow cover: 13
  Zero half: 6

Explored 51177 nodes (1209041 simplex iterations) in 11.61 seconds (15.75 work units)
Thread count was 4 (of 4 available processors)

Solution count 9: 14 15 16 ... 70

Optimal solution found (tolerance 1.00e-04)
Best objective 1.400000000000e+01, best bound 1.400000000000e+01, gap 0.0000%

Gurobi 11.0.3 (win64, Java) logging started Tue Mar 18 22:40:18 2025

Set parameter Username
Set parameter LogFile to value "src/main/java/gzhu/yh/logger/ILP_RD12.log"
Academic license - for non-commercial use only - expires 2025-09-02
Gurobi Optimizer version 11.0.3 build v11.0.3rc0 (win64 - Windows 10.0 (19045.2))

CPU model: Intel(R) Core(TM) i5-7300HQ CPU @ 2.50GHz, instruction set [SSE2|AVX|AVX2]
Thread count: 4 physical cores, 4 logical processors, using up to 4 threads

Optimize a model with 213 rows, 213 columns and 3411 nonzeros
Model fingerprint: 0x93bc7883
Variable types: 0 continuous, 213 integer (213 binary)
Coefficient statistics:
  Matrix range     [1e+00, 1e+05]
  Objective range  [1e+00, 2e+00]
  Bounds range     [1e+00, 1e+00]
  RHS range        [1e+00, 1e+05]
Found heuristic solution: objective 71.0000000
Presolve removed 0 rows and 71 columns
Presolve time: 0.00s
Presolved: 213 rows, 142 columns, 3340 nonzeros
Variable types: 0 continuous, 142 integer (142 binary)

Root relaxation: objective 6.364748e+00, 217 iterations, 0.01 seconds (0.01 work units)

    Nodes    |    Current Node    |     Objective Bounds      |     Work
 Expl Unexpl |  Obj  Depth IntInf | Incumbent    BestBd   Gap | It/Node Time

     0     0    6.36475    0   74   71.00000    6.36475  91.0%     -    0s
H    0     0                      27.0000000    6.36475  76.4%     -    0s
H    0     0                      20.0000000    6.48592  67.6%     -    0s
     0     0    6.51495    0   74   20.00000    6.51495  67.4%     -    0s
H    0     0                      19.0000000    6.68217  64.8%     -    0s
     0     0    6.68217    0   64   19.00000    6.68217  64.8%     -    0s
     0     0    6.95268    0   70   19.00000    6.95268  63.4%     -    0s
H    0     0                      18.0000000    6.95268  61.4%     -    0s
H    0     0                      16.0000000    6.95268  56.5%     -    0s
     0     0    6.95268    0   68   16.00000    6.95268  56.5%     -    0s
     0     0    7.41026    0   68   16.00000    7.41026  53.7%     -    0s
     0     0    7.52469    0   68   16.00000    7.52469  53.0%     -    0s
     0     0    7.80225    0   76   16.00000    7.80225  51.2%     -    0s
     0     0    7.81496    0   76   16.00000    7.81496  51.2%     -    0s
H    0     2                      15.0000000    7.81496  47.9%     -    0s
     0     2    7.81496    0   76   15.00000    7.81496  47.9%     -    0s
H   76    83                      14.0000000    7.81496  44.2%  33.1    0s
H 7133  2187                      13.0000000    9.42379  27.5%  28.9    2s
 20413   673     cutoff   26        13.00000   11.44146  12.0%  25.7    5s

Cutting planes:
  Gomory: 2
  MIR: 6
  Zero half: 6

Explored 21330 nodes (534809 simplex iterations) in 5.14 seconds (7.36 work units)
Thread count was 4 (of 4 available processors)

Solution count 9: 13 14 15 ... 71

Optimal solution found (tolerance 1.00e-04)
Best objective 1.300000000000e+01, best bound 1.300000000000e+01, gap 0.0000%

Gurobi 11.0.3 (win64, Java) logging started Tue Mar 18 22:40:23 2025

Set parameter Username
Set parameter LogFile to value "src/main/java/gzhu/yh/logger/ILP_RD12.log"
Academic license - for non-commercial use only - expires 2025-09-02
Gurobi Optimizer version 11.0.3 build v11.0.3rc0 (win64 - Windows 10.0 (19045.2))

CPU model: Intel(R) Core(TM) i5-7300HQ CPU @ 2.50GHz, instruction set [SSE2|AVX|AVX2]
Thread count: 4 physical cores, 4 logical processors, using up to 4 threads

Optimize a model with 216 rows, 216 columns and 3468 nonzeros
Model fingerprint: 0x44c1ed2d
Variable types: 0 continuous, 216 integer (216 binary)
Coefficient statistics:
  Matrix range     [1e+00, 1e+05]
  Objective range  [1e+00, 2e+00]
  Bounds range     [1e+00, 1e+00]
  RHS range        [1e+00, 1e+05]
Found heuristic solution: objective 72.0000000
Presolve removed 0 rows and 72 columns
Presolve time: 0.00s
Presolved: 216 rows, 144 columns, 3396 nonzeros
Variable types: 0 continuous, 144 integer (144 binary)

Root relaxation: objective 6.607985e+00, 242 iterations, 0.01 seconds (0.01 work units)

    Nodes    |    Current Node    |     Objective Bounds      |     Work
 Expl Unexpl |  Obj  Depth IntInf | Incumbent    BestBd   Gap | It/Node Time

     0     0    6.60799    0   76   72.00000    6.60799  90.8%     -    0s
H    0     0                      28.0000000    6.60799  76.4%     -    0s
H    0     0                      22.0000000    6.60799  70.0%     -    0s
     0     0    6.71618    0   80   22.00000    6.71618  69.5%     -    0s
H    0     0                      19.0000000    6.71618  64.7%     -    0s
     0     0    6.82750    0   74   19.00000    6.82750  64.1%     -    0s
     0     0    6.97746    0   70   19.00000    6.97746  63.3%     -    0s
     0     0    6.97746    0   72   19.00000    6.97746  63.3%     -    0s
     0     0    7.15385    0   78   19.00000    7.15385  62.3%     -    0s
     0     0    7.15616    0   80   19.00000    7.15616  62.3%     -    0s
     0     0    7.83129    0   80   19.00000    7.83129  58.8%     -    0s
     0     0    7.83129    0   80   19.00000    7.83129  58.8%     -    0s
     0     2    7.83129    0   80   19.00000    7.83129  58.8%     -    0s
H   79    88                      18.0000000    7.83129  56.5%  33.9    0s
H  155   141                      16.0000000    7.83129  51.1%  28.8    0s
*  458   303              18      15.0000000    7.83129  47.8%  27.9    0s
*  525   297              10      14.0000000    7.97554  43.0%  27.5    0s
H 2104   896                      13.0000000    8.53069  34.4%  30.5    1s
 14729  3741   11.60167   33   64   13.00000   10.04112  22.8%  28.3    5s

Cutting planes:
  Gomory: 3
  Zero half: 4

Explored 29871 nodes (770729 simplex iterations) in 8.01 seconds (10.28 work units)
Thread count was 4 (of 4 available processors)

Solution count 9: 13 14 15 ... 72

Optimal solution found (tolerance 1.00e-04)
Best objective 1.300000000000e+01, best bound 1.300000000000e+01, gap 0.0000%

Gurobi 11.0.3 (win64, Java) logging started Tue Mar 18 22:40:31 2025

Set parameter Username
Set parameter LogFile to value "src/main/java/gzhu/yh/logger/ILP_RD12.log"
Academic license - for non-commercial use only - expires 2025-09-02
Gurobi Optimizer version 11.0.3 build v11.0.3rc0 (win64 - Windows 10.0 (19045.2))

CPU model: Intel(R) Core(TM) i5-7300HQ CPU @ 2.50GHz, instruction set [SSE2|AVX|AVX2]
Thread count: 4 physical cores, 4 logical processors, using up to 4 threads

Optimize a model with 219 rows, 219 columns and 3489 nonzeros
Model fingerprint: 0xf99e9962
Variable types: 0 continuous, 219 integer (219 binary)
Coefficient statistics:
  Matrix range     [1e+00, 1e+05]
  Objective range  [1e+00, 2e+00]
  Bounds range     [1e+00, 1e+00]
  RHS range        [1e+00, 1e+05]
Found heuristic solution: objective 73.0000000
Presolve removed 0 rows and 73 columns
Presolve time: 0.01s
Presolved: 219 rows, 146 columns, 3416 nonzeros
Variable types: 0 continuous, 146 integer (146 binary)

Root relaxation: objective 6.677962e+00, 268 iterations, 0.00 seconds (0.01 work units)

    Nodes    |    Current Node    |     Objective Bounds      |     Work
 Expl Unexpl |  Obj  Depth IntInf | Incumbent    BestBd   Gap | It/Node Time

     0     0    6.67796    0   74   73.00000    6.67796  90.9%     -    0s
H    0     0                      26.0000000    6.67796  74.3%     -    0s
H    0     0                      24.0000000    6.67796  72.2%     -    0s
     0     0    6.96104    0   78   24.00000    6.96104  71.0%     -    0s
H    0     0                      23.0000000    6.96104  69.7%     -    0s
H    0     0                      16.0000000    6.96208  56.5%     -    0s
     0     0    6.96208    0   78   16.00000    6.96208  56.5%     -    0s
     0     0    7.23205    0   82   16.00000    7.23205  54.8%     -    0s
     0     0    7.23205    0   82   16.00000    7.23205  54.8%     -    0s
     0     0    7.50011    0   86   16.00000    7.50011  53.1%     -    0s
     0     0    7.52771    0   80   16.00000    7.52771  53.0%     -    0s
     0     0    8.03854    0   86   16.00000    8.03854  49.8%     -    0s
     0     0    8.03854    0   86   16.00000    8.03854  49.8%     -    0s
     0     2    8.03854    0   86   16.00000    8.03854  49.8%     -    0s
H  159   129                      15.0000000    8.03854  46.4%  30.0    0s
*  161   129               7      14.0000000    8.03854  42.6%  30.7    0s
*  378   237              11      13.0000000    8.03854  38.2%  30.6    0s
 16259  2818   11.79842   37   48   13.00000   10.50781  19.2%  28.9    5s

Cutting planes:
  Gomory: 1
  MIR: 3
  Zero half: 5

Explored 23725 nodes (656469 simplex iterations) in 6.36 seconds (9.21 work units)
Thread count was 4 (of 4 available processors)

Solution count 8: 13 14 15 ... 73

Optimal solution found (tolerance 1.00e-04)
Best objective 1.300000000000e+01, best bound 1.300000000000e+01, gap 0.0000%

Gurobi 11.0.3 (win64, Java) logging started Tue Mar 18 22:40:38 2025

Set parameter Username
Set parameter LogFile to value "src/main/java/gzhu/yh/logger/ILP_RD12.log"
Academic license - for non-commercial use only - expires 2025-09-02
Gurobi Optimizer version 11.0.3 build v11.0.3rc0 (win64 - Windows 10.0 (19045.2))

CPU model: Intel(R) Core(TM) i5-7300HQ CPU @ 2.50GHz, instruction set [SSE2|AVX|AVX2]
Thread count: 4 physical cores, 4 logical processors, using up to 4 threads

Optimize a model with 222 rows, 222 columns and 3538 nonzeros
Model fingerprint: 0x2ceb3aa7
Variable types: 0 continuous, 222 integer (222 binary)
Coefficient statistics:
  Matrix range     [1e+00, 1e+05]
  Objective range  [1e+00, 2e+00]
  Bounds range     [1e+00, 1e+00]
  RHS range        [1e+00, 1e+05]
Found heuristic solution: objective 74.0000000
Presolve removed 0 rows and 74 columns
Presolve time: 0.01s
Presolved: 222 rows, 148 columns, 3464 nonzeros
Variable types: 0 continuous, 148 integer (148 binary)

Root relaxation: objective 7.059931e+00, 255 iterations, 0.00 seconds (0.01 work units)

    Nodes    |    Current Node    |     Objective Bounds      |     Work
 Expl Unexpl |  Obj  Depth IntInf | Incumbent    BestBd   Gap | It/Node Time

     0     0    7.05993    0   68   74.00000    7.05993  90.5%     -    0s
H    0     0                      23.0000000    7.05993  69.3%     -    0s
     0     0    7.30454    0   74   23.00000    7.30454  68.2%     -    0s
H    0     0                      18.0000000    7.30842  59.4%     -    0s
     0     0    7.30842    0   70   18.00000    7.30842  59.4%     -    0s
     0     0    7.47162    0   72   18.00000    7.47162  58.5%     -    0s
     0     0    7.53374    0   64   18.00000    7.53374  58.1%     -    0s
     0     0    8.21062    0   68   18.00000    8.21062  54.4%     -    0s
     0     0    8.21062    0   68   18.00000    8.21062  54.4%     -    0s
     0     2    8.21062    0   68   18.00000    8.21062  54.4%     -    0s
* 1050   629              31      17.0000000    8.64045  49.2%  28.9    0s
H 1578   898                      16.0000000    8.85343  44.7%  30.1    0s
H 5012  1889                      15.0000000    9.21508  38.6%  30.5    2s
 18019  7863   10.58947   30   62   15.00000   10.27534  31.5%  28.7    5s
H21076  8586                      14.0000000   10.39238  25.8%  28.3    7s
 21312  8696   10.39238   39   69   14.00000   10.39238  25.8%  28.5   10s
 40555  9448   12.65629   53   47   14.00000   10.50029  25.0%  29.2   15s
 61903  8534     cutoff   58        14.00000   11.34692  19.0%  28.6   20s

Gurobi 11.0.3 (win64, Java) logging started Tue Mar 18 22:42:58 2025

Set parameter Username
Set parameter LogFile to value "src/main/java/gzhu/yh/logger/ILP_RD12.log"
Academic license - for non-commercial use only - expires 2025-09-02
Gurobi Optimizer version 11.0.3 build v11.0.3rc0 (win64 - Windows 10.0 (19045.2))

CPU model: Intel(R) Core(TM) i5-7300HQ CPU @ 2.50GHz, instruction set [SSE2|AVX|AVX2]
Thread count: 4 physical cores, 4 logical processors, using up to 4 threads

Optimize a model with 60 rows, 60 columns and 356 nonzeros
Model fingerprint: 0x11bf5176
Variable types: 0 continuous, 60 integer (60 binary)
Coefficient statistics:
  Matrix range     [1e+00, 1e+05]
  Objective range  [1e+00, 2e+00]
  Bounds range     [1e+00, 1e+00]
  RHS range        [1e+00, 1e+05]
Found heuristic solution: objective 20.0000000
Presolve removed 0 rows and 20 columns
Presolve time: 0.00s
Presolved: 60 rows, 40 columns, 336 nonzeros
Variable types: 0 continuous, 40 integer (40 binary)

Root relaxation: objective 5.375000e+00, 48 iterations, 0.00 seconds (0.00 work units)

    Nodes    |    Current Node    |     Objective Bounds      |     Work
 Expl Unexpl |  Obj  Depth IntInf | Incumbent    BestBd   Gap | It/Node Time

     0     0    5.37500    0   19   20.00000    5.37500  73.1%     -    0s
H    0     0                       8.0000000    5.37500  32.8%     -    0s
H    0     0                       6.0000000    5.37500  10.4%     -    0s
     0     0    5.37500    0   19    6.00000    5.37500  10.4%     -    0s

Explored 1 nodes (48 simplex iterations) in 0.01 seconds (0.00 work units)
Thread count was 4 (of 4 available processors)

Solution count 3: 6 8 20 

Optimal solution found (tolerance 1.00e-04)
Best objective 6.000000000000e+00, best bound 6.000000000000e+00, gap 0.0000%

Gurobi 11.0.3 (win64, Java) logging started Tue Mar 18 22:42:58 2025

Set parameter Username
Set parameter LogFile to value "src/main/java/gzhu/yh/logger/ILP_RD12.log"
Academic license - for non-commercial use only - expires 2025-09-02
Gurobi Optimizer version 11.0.3 build v11.0.3rc0 (win64 - Windows 10.0 (19045.2))

CPU model: Intel(R) Core(TM) i5-7300HQ CPU @ 2.50GHz, instruction set [SSE2|AVX|AVX2]
Thread count: 4 physical cores, 4 logical processors, using up to 4 threads

Optimize a model with 63 rows, 63 columns and 349 nonzeros
Model fingerprint: 0x189e225f
Variable types: 0 continuous, 63 integer (63 binary)
Coefficient statistics:
  Matrix range     [1e+00, 1e+05]
  Objective range  [1e+00, 2e+00]
  Bounds range     [1e+00, 1e+00]
  RHS range        [1e+00, 1e+05]
Found heuristic solution: objective 21.0000000
Presolve removed 3 rows and 23 columns
Presolve time: 0.00s
Presolved: 60 rows, 40 columns, 320 nonzeros
Variable types: 0 continuous, 40 integer (40 binary)
Found heuristic solution: objective 15.0000000

Root relaxation: objective 6.000000e+00, 35 iterations, 0.00 seconds (0.00 work units)

    Nodes    |    Current Node    |     Objective Bounds      |     Work
 Expl Unexpl |  Obj  Depth IntInf | Incumbent    BestBd   Gap | It/Node Time

*    0     0               0       6.0000000    6.00000  0.00%     -    0s

Explored 1 nodes (35 simplex iterations) in 0.00 seconds (0.00 work units)
Thread count was 4 (of 4 available processors)

Solution count 3: 6 15 21 

Optimal solution found (tolerance 1.00e-04)
Best objective 6.000000000000e+00, best bound 6.000000000000e+00, gap 0.0000%

Gurobi 11.0.3 (win64, Java) logging started Tue Mar 18 22:42:58 2025

Set parameter Username
Set parameter LogFile to value "src/main/java/gzhu/yh/logger/ILP_RD12.log"
Academic license - for non-commercial use only - expires 2025-09-02
Gurobi Optimizer version 11.0.3 build v11.0.3rc0 (win64 - Windows 10.0 (19045.2))

CPU model: Intel(R) Core(TM) i5-7300HQ CPU @ 2.50GHz, instruction set [SSE2|AVX|AVX2]
Thread count: 4 physical cores, 4 logical processors, using up to 4 threads

Optimize a model with 66 rows, 66 columns and 374 nonzeros
Model fingerprint: 0x5bd0fc54
Variable types: 0 continuous, 66 integer (66 binary)
Coefficient statistics:
  Matrix range     [1e+00, 1e+05]
  Objective range  [1e+00, 2e+00]
  Bounds range     [1e+00, 1e+00]
  RHS range        [1e+00, 1e+05]
Found heuristic solution: objective 22.0000000
Presolve removed 1 rows and 22 columns
Presolve time: 0.00s
Presolved: 65 rows, 44 columns, 349 nonzeros
Variable types: 0 continuous, 44 integer (44 binary)

Root relaxation: objective 6.222222e+00, 55 iterations, 0.00 seconds (0.00 work units)

    Nodes    |    Current Node    |     Objective Bounds      |     Work
 Expl Unexpl |  Obj  Depth IntInf | Incumbent    BestBd   Gap | It/Node Time

     0     0    6.22222    0   28   22.00000    6.22222  71.7%     -    0s
H    0     0                      10.0000000    6.22222  37.8%     -    0s
H    0     0                       7.0000000    6.22222  11.1%     -    0s
     0     0    6.22222    0   28    7.00000    6.22222  11.1%     -    0s

Explored 1 nodes (57 simplex iterations) in 0.01 seconds (0.00 work units)
Thread count was 4 (of 4 available processors)

Solution count 3: 7 10 22 

Optimal solution found (tolerance 1.00e-04)
Best objective 7.000000000000e+00, best bound 7.000000000000e+00, gap 0.0000%

Gurobi 11.0.3 (win64, Java) logging started Tue Mar 18 22:42:58 2025

Set parameter Username
Set parameter LogFile to value "src/main/java/gzhu/yh/logger/ILP_RD12.log"
Academic license - for non-commercial use only - expires 2025-09-02
Gurobi Optimizer version 11.0.3 build v11.0.3rc0 (win64 - Windows 10.0 (19045.2))

CPU model: Intel(R) Core(TM) i5-7300HQ CPU @ 2.50GHz, instruction set [SSE2|AVX|AVX2]
Thread count: 4 physical cores, 4 logical processors, using up to 4 threads

Optimize a model with 69 rows, 69 columns and 427 nonzeros
Model fingerprint: 0x1f98361e
Variable types: 0 continuous, 69 integer (69 binary)
Coefficient statistics:
  Matrix range     [1e+00, 1e+05]
  Objective range  [1e+00, 2e+00]
  Bounds range     [1e+00, 1e+00]
  RHS range        [1e+00, 1e+05]
Found heuristic solution: objective 23.0000000
Presolve removed 0 rows and 23 columns
Presolve time: 0.00s
Presolved: 69 rows, 46 columns, 404 nonzeros
Variable types: 0 continuous, 46 integer (46 binary)

Root relaxation: objective 6.214286e+00, 50 iterations, 0.00 seconds (0.00 work units)

    Nodes    |    Current Node    |     Objective Bounds      |     Work
 Expl Unexpl |  Obj  Depth IntInf | Incumbent    BestBd   Gap | It/Node Time

     0     0    6.21429    0   25   23.00000    6.21429  73.0%     -    0s
H    0     0                      10.0000000    6.21429  37.9%     -    0s
H    0     0                       8.0000000    6.21429  22.3%     -    0s
H    0     0                       7.0000000    7.00000  0.00%     -    0s
     0     0    7.00000    0   23    7.00000    7.00000  0.00%     -    0s

Cutting planes:
  Gomory: 1
  MIR: 2
  Zero half: 4

Explored 1 nodes (63 simplex iterations) in 0.02 seconds (0.00 work units)
Thread count was 4 (of 4 available processors)

Solution count 4: 7 8 10 23 

Optimal solution found (tolerance 1.00e-04)
Best objective 7.000000000000e+00, best bound 7.000000000000e+00, gap 0.0000%

Gurobi 11.0.3 (win64, Java) logging started Tue Mar 18 22:42:58 2025

Set parameter Username
Set parameter LogFile to value "src/main/java/gzhu/yh/logger/ILP_RD12.log"
Academic license - for non-commercial use only - expires 2025-09-02
Gurobi Optimizer version 11.0.3 build v11.0.3rc0 (win64 - Windows 10.0 (19045.2))

CPU model: Intel(R) Core(TM) i5-7300HQ CPU @ 2.50GHz, instruction set [SSE2|AVX|AVX2]
Thread count: 4 physical cores, 4 logical processors, using up to 4 threads

Optimize a model with 72 rows, 72 columns and 408 nonzeros
Model fingerprint: 0x45c6d7ef
Variable types: 0 continuous, 72 integer (72 binary)
Coefficient statistics:
  Matrix range     [1e+00, 1e+05]
  Objective range  [1e+00, 2e+00]
  Bounds range     [1e+00, 1e+00]
  RHS range        [1e+00, 1e+05]
Found heuristic solution: objective 24.0000000
Presolve removed 1 rows and 24 columns
Presolve time: 0.00s
Presolved: 71 rows, 48 columns, 381 nonzeros
Variable types: 0 continuous, 48 integer (48 binary)

Root relaxation: objective 7.000000e+00, 41 iterations, 0.00 seconds (0.00 work units)

    Nodes    |    Current Node    |     Objective Bounds      |     Work
 Expl Unexpl |  Obj  Depth IntInf | Incumbent    BestBd   Gap | It/Node Time

     0     0    7.00000    0   18   24.00000    7.00000  70.8%     -    0s
H    0     0                       8.0000000    7.00000  12.5%     -    0s

Cutting planes:
  Gomory: 1
  Zero half: 1
  RLT: 3

Explored 1 nodes (44 simplex iterations) in 0.02 seconds (0.00 work units)
Thread count was 4 (of 4 available processors)

Solution count 2: 8 24 

Optimal solution found (tolerance 1.00e-04)
Best objective 8.000000000000e+00, best bound 8.000000000000e+00, gap 0.0000%

Gurobi 11.0.3 (win64, Java) logging started Tue Mar 18 22:42:58 2025

Set parameter Username
Set parameter LogFile to value "src/main/java/gzhu/yh/logger/ILP_RD12.log"
Academic license - for non-commercial use only - expires 2025-09-02
Gurobi Optimizer version 11.0.3 build v11.0.3rc0 (win64 - Windows 10.0 (19045.2))

CPU model: Intel(R) Core(TM) i5-7300HQ CPU @ 2.50GHz, instruction set [SSE2|AVX|AVX2]
Thread count: 4 physical cores, 4 logical processors, using up to 4 threads

Optimize a model with 75 rows, 75 columns and 497 nonzeros
Model fingerprint: 0x4cb8e041
Variable types: 0 continuous, 75 integer (75 binary)
Coefficient statistics:
  Matrix range     [1e+00, 1e+05]
  Objective range  [1e+00, 2e+00]
  Bounds range     [1e+00, 1e+00]
  RHS range        [1e+00, 1e+05]
Found heuristic solution: objective 25.0000000
Presolve removed 0 rows and 25 columns
Presolve time: 0.00s
Presolved: 75 rows, 50 columns, 472 nonzeros
Variable types: 0 continuous, 50 integer (50 binary)

Root relaxation: objective 6.666667e+00, 54 iterations, 0.00 seconds (0.00 work units)

    Nodes    |    Current Node    |     Objective Bounds      |     Work
 Expl Unexpl |  Obj  Depth IntInf | Incumbent    BestBd   Gap | It/Node Time

     0     0    6.66667    0   23   25.00000    6.66667  73.3%     -    0s
H    0     0                      10.0000000    6.66667  33.3%     -    0s
H    0     0                       9.0000000    6.66667  25.9%     -    0s
H    0     0                       7.0000000    6.66667  4.76%     -    0s
     0     0    6.66667    0   23    7.00000    6.66667  4.76%     -    0s

Explored 1 nodes (60 simplex iterations) in 0.02 seconds (0.00 work units)
Thread count was 4 (of 4 available processors)

Solution count 4: 7 9 10 25 

Optimal solution found (tolerance 1.00e-04)
Best objective 7.000000000000e+00, best bound 7.000000000000e+00, gap 0.0000%

Gurobi 11.0.3 (win64, Java) logging started Tue Mar 18 22:42:58 2025

Set parameter Username
Set parameter LogFile to value "src/main/java/gzhu/yh/logger/ILP_RD12.log"
Academic license - for non-commercial use only - expires 2025-09-02
Gurobi Optimizer version 11.0.3 build v11.0.3rc0 (win64 - Windows 10.0 (19045.2))

CPU model: Intel(R) Core(TM) i5-7300HQ CPU @ 2.50GHz, instruction set [SSE2|AVX|AVX2]
Thread count: 4 physical cores, 4 logical processors, using up to 4 threads

Optimize a model with 78 rows, 78 columns and 526 nonzeros
Model fingerprint: 0x6803a1a1
Variable types: 0 continuous, 78 integer (78 binary)
Coefficient statistics:
  Matrix range     [1e+00, 1e+05]
  Objective range  [1e+00, 2e+00]
  Bounds range     [1e+00, 1e+00]
  RHS range        [1e+00, 1e+05]
Found heuristic solution: objective 26.0000000
Presolve removed 0 rows and 26 columns
Presolve time: 0.00s
Presolved: 78 rows, 52 columns, 500 nonzeros
Variable types: 0 continuous, 52 integer (52 binary)

Root relaxation: objective 6.666667e+00, 64 iterations, 0.00 seconds (0.00 work units)

    Nodes    |    Current Node    |     Objective Bounds      |     Work
 Expl Unexpl |  Obj  Depth IntInf | Incumbent    BestBd   Gap | It/Node Time

     0     0    6.66667    0   16   26.00000    6.66667  74.4%     -    0s
H    0     0                      10.0000000    6.66667  33.3%     -    0s
H    0     0                       9.0000000    6.66667  25.9%     -    0s
H    0     0                       8.0000000    7.00000  12.5%     -    0s
     0     0    8.00000    0   22    8.00000    8.00000  0.00%     -    0s

Cutting planes:
  Zero half: 7

Explored 1 nodes (82 simplex iterations) in 0.01 seconds (0.00 work units)
Thread count was 4 (of 4 available processors)

Solution count 4: 8 9 10 26 

Optimal solution found (tolerance 1.00e-04)
Best objective 8.000000000000e+00, best bound 8.000000000000e+00, gap 0.0000%

Gurobi 11.0.3 (win64, Java) logging started Tue Mar 18 22:42:58 2025

Set parameter Username
Set parameter LogFile to value "src/main/java/gzhu/yh/logger/ILP_RD12.log"
Academic license - for non-commercial use only - expires 2025-09-02
Gurobi Optimizer version 11.0.3 build v11.0.3rc0 (win64 - Windows 10.0 (19045.2))

CPU model: Intel(R) Core(TM) i5-7300HQ CPU @ 2.50GHz, instruction set [SSE2|AVX|AVX2]
Thread count: 4 physical cores, 4 logical processors, using up to 4 threads

Optimize a model with 81 rows, 81 columns and 567 nonzeros
Model fingerprint: 0xc20210a7
Variable types: 0 continuous, 81 integer (81 binary)
Coefficient statistics:
  Matrix range     [1e+00, 1e+05]
  Objective range  [1e+00, 2e+00]
  Bounds range     [1e+00, 1e+00]
  RHS range        [1e+00, 1e+05]
Found heuristic solution: objective 27.0000000
Presolve removed 0 rows and 27 columns
Presolve time: 0.00s
Presolved: 81 rows, 54 columns, 540 nonzeros
Variable types: 0 continuous, 54 integer (54 binary)

Root relaxation: objective 6.524660e+00, 62 iterations, 0.00 seconds (0.00 work units)

    Nodes    |    Current Node    |     Objective Bounds      |     Work
 Expl Unexpl |  Obj  Depth IntInf | Incumbent    BestBd   Gap | It/Node Time

     0     0    6.52466    0   36   27.00000    6.52466  75.8%     -    0s
H    0     0                      13.0000000    6.52466  49.8%     -    0s
H    0     0                      10.0000000    6.52466  34.8%     -    0s
     0     0    7.19397    0   37   10.00000    7.19397  28.1%     -    0s
H    0     0                       9.0000000    7.19397  20.1%     -    0s
     0     0    7.43478    0   39    9.00000    7.43478  17.4%     -    0s
H    0     0                       8.0000000    7.71200  3.60%     -    0s
     0     0    8.00000    0   35    8.00000    8.00000  0.00%     -    0s

Cutting planes:
  Gomory: 2
  Zero half: 6

Explored 1 nodes (105 simplex iterations) in 0.02 seconds (0.01 work units)
Thread count was 4 (of 4 available processors)

Solution count 5: 8 9 10 ... 27

Optimal solution found (tolerance 1.00e-04)
Best objective 8.000000000000e+00, best bound 8.000000000000e+00, gap 0.0000%

Gurobi 11.0.3 (win64, Java) logging started Tue Mar 18 22:42:58 2025

Set parameter Username
Set parameter LogFile to value "src/main/java/gzhu/yh/logger/ILP_RD12.log"
Academic license - for non-commercial use only - expires 2025-09-02
Gurobi Optimizer version 11.0.3 build v11.0.3rc0 (win64 - Windows 10.0 (19045.2))

CPU model: Intel(R) Core(TM) i5-7300HQ CPU @ 2.50GHz, instruction set [SSE2|AVX|AVX2]
Thread count: 4 physical cores, 4 logical processors, using up to 4 threads

Optimize a model with 84 rows, 84 columns and 580 nonzeros
Model fingerprint: 0xdb23564e
Variable types: 0 continuous, 84 integer (84 binary)
Coefficient statistics:
  Matrix range     [1e+00, 1e+05]
  Objective range  [1e+00, 2e+00]
  Bounds range     [1e+00, 1e+00]
  RHS range        [1e+00, 1e+05]
Found heuristic solution: objective 28.0000000
Presolve removed 0 rows and 28 columns
Presolve time: 0.00s
Presolved: 84 rows, 56 columns, 552 nonzeros
Variable types: 0 continuous, 56 integer (56 binary)

Root relaxation: objective 6.500000e+00, 67 iterations, 0.00 seconds (0.00 work units)

    Nodes    |    Current Node    |     Objective Bounds      |     Work
 Expl Unexpl |  Obj  Depth IntInf | Incumbent    BestBd   Gap | It/Node Time

     0     0    6.50000    0   22   28.00000    6.50000  76.8%     -    0s
H    0     0                      10.0000000    6.50000  35.0%     -    0s
H    0     0                       9.0000000    6.50000  27.8%     -    0s
H    0     0                       8.0000000    6.50000  18.8%     -    0s
     0     0    7.00000    0   28    8.00000    7.00000  12.5%     -    0s
     0     0    7.00000    0   27    8.00000    7.00000  12.5%     -    0s
     0     0    7.00000    0   25    8.00000    7.00000  12.5%     -    0s
     0     0     cutoff    0         8.00000    8.00000  0.00%     -    0s

Cutting planes:
  Gomory: 5
  Zero half: 4

Explored 1 nodes (94 simplex iterations) in 0.01 seconds (0.00 work units)
Thread count was 4 (of 4 available processors)

Solution count 4: 8 9 10 28 

Optimal solution found (tolerance 1.00e-04)
Best objective 8.000000000000e+00, best bound 8.000000000000e+00, gap 0.0000%

Gurobi 11.0.3 (win64, Java) logging started Tue Mar 18 22:42:58 2025

Set parameter Username
Set parameter LogFile to value "src/main/java/gzhu/yh/logger/ILP_RD12.log"
Academic license - for non-commercial use only - expires 2025-09-02
Gurobi Optimizer version 11.0.3 build v11.0.3rc0 (win64 - Windows 10.0 (19045.2))

CPU model: Intel(R) Core(TM) i5-7300HQ CPU @ 2.50GHz, instruction set [SSE2|AVX|AVX2]
Thread count: 4 physical cores, 4 logical processors, using up to 4 threads

Optimize a model with 87 rows, 87 columns and 641 nonzeros
Model fingerprint: 0x7e42cda3
Variable types: 0 continuous, 87 integer (87 binary)
Coefficient statistics:
  Matrix range     [1e+00, 1e+05]
  Objective range  [1e+00, 2e+00]
  Bounds range     [1e+00, 1e+00]
  RHS range        [1e+00, 1e+05]
Found heuristic solution: objective 29.0000000
Presolve removed 0 rows and 29 columns
Presolve time: 0.00s
Presolved: 87 rows, 58 columns, 612 nonzeros
Variable types: 0 continuous, 58 integer (58 binary)

Root relaxation: objective 6.000000e+00, 41 iterations, 0.00 seconds (0.00 work units)

    Nodes    |    Current Node    |     Objective Bounds      |     Work
 Expl Unexpl |  Obj  Depth IntInf | Incumbent    BestBd   Gap | It/Node Time

     0     0    6.00000    0   17   29.00000    6.00000  79.3%     -    0s
H    0     0                       9.0000000    6.00000  33.3%     -    0s
H    0     0                       7.0000000    6.00000  14.3%     -    0s

Cutting planes:
  Gomory: 1
  Zero half: 1

Explored 1 nodes (50 simplex iterations) in 0.01 seconds (0.00 work units)
Thread count was 4 (of 4 available processors)

Solution count 3: 7 9 29 

Optimal solution found (tolerance 1.00e-04)
Best objective 7.000000000000e+00, best bound 7.000000000000e+00, gap 0.0000%

Gurobi 11.0.3 (win64, Java) logging started Tue Mar 18 22:42:58 2025

Set parameter Username
Set parameter LogFile to value "src/main/java/gzhu/yh/logger/ILP_RD12.log"
Academic license - for non-commercial use only - expires 2025-09-02
Gurobi Optimizer version 11.0.3 build v11.0.3rc0 (win64 - Windows 10.0 (19045.2))

CPU model: Intel(R) Core(TM) i5-7300HQ CPU @ 2.50GHz, instruction set [SSE2|AVX|AVX2]
Thread count: 4 physical cores, 4 logical processors, using up to 4 threads

Optimize a model with 90 rows, 90 columns and 666 nonzeros
Model fingerprint: 0x68d1e205
Variable types: 0 continuous, 90 integer (90 binary)
Coefficient statistics:
  Matrix range     [1e+00, 1e+05]
  Objective range  [1e+00, 2e+00]
  Bounds range     [1e+00, 1e+00]
  RHS range        [1e+00, 1e+05]
Found heuristic solution: objective 30.0000000
Presolve removed 0 rows and 30 columns
Presolve time: 0.00s
Presolved: 90 rows, 60 columns, 636 nonzeros
Variable types: 0 continuous, 60 integer (60 binary)

Root relaxation: objective 6.566286e+00, 84 iterations, 0.00 seconds (0.00 work units)

    Nodes    |    Current Node    |     Objective Bounds      |     Work
 Expl Unexpl |  Obj  Depth IntInf | Incumbent    BestBd   Gap | It/Node Time

     0     0    6.56629    0   37   30.00000    6.56629  78.1%     -    0s
H    0     0                      12.0000000    6.56629  45.3%     -    0s
H    0     0                       9.0000000    6.56629  27.0%     -    0s
     0     0    7.07778    0   39    9.00000    7.07778  21.4%     -    0s
     0     0    7.19422    0   33    9.00000    7.19422  20.1%     -    0s
     0     0    8.00000    0   41    9.00000    8.00000  11.1%     -    0s
     0     0    9.00000    0   43    9.00000    9.00000  0.00%     -    0s

Cutting planes:
  Gomory: 2
  MIR: 1
  Zero half: 5

Explored 1 nodes (121 simplex iterations) in 0.04 seconds (0.01 work units)
Thread count was 4 (of 4 available processors)

Solution count 3: 9 12 30 

Optimal solution found (tolerance 1.00e-04)
Best objective 9.000000000000e+00, best bound 9.000000000000e+00, gap 0.0000%

Gurobi 11.0.3 (win64, Java) logging started Tue Mar 18 22:42:58 2025

Set parameter Username
Set parameter LogFile to value "src/main/java/gzhu/yh/logger/ILP_RD12.log"
Academic license - for non-commercial use only - expires 2025-09-02
Gurobi Optimizer version 11.0.3 build v11.0.3rc0 (win64 - Windows 10.0 (19045.2))

CPU model: Intel(R) Core(TM) i5-7300HQ CPU @ 2.50GHz, instruction set [SSE2|AVX|AVX2]
Thread count: 4 physical cores, 4 logical processors, using up to 4 threads

Optimize a model with 93 rows, 93 columns and 711 nonzeros
Model fingerprint: 0x6a0c3b78
Variable types: 0 continuous, 93 integer (93 binary)
Coefficient statistics:
  Matrix range     [1e+00, 1e+05]
  Objective range  [1e+00, 2e+00]
  Bounds range     [1e+00, 1e+00]
  RHS range        [1e+00, 1e+05]
Found heuristic solution: objective 31.0000000
Presolve removed 0 rows and 31 columns
Presolve time: 0.00s
Presolved: 93 rows, 62 columns, 680 nonzeros
Variable types: 0 continuous, 62 integer (62 binary)

Root relaxation: objective 7.282443e+00, 96 iterations, 0.00 seconds (0.00 work units)

    Nodes    |    Current Node    |     Objective Bounds      |     Work
 Expl Unexpl |  Obj  Depth IntInf | Incumbent    BestBd   Gap | It/Node Time

     0     0    7.28244    0   35   31.00000    7.28244  76.5%     -    0s
H    0     0                      13.0000000    7.28244  44.0%     -    0s
H    0     0                      12.0000000    7.28244  39.3%     -    0s
H    0     0                      11.0000000    7.28244  33.8%     -    0s
     0     0    7.62736    0   35   11.00000    7.62736  30.7%     -    0s
     0     0    7.64732    0   32   11.00000    7.64732  30.5%     -    0s
     0     0    8.02139    0   40   11.00000    8.02139  27.1%     -    0s
H    0     0                      10.0000000    8.02139  19.8%     -    0s
     0     0    8.05000    0   42   10.00000    8.05000  19.5%     -    0s
H    0     0                       9.0000000    8.05000  10.6%     -    0s

Cutting planes:
  Gomory: 1
  MIR: 3
  Zero half: 7

Explored 1 nodes (167 simplex iterations) in 0.06 seconds (0.01 work units)
Thread count was 4 (of 4 available processors)

Solution count 6: 9 10 11 ... 31

Optimal solution found (tolerance 1.00e-04)
Best objective 9.000000000000e+00, best bound 9.000000000000e+00, gap 0.0000%

Gurobi 11.0.3 (win64, Java) logging started Tue Mar 18 22:42:58 2025

Set parameter Username
Set parameter LogFile to value "src/main/java/gzhu/yh/logger/ILP_RD12.log"
Academic license - for non-commercial use only - expires 2025-09-02
Gurobi Optimizer version 11.0.3 build v11.0.3rc0 (win64 - Windows 10.0 (19045.2))

CPU model: Intel(R) Core(TM) i5-7300HQ CPU @ 2.50GHz, instruction set [SSE2|AVX|AVX2]
Thread count: 4 physical cores, 4 logical processors, using up to 4 threads

Optimize a model with 96 rows, 96 columns and 712 nonzeros
Model fingerprint: 0xfdef5a7b
Variable types: 0 continuous, 96 integer (96 binary)
Coefficient statistics:
  Matrix range     [1e+00, 1e+05]
  Objective range  [1e+00, 2e+00]
  Bounds range     [1e+00, 1e+00]
  RHS range        [1e+00, 1e+05]
Found heuristic solution: objective 32.0000000
Presolve removed 0 rows and 32 columns
Presolve time: 0.00s
Presolved: 96 rows, 64 columns, 680 nonzeros
Variable types: 0 continuous, 64 integer (64 binary)

Root relaxation: objective 7.238965e+00, 80 iterations, 0.00 seconds (0.00 work units)

    Nodes    |    Current Node    |     Objective Bounds      |     Work
 Expl Unexpl |  Obj  Depth IntInf | Incumbent    BestBd   Gap | It/Node Time

     0     0    7.23896    0   44   32.00000    7.23896  77.4%     -    0s
H    0     0                      15.0000000    7.23896  51.7%     -    0s
H    0     0                      13.0000000    7.23896  44.3%     -    0s
H    0     0                      12.0000000    7.23896  39.7%     -    0s
H    0     0                       9.0000000    7.68783  14.6%     -    0s
     0     0    9.00000    0   38    9.00000    9.00000  0.00%     -    0s

Cutting planes:
  Gomory: 1
  Zero half: 3

Explored 1 nodes (98 simplex iterations) in 0.02 seconds (0.00 work units)
Thread count was 4 (of 4 available processors)

Solution count 5: 9 12 13 ... 32

Optimal solution found (tolerance 1.00e-04)
Best objective 9.000000000000e+00, best bound 9.000000000000e+00, gap 0.0000%

Gurobi 11.0.3 (win64, Java) logging started Tue Mar 18 22:42:58 2025

Set parameter Username
Set parameter LogFile to value "src/main/java/gzhu/yh/logger/ILP_RD12.log"
Academic license - for non-commercial use only - expires 2025-09-02
Gurobi Optimizer version 11.0.3 build v11.0.3rc0 (win64 - Windows 10.0 (19045.2))

CPU model: Intel(R) Core(TM) i5-7300HQ CPU @ 2.50GHz, instruction set [SSE2|AVX|AVX2]
Thread count: 4 physical cores, 4 logical processors, using up to 4 threads

Optimize a model with 99 rows, 99 columns and 793 nonzeros
Model fingerprint: 0x74a77825
Variable types: 0 continuous, 99 integer (99 binary)
Coefficient statistics:
  Matrix range     [1e+00, 1e+05]
  Objective range  [1e+00, 2e+00]
  Bounds range     [1e+00, 1e+00]
  RHS range        [1e+00, 1e+05]
Found heuristic solution: objective 33.0000000
Presolve removed 0 rows and 33 columns
Presolve time: 0.00s
Presolved: 99 rows, 66 columns, 760 nonzeros
Variable types: 0 continuous, 66 integer (66 binary)

Root relaxation: objective 6.269565e+00, 78 iterations, 0.00 seconds (0.00 work units)

    Nodes    |    Current Node    |     Objective Bounds      |     Work
 Expl Unexpl |  Obj  Depth IntInf | Incumbent    BestBd   Gap | It/Node Time

     0     0    6.26957    0   37   33.00000    6.26957  81.0%     -    0s
H    0     0                      13.0000000    6.26957  51.8%     -    0s
H    0     0                      12.0000000    6.26957  47.8%     -    0s
H    0     0                      11.0000000    6.26957  43.0%     -    0s
     0     0    6.84615    0   40   11.00000    6.84615  37.8%     -    0s
H    0     0                       9.0000000    6.84615  23.9%     -    0s
     0     0    7.12500    0   38    9.00000    7.12500  20.8%     -    0s
     0     0    7.54545    0   42    9.00000    7.54545  16.2%     -    0s
     0     0    7.60526    0   43    9.00000    7.60526  15.5%     -    0s
     0     0    7.71429    0   43    9.00000    7.71429  14.3%     -    0s
     0     0    7.81818    0   43    9.00000    7.81818  13.1%     -    0s
     0     0    7.88889    0   43    9.00000    7.88889  12.3%     -    0s
     0     0    9.00000    0   43    9.00000    9.00000  0.00%     -    0s

Cutting planes:
  Gomory: 4
  Zero half: 7

Explored 1 nodes (161 simplex iterations) in 0.04 seconds (0.01 work units)
Thread count was 4 (of 4 available processors)

Solution count 5: 9 11 12 ... 33

Optimal solution found (tolerance 1.00e-04)
Best objective 9.000000000000e+00, best bound 9.000000000000e+00, gap 0.0000%

Gurobi 11.0.3 (win64, Java) logging started Tue Mar 18 22:42:58 2025

Set parameter Username
Set parameter LogFile to value "src/main/java/gzhu/yh/logger/ILP_RD12.log"
Academic license - for non-commercial use only - expires 2025-09-02
Gurobi Optimizer version 11.0.3 build v11.0.3rc0 (win64 - Windows 10.0 (19045.2))

CPU model: Intel(R) Core(TM) i5-7300HQ CPU @ 2.50GHz, instruction set [SSE2|AVX|AVX2]
Thread count: 4 physical cores, 4 logical processors, using up to 4 threads

Optimize a model with 102 rows, 102 columns and 874 nonzeros
Model fingerprint: 0xa448aee4
Variable types: 0 continuous, 102 integer (102 binary)
Coefficient statistics:
  Matrix range     [1e+00, 1e+05]
  Objective range  [1e+00, 2e+00]
  Bounds range     [1e+00, 1e+00]
  RHS range        [1e+00, 1e+05]
Found heuristic solution: objective 34.0000000
Presolve removed 0 rows and 34 columns
Presolve time: 0.00s
Presolved: 102 rows, 68 columns, 840 nonzeros
Variable types: 0 continuous, 68 integer (68 binary)

Root relaxation: objective 6.050000e+00, 94 iterations, 0.00 seconds (0.00 work units)

    Nodes    |    Current Node    |     Objective Bounds      |     Work
 Expl Unexpl |  Obj  Depth IntInf | Incumbent    BestBd   Gap | It/Node Time

     0     0    6.05000    0   13   34.00000    6.05000  82.2%     -    0s
H    0     0                      11.0000000    6.05000  45.0%     -    0s
     0     0    6.58696    0   36   11.00000    6.58696  40.1%     -    0s
H    0     0                      10.0000000    6.58696  34.1%     -    0s
     0     0    6.93173    0   36   10.00000    6.93173  30.7%     -    0s
     0     0    7.12338    0   38   10.00000    7.12338  28.8%     -    0s
     0     0    7.19697    0   39   10.00000    7.19697  28.0%     -    0s
     0     0    7.19697    0   40   10.00000    7.19697  28.0%     -    0s
     0     0    7.22500    0   40   10.00000    7.22500  27.8%     -    0s
H    0     0                       9.0000000    7.22500  19.7%     -    0s
H    0     0                       8.0000000    7.22500  9.69%     -    0s

Cutting planes:
  Gomory: 4
  MIR: 3
  Zero half: 6

Explored 1 nodes (162 simplex iterations) in 0.06 seconds (0.01 work units)
Thread count was 4 (of 4 available processors)

Solution count 5: 8 9 10 ... 34

Optimal solution found (tolerance 1.00e-04)
Best objective 8.000000000000e+00, best bound 8.000000000000e+00, gap 0.0000%

Gurobi 11.0.3 (win64, Java) logging started Tue Mar 18 22:42:58 2025

Set parameter Username
Set parameter LogFile to value "src/main/java/gzhu/yh/logger/ILP_RD12.log"
Academic license - for non-commercial use only - expires 2025-09-02
Gurobi Optimizer version 11.0.3 build v11.0.3rc0 (win64 - Windows 10.0 (19045.2))

CPU model: Intel(R) Core(TM) i5-7300HQ CPU @ 2.50GHz, instruction set [SSE2|AVX|AVX2]
Thread count: 4 physical cores, 4 logical processors, using up to 4 threads

Optimize a model with 105 rows, 105 columns and 859 nonzeros
Model fingerprint: 0xe5a01f23
Variable types: 0 continuous, 105 integer (105 binary)
Coefficient statistics:
  Matrix range     [1e+00, 1e+05]
  Objective range  [1e+00, 2e+00]
  Bounds range     [1e+00, 1e+00]
  RHS range        [1e+00, 1e+05]
Found heuristic solution: objective 35.0000000
Presolve removed 0 rows and 35 columns
Presolve time: 0.00s
Presolved: 105 rows, 70 columns, 824 nonzeros
Variable types: 0 continuous, 70 integer (70 binary)

Root relaxation: objective 7.449664e+00, 107 iterations, 0.00 seconds (0.00 work units)

    Nodes    |    Current Node    |     Objective Bounds      |     Work
 Expl Unexpl |  Obj  Depth IntInf | Incumbent    BestBd   Gap | It/Node Time

     0     0    7.44966    0   35   35.00000    7.44966  78.7%     -    0s
H    0     0                      14.0000000    7.44966  46.8%     -    0s
H    0     0                      11.0000000    7.44966  32.3%     -    0s
H    0     0                       8.0000000    7.64516  4.44%     -    0s
     0     0    8.00000    0   31    8.00000    8.00000  0.00%     -    0s

Cutting planes:
  Gomory: 1
  Zero half: 3

Explored 1 nodes (123 simplex iterations) in 0.04 seconds (0.00 work units)
Thread count was 4 (of 4 available processors)

Solution count 4: 8 11 14 35 

Optimal solution found (tolerance 1.00e-04)
Best objective 8.000000000000e+00, best bound 8.000000000000e+00, gap 0.0000%

Gurobi 11.0.3 (win64, Java) logging started Tue Mar 18 22:42:58 2025

Set parameter Username
Set parameter LogFile to value "src/main/java/gzhu/yh/logger/ILP_RD12.log"
Academic license - for non-commercial use only - expires 2025-09-02
Gurobi Optimizer version 11.0.3 build v11.0.3rc0 (win64 - Windows 10.0 (19045.2))

CPU model: Intel(R) Core(TM) i5-7300HQ CPU @ 2.50GHz, instruction set [SSE2|AVX|AVX2]
Thread count: 4 physical cores, 4 logical processors, using up to 4 threads

Optimize a model with 108 rows, 108 columns and 888 nonzeros
Model fingerprint: 0x23ae5846
Variable types: 0 continuous, 108 integer (108 binary)
Coefficient statistics:
  Matrix range     [1e+00, 1e+05]
  Objective range  [1e+00, 2e+00]
  Bounds range     [1e+00, 1e+00]
  RHS range        [1e+00, 1e+05]
Found heuristic solution: objective 36.0000000
Presolve removed 0 rows and 36 columns
Presolve time: 0.00s
Presolved: 108 rows, 72 columns, 852 nonzeros
Variable types: 0 continuous, 72 integer (72 binary)

Root relaxation: objective 6.645403e+00, 105 iterations, 0.00 seconds (0.00 work units)

    Nodes    |    Current Node    |     Objective Bounds      |     Work
 Expl Unexpl |  Obj  Depth IntInf | Incumbent    BestBd   Gap | It/Node Time

     0     0    6.64540    0   36   36.00000    6.64540  81.5%     -    0s
H    0     0                      18.0000000    6.64540  63.1%     -    0s
H    0     0                      15.0000000    6.64540  55.7%     -    0s
H    0     0                       9.0000000    6.64540  26.2%     -    0s
     0     0    6.99517    0   40    9.00000    6.99517  22.3%     -    0s
     0     0    7.15000    0   40    9.00000    7.15000  20.6%     -    0s
     0     0    7.70147    0   44    9.00000    7.70147  14.4%     -    0s
     0     0    7.97160    0   48    9.00000    7.97160  11.4%     -    0s

Cutting planes:
  MIR: 2
  Zero half: 14

Explored 1 nodes (164 simplex iterations) in 0.05 seconds (0.02 work units)
Thread count was 4 (of 4 available processors)

Solution count 4: 9 15 18 36 

Optimal solution found (tolerance 1.00e-04)
Best objective 9.000000000000e+00, best bound 9.000000000000e+00, gap 0.0000%

Gurobi 11.0.3 (win64, Java) logging started Tue Mar 18 22:42:58 2025

Set parameter Username
Set parameter LogFile to value "src/main/java/gzhu/yh/logger/ILP_RD12.log"
Academic license - for non-commercial use only - expires 2025-09-02
Gurobi Optimizer version 11.0.3 build v11.0.3rc0 (win64 - Windows 10.0 (19045.2))

CPU model: Intel(R) Core(TM) i5-7300HQ CPU @ 2.50GHz, instruction set [SSE2|AVX|AVX2]
Thread count: 4 physical cores, 4 logical processors, using up to 4 threads

Optimize a model with 111 rows, 111 columns and 949 nonzeros
Model fingerprint: 0x5e8e6d92
Variable types: 0 continuous, 111 integer (111 binary)
Coefficient statistics:
  Matrix range     [1e+00, 1e+05]
  Objective range  [1e+00, 2e+00]
  Bounds range     [1e+00, 1e+00]
  RHS range        [1e+00, 1e+05]
Found heuristic solution: objective 37.0000000
Presolve removed 0 rows and 37 columns
Presolve time: 0.00s
Presolved: 111 rows, 74 columns, 912 nonzeros
Variable types: 0 continuous, 74 integer (74 binary)

Root relaxation: objective 6.282486e+00, 94 iterations, 0.00 seconds (0.00 work units)

    Nodes    |    Current Node    |     Objective Bounds      |     Work
 Expl Unexpl |  Obj  Depth IntInf | Incumbent    BestBd   Gap | It/Node Time

     0     0    6.28249    0   34   37.00000    6.28249  83.0%     -    0s
H    0     0                      16.0000000    6.28249  60.7%     -    0s
H    0     0                      14.0000000    6.28249  55.1%     -    0s
H    0     0                      13.0000000    6.28249  51.7%     -    0s
H    0     0                      11.0000000    6.28249  42.9%     -    0s
     0     0    7.00000    0   37   11.00000    7.00000  36.4%     -    0s
     0     0    7.04167    0   35   11.00000    7.04167  36.0%     -    0s
H    0     0                       9.0000000    7.53986  16.2%     -    0s
     0     0    7.54750    0   40    9.00000    7.54750  16.1%     -    0s
     0     0    7.57074    0   40    9.00000    7.57074  15.9%     -    0s
     0     0    7.73682    0   40    9.00000    7.73682  14.0%     -    0s
     0     0    7.84823    0   43    9.00000    7.84823  12.8%     -    0s
     0     0    7.98995    0   43    9.00000    7.98995  11.2%     -    0s
     0     0    9.00000    0   36    9.00000    9.00000  0.00%     -    0s

Cutting planes:
  Gomory: 2
  Zero half: 10

Explored 1 nodes (192 simplex iterations) in 0.07 seconds (0.01 work units)
Thread count was 4 (of 4 available processors)

Solution count 6: 9 11 13 ... 37

Optimal solution found (tolerance 1.00e-04)
Best objective 9.000000000000e+00, best bound 9.000000000000e+00, gap 0.0000%

Gurobi 11.0.3 (win64, Java) logging started Tue Mar 18 22:42:58 2025

Set parameter Username
Set parameter LogFile to value "src/main/java/gzhu/yh/logger/ILP_RD12.log"
Academic license - for non-commercial use only - expires 2025-09-02
Gurobi Optimizer version 11.0.3 build v11.0.3rc0 (win64 - Windows 10.0 (19045.2))

CPU model: Intel(R) Core(TM) i5-7300HQ CPU @ 2.50GHz, instruction set [SSE2|AVX|AVX2]
Thread count: 4 physical cores, 4 logical processors, using up to 4 threads

Optimize a model with 114 rows, 114 columns and 1078 nonzeros
Model fingerprint: 0x5a9e340f
Variable types: 0 continuous, 114 integer (114 binary)
Coefficient statistics:
  Matrix range     [1e+00, 1e+05]
  Objective range  [1e+00, 2e+00]
  Bounds range     [1e+00, 1e+00]
  RHS range        [1e+00, 1e+05]
Found heuristic solution: objective 38.0000000
Presolve removed 0 rows and 38 columns
Presolve time: 0.00s
Presolved: 114 rows, 76 columns, 1040 nonzeros
Variable types: 0 continuous, 76 integer (76 binary)

Root relaxation: objective 6.317192e+00, 118 iterations, 0.00 seconds (0.00 work units)

    Nodes    |    Current Node    |     Objective Bounds      |     Work
 Expl Unexpl |  Obj  Depth IntInf | Incumbent    BestBd   Gap | It/Node Time

     0     0    6.31719    0   42   38.00000    6.31719  83.4%     -    0s
H    0     0                      18.0000000    6.31719  64.9%     -    0s
H    0     0                      17.0000000    6.31719  62.8%     -    0s
H    0     0                      14.0000000    6.31719  54.9%     -    0s
H    0     0                      12.0000000    6.31719  47.4%     -    0s
H    0     0                      11.0000000    6.50000  40.9%     -    0s
     0     0    6.81069    0   38   11.00000    6.81069  38.1%     -    0s
     0     0    7.17518    0   38   11.00000    7.17518  34.8%     -    0s
H    0     0                      10.0000000    7.17518  28.2%     -    0s
H    0     0                       9.0000000    7.24540  19.5%     -    0s
     0     0    7.37266    0   44    9.00000    7.37266  18.1%     -    0s
     0     0    7.43992    0   42    9.00000    7.43992  17.3%     -    0s

Cutting planes:
  Gomory: 1
  MIR: 1
  Zero half: 12

Explored 1 nodes (170 simplex iterations) in 0.06 seconds (0.02 work units)
Thread count was 4 (of 4 available processors)

Solution count 8: 9 10 11 ... 38

Optimal solution found (tolerance 1.00e-04)
Best objective 9.000000000000e+00, best bound 9.000000000000e+00, gap 0.0000%

Gurobi 11.0.3 (win64, Java) logging started Tue Mar 18 22:42:58 2025

Set parameter Username
Set parameter LogFile to value "src/main/java/gzhu/yh/logger/ILP_RD12.log"
Academic license - for non-commercial use only - expires 2025-09-02
Gurobi Optimizer version 11.0.3 build v11.0.3rc0 (win64 - Windows 10.0 (19045.2))

CPU model: Intel(R) Core(TM) i5-7300HQ CPU @ 2.50GHz, instruction set [SSE2|AVX|AVX2]
Thread count: 4 physical cores, 4 logical processors, using up to 4 threads

Optimize a model with 117 rows, 117 columns and 1039 nonzeros
Model fingerprint: 0x1edb3c3a
Variable types: 0 continuous, 117 integer (117 binary)
Coefficient statistics:
  Matrix range     [1e+00, 1e+05]
  Objective range  [1e+00, 2e+00]
  Bounds range     [1e+00, 1e+00]
  RHS range        [1e+00, 1e+05]
Found heuristic solution: objective 39.0000000
Presolve removed 0 rows and 39 columns
Presolve time: 0.00s
Presolved: 117 rows, 78 columns, 1000 nonzeros
Variable types: 0 continuous, 78 integer (78 binary)

Root relaxation: objective 6.865267e+00, 118 iterations, 0.00 seconds (0.00 work units)

    Nodes    |    Current Node    |     Objective Bounds      |     Work
 Expl Unexpl |  Obj  Depth IntInf | Incumbent    BestBd   Gap | It/Node Time

     0     0    6.86527    0   40   39.00000    6.86527  82.4%     -    0s
H    0     0                      19.0000000    6.86527  63.9%     -    0s
H    0     0                      14.0000000    6.86527  51.0%     -    0s
H    0     0                      13.0000000    6.86527  47.2%     -    0s
H    0     0                      11.0000000    6.86527  37.6%     -    0s
     0     0    7.60938    0   44   11.00000    7.60938  30.8%     -    0s
     0     0    7.62424    0   40   11.00000    7.62424  30.7%     -    0s
H    0     0                      10.0000000    7.86273  21.4%     -    0s
     0     0    7.86273    0   44   10.00000    7.86273  21.4%     -    0s
     0     0    7.89793    0   43   10.00000    7.89793  21.0%     -    0s
     0     0    8.22783    0   56   10.00000    8.22783  17.7%     -    0s
     0     0    8.22783    0   56   10.00000    8.22783  17.7%     -    0s
     0     2    8.22783    0   56   10.00000    8.22783  17.7%     -    0s
H    4     8                       9.0000000    8.22783  8.58%  19.5    0s

Cutting planes:
  Gomory: 1
  MIR: 1
  Zero half: 8

Explored 7 nodes (440 simplex iterations) in 0.08 seconds (0.03 work units)
Thread count was 4 (of 4 available processors)

Solution count 7: 9 10 11 ... 39

Optimal solution found (tolerance 1.00e-04)
Best objective 9.000000000000e+00, best bound 9.000000000000e+00, gap 0.0000%

Gurobi 11.0.3 (win64, Java) logging started Tue Mar 18 22:42:59 2025

Set parameter Username
Set parameter LogFile to value "src/main/java/gzhu/yh/logger/ILP_RD12.log"
Academic license - for non-commercial use only - expires 2025-09-02
Gurobi Optimizer version 11.0.3 build v11.0.3rc0 (win64 - Windows 10.0 (19045.2))

CPU model: Intel(R) Core(TM) i5-7300HQ CPU @ 2.50GHz, instruction set [SSE2|AVX|AVX2]
Thread count: 4 physical cores, 4 logical processors, using up to 4 threads

Optimize a model with 120 rows, 120 columns and 1184 nonzeros
Model fingerprint: 0x457ace65
Variable types: 0 continuous, 120 integer (120 binary)
Coefficient statistics:
  Matrix range     [1e+00, 1e+05]
  Objective range  [1e+00, 2e+00]
  Bounds range     [1e+00, 1e+00]
  RHS range        [1e+00, 1e+05]
Found heuristic solution: objective 40.0000000
Presolve removed 0 rows and 40 columns
Presolve time: 0.00s
Presolved: 120 rows, 80 columns, 1144 nonzeros
Variable types: 0 continuous, 80 integer (80 binary)

Root relaxation: objective 6.256918e+00, 109 iterations, 0.00 seconds (0.00 work units)

    Nodes    |    Current Node    |     Objective Bounds      |     Work
 Expl Unexpl |  Obj  Depth IntInf | Incumbent    BestBd   Gap | It/Node Time

     0     0    6.25692    0   44   40.00000    6.25692  84.4%     -    0s
H    0     0                      17.0000000    6.25692  63.2%     -    0s
H    0     0                      14.0000000    6.25692  55.3%     -    0s
H    0     0                      12.0000000    6.25692  47.9%     -    0s
     0     0    6.90644    0   48   12.00000    6.90644  42.4%     -    0s
     0     0    7.08694    0   46   12.00000    7.08694  40.9%     -    0s
     0     0    7.22258    0   54   12.00000    7.22258  39.8%     -    0s
H    0     0                       9.0000000    7.22258  19.7%     -    0s
     0     0    7.23130    0   52    9.00000    7.23130  19.7%     -    0s
     0     0    7.53627    0   54    9.00000    7.53627  16.3%     -    0s
     0     0    7.53627    0   54    9.00000    7.53627  16.3%     -    0s
     0     2    7.53627    0   54    9.00000    7.53627  16.3%     -    0s

Cutting planes:
  Gomory: 1
  MIR: 3
  Zero half: 7

Explored 29 nodes (737 simplex iterations) in 0.10 seconds (0.04 work units)
Thread count was 4 (of 4 available processors)

Solution count 5: 9 12 14 ... 40

Optimal solution found (tolerance 1.00e-04)
Best objective 9.000000000000e+00, best bound 9.000000000000e+00, gap 0.0000%

Gurobi 11.0.3 (win64, Java) logging started Tue Mar 18 22:42:59 2025

Set parameter Username
Set parameter LogFile to value "src/main/java/gzhu/yh/logger/ILP_RD12.log"
Academic license - for non-commercial use only - expires 2025-09-02
Gurobi Optimizer version 11.0.3 build v11.0.3rc0 (win64 - Windows 10.0 (19045.2))

CPU model: Intel(R) Core(TM) i5-7300HQ CPU @ 2.50GHz, instruction set [SSE2|AVX|AVX2]
Thread count: 4 physical cores, 4 logical processors, using up to 4 threads

Optimize a model with 123 rows, 123 columns and 1161 nonzeros
Model fingerprint: 0xd0a6b153
Variable types: 0 continuous, 123 integer (123 binary)
Coefficient statistics:
  Matrix range     [1e+00, 1e+05]
  Objective range  [1e+00, 2e+00]
  Bounds range     [1e+00, 1e+00]
  RHS range        [1e+00, 1e+05]
Found heuristic solution: objective 41.0000000
Presolve removed 0 rows and 41 columns
Presolve time: 0.00s
Presolved: 123 rows, 82 columns, 1120 nonzeros
Variable types: 0 continuous, 82 integer (82 binary)

Root relaxation: objective 6.605590e+00, 126 iterations, 0.00 seconds (0.00 work units)

    Nodes    |    Current Node    |     Objective Bounds      |     Work
 Expl Unexpl |  Obj  Depth IntInf | Incumbent    BestBd   Gap | It/Node Time

     0     0    6.60559    0   36   41.00000    6.60559  83.9%     -    0s
H    0     0                      16.0000000    6.60559  58.7%     -    0s
H    0     0                      15.0000000    6.60559  56.0%     -    0s
H    0     0                      13.0000000    7.10440  45.4%     -    0s
H    0     0                      11.0000000    7.10440  35.4%     -    0s
     0     0    7.13939    0   44   11.00000    7.13939  35.1%     -    0s
     0     0    7.20741    0   40   11.00000    7.20741  34.5%     -    0s
H    0     0                      10.0000000    7.20741  27.9%     -    0s
     0     0    7.70260    0   42   10.00000    7.70260  23.0%     -    0s
     0     0    7.94757    0   46   10.00000    7.94757  20.5%     -    0s
     0     0    8.31030    0   41   10.00000    8.31030  16.9%     -    0s
     0     0    8.31030    0   41   10.00000    8.31030  16.9%     -    0s
     0     2    8.31030    0   41   10.00000    8.31030  16.9%     -    0s

Cutting planes:
  Gomory: 1
  MIR: 3
  Zero half: 5

Explored 70 nodes (1473 simplex iterations) in 0.19 seconds (0.05 work units)
Thread count was 4 (of 4 available processors)

Solution count 6: 10 11 13 ... 41

Optimal solution found (tolerance 1.00e-04)
Best objective 1.000000000000e+01, best bound 1.000000000000e+01, gap 0.0000%

Gurobi 11.0.3 (win64, Java) logging started Tue Mar 18 22:42:59 2025

Set parameter Username
Set parameter LogFile to value "src/main/java/gzhu/yh/logger/ILP_RD12.log"
Academic license - for non-commercial use only - expires 2025-09-02
Gurobi Optimizer version 11.0.3 build v11.0.3rc0 (win64 - Windows 10.0 (19045.2))

CPU model: Intel(R) Core(TM) i5-7300HQ CPU @ 2.50GHz, instruction set [SSE2|AVX|AVX2]
Thread count: 4 physical cores, 4 logical processors, using up to 4 threads

Optimize a model with 126 rows, 126 columns and 1290 nonzeros
Model fingerprint: 0x6e9e76cb
Variable types: 0 continuous, 126 integer (126 binary)
Coefficient statistics:
  Matrix range     [1e+00, 1e+05]
  Objective range  [1e+00, 2e+00]
  Bounds range     [1e+00, 1e+00]
  RHS range        [1e+00, 1e+05]
Found heuristic solution: objective 42.0000000
Presolve removed 0 rows and 42 columns
Presolve time: 0.00s
Presolved: 126 rows, 84 columns, 1248 nonzeros
Variable types: 0 continuous, 84 integer (84 binary)

Root relaxation: objective 6.224898e+00, 122 iterations, 0.00 seconds (0.00 work units)

    Nodes    |    Current Node    |     Objective Bounds      |     Work
 Expl Unexpl |  Obj  Depth IntInf | Incumbent    BestBd   Gap | It/Node Time

     0     0    6.22490    0   52   42.00000    6.22490  85.2%     -    0s
H    0     0                      12.0000000    6.22490  48.1%     -    0s
     0     0    6.55323    0   42   12.00000    6.55323  45.4%     -    0s
     0     0    6.60964    0   40   12.00000    6.60964  44.9%     -    0s
H    0     0                      11.0000000    6.60964  39.9%     -    0s
     0     0    6.97118    0   50   11.00000    6.97118  36.6%     -    0s
     0     0    6.97240    0   48   11.00000    6.97240  36.6%     -    0s
H    0     0                      10.0000000    6.97240  30.3%     -    0s
     0     0    7.62496    0   50   10.00000    7.62496  23.8%     -    0s
     0     0    7.64315    0   50   10.00000    7.64315  23.6%     -    0s
     0     2    7.64315    0   50   10.00000    7.64315  23.6%     -    0s
*  204     0               8       9.0000000    8.80000  2.22%  16.0    0s

Cutting planes:
  Gomory: 2
  MIR: 1
  Zero half: 5

Explored 209 nodes (3530 simplex iterations) in 0.21 seconds (0.08 work units)
Thread count was 4 (of 4 available processors)

Solution count 5: 9 10 11 ... 42

Optimal solution found (tolerance 1.00e-04)
Best objective 9.000000000000e+00, best bound 9.000000000000e+00, gap 0.0000%

Gurobi 11.0.3 (win64, Java) logging started Tue Mar 18 22:42:59 2025

Set parameter Username
Set parameter LogFile to value "src/main/java/gzhu/yh/logger/ILP_RD12.log"
Academic license - for non-commercial use only - expires 2025-09-02
Gurobi Optimizer version 11.0.3 build v11.0.3rc0 (win64 - Windows 10.0 (19045.2))

CPU model: Intel(R) Core(TM) i5-7300HQ CPU @ 2.50GHz, instruction set [SSE2|AVX|AVX2]
Thread count: 4 physical cores, 4 logical processors, using up to 4 threads

Optimize a model with 129 rows, 129 columns and 1287 nonzeros
Model fingerprint: 0x9214cd38
Variable types: 0 continuous, 129 integer (129 binary)
Coefficient statistics:
  Matrix range     [1e+00, 1e+05]
  Objective range  [1e+00, 2e+00]
  Bounds range     [1e+00, 1e+00]
  RHS range        [1e+00, 1e+05]
Found heuristic solution: objective 43.0000000
Presolve removed 0 rows and 43 columns
Presolve time: 0.00s
Presolved: 129 rows, 86 columns, 1244 nonzeros
Variable types: 0 continuous, 86 integer (86 binary)

Root relaxation: objective 6.561431e+00, 129 iterations, 0.00 seconds (0.00 work units)

    Nodes    |    Current Node    |     Objective Bounds      |     Work
 Expl Unexpl |  Obj  Depth IntInf | Incumbent    BestBd   Gap | It/Node Time

     0     0    6.56143    0   50   43.00000    6.56143  84.7%     -    0s
H    0     0                      20.0000000    6.56143  67.2%     -    0s
H    0     0                      17.0000000    6.56143  61.4%     -    0s
H    0     0                      14.0000000    7.11481  49.2%     -    0s
     0     0    7.40244    0   48   14.00000    7.40244  47.1%     -    0s
H    0     0                      12.0000000    7.40244  38.3%     -    0s
     0     0    7.51724    0   44   12.00000    7.51724  37.4%     -    0s
H    0     0                       8.0000000    7.52017  6.00%     -    0s
     0     0    8.00000    0   44    8.00000    8.00000  0.00%     -    0s

Cutting planes:
  Gomory: 1
  Zero half: 6

Explored 1 nodes (200 simplex iterations) in 0.05 seconds (0.01 work units)
Thread count was 4 (of 4 available processors)

Solution count 6: 8 12 14 ... 43

Optimal solution found (tolerance 1.00e-04)
Best objective 8.000000000000e+00, best bound 8.000000000000e+00, gap 0.0000%

Gurobi 11.0.3 (win64, Java) logging started Tue Mar 18 22:42:59 2025

Set parameter Username
Set parameter LogFile to value "src/main/java/gzhu/yh/logger/ILP_RD12.log"
Academic license - for non-commercial use only - expires 2025-09-02
Gurobi Optimizer version 11.0.3 build v11.0.3rc0 (win64 - Windows 10.0 (19045.2))

CPU model: Intel(R) Core(TM) i5-7300HQ CPU @ 2.50GHz, instruction set [SSE2|AVX|AVX2]
Thread count: 4 physical cores, 4 logical processors, using up to 4 threads

Optimize a model with 132 rows, 132 columns and 1332 nonzeros
Model fingerprint: 0x98602a5b
Variable types: 0 continuous, 132 integer (132 binary)
Coefficient statistics:
  Matrix range     [1e+00, 1e+05]
  Objective range  [1e+00, 2e+00]
  Bounds range     [1e+00, 1e+00]
  RHS range        [1e+00, 1e+05]
Found heuristic solution: objective 44.0000000
Presolve removed 0 rows and 44 columns
Presolve time: 0.00s
Presolved: 132 rows, 88 columns, 1288 nonzeros
Variable types: 0 continuous, 88 integer (88 binary)

Root relaxation: objective 6.651468e+00, 122 iterations, 0.00 seconds (0.00 work units)

    Nodes    |    Current Node    |     Objective Bounds      |     Work
 Expl Unexpl |  Obj  Depth IntInf | Incumbent    BestBd   Gap | It/Node Time

     0     0    6.65147    0   44   44.00000    6.65147  84.9%     -    0s
H    0     0                      11.0000000    6.65147  39.5%     -    0s
     0     0    7.06520    0   44   11.00000    7.06520  35.8%     -    0s
     0     0    7.26725    0   44   11.00000    7.26725  33.9%     -    0s
     0     0    7.69524    0   46   11.00000    7.69524  30.0%     -    0s
     0     0    7.78723    0   46   11.00000    7.78723  29.2%     -    0s
     0     0    7.83368    0   46   11.00000    7.83368  28.8%     -    0s
     0     0    7.83381    0   46   11.00000    7.83381  28.8%     -    0s
     0     0    7.83381    0   44   11.00000    7.83381  28.8%     -    0s
     0     0    7.83381    0   44   11.00000    7.83381  28.8%     -    0s
H    0     0                      10.0000000    8.19196  18.1%     -    0s
     0     0    8.19236    0   52   10.00000    8.19236  18.1%     -    0s
     0     0    8.19236    0   52   10.00000    8.19236  18.1%     -    0s
     0     2    8.19236    0   52   10.00000    8.19236  18.1%     -    0s

Cutting planes:
  Gomory: 5
  Zero half: 7

Explored 76 nodes (1646 simplex iterations) in 0.16 seconds (0.07 work units)
Thread count was 4 (of 4 available processors)

Solution count 3: 10 11 44 

Optimal solution found (tolerance 1.00e-04)
Best objective 1.000000000000e+01, best bound 1.000000000000e+01, gap 0.0000%

Gurobi 11.0.3 (win64, Java) logging started Tue Mar 18 22:42:59 2025

Set parameter Username
Set parameter LogFile to value "src/main/java/gzhu/yh/logger/ILP_RD12.log"
Academic license - for non-commercial use only - expires 2025-09-02
Gurobi Optimizer version 11.0.3 build v11.0.3rc0 (win64 - Windows 10.0 (19045.2))

CPU model: Intel(R) Core(TM) i5-7300HQ CPU @ 2.50GHz, instruction set [SSE2|AVX|AVX2]
Thread count: 4 physical cores, 4 logical processors, using up to 4 threads

Optimize a model with 135 rows, 135 columns and 1297 nonzeros
Model fingerprint: 0x943dfe9b
Variable types: 0 continuous, 135 integer (135 binary)
Coefficient statistics:
  Matrix range     [1e+00, 1e+05]
  Objective range  [1e+00, 2e+00]
  Bounds range     [1e+00, 1e+00]
  RHS range        [1e+00, 1e+05]
Found heuristic solution: objective 45.0000000
Presolve removed 0 rows and 45 columns
Presolve time: 0.00s
Presolved: 135 rows, 90 columns, 1252 nonzeros
Variable types: 0 continuous, 90 integer (90 binary)

Root relaxation: objective 7.574300e+00, 145 iterations, 0.00 seconds (0.00 work units)

    Nodes    |    Current Node    |     Objective Bounds      |     Work
 Expl Unexpl |  Obj  Depth IntInf | Incumbent    BestBd   Gap | It/Node Time

     0     0    7.57430    0   51   45.00000    7.57430  83.2%     -    0s
H    0     0                      23.0000000    7.57430  67.1%     -    0s
H    0     0                      20.0000000    7.57430  62.1%     -    0s
H    0     0                      18.0000000    7.57430  57.9%     -    0s
H    0     0                      17.0000000    7.57430  55.4%     -    0s
H    0     0                      15.0000000    8.08708  46.1%     -    0s
H    0     0                      14.0000000    8.08708  42.2%     -    0s
     0     0    8.29057    0   51   14.00000    8.29057  40.8%     -    0s
H    0     0                      13.0000000    8.51459  34.5%     -    0s
     0     0    8.51459    0   47   13.00000    8.51459  34.5%     -    0s
     0     0    8.61598    0   49   13.00000    8.61598  33.7%     -    0s
     0     0    8.72010    0   43   13.00000    8.72010  32.9%     -    0s
H    0     0                      12.0000000    8.93035  25.6%     -    0s
     0     0    8.97449    0   55   12.00000    8.97449  25.2%     -    0s
     0     0    8.97449    0   55   12.00000    8.97449  25.2%     -    0s
     0     2    8.97449    0   55   12.00000    8.97449  25.2%     -    0s
H    4     8                      11.0000000    8.97449  18.4%  28.0    0s

Cutting planes:
  Gomory: 2
  MIR: 2
  Zero half: 5

Explored 95 nodes (1918 simplex iterations) in 0.16 seconds (0.06 work units)
Thread count was 4 (of 4 available processors)

Solution count 10: 11 12 13 ... 45

Optimal solution found (tolerance 1.00e-04)
Best objective 1.100000000000e+01, best bound 1.100000000000e+01, gap 0.0000%

Gurobi 11.0.3 (win64, Java) logging started Tue Mar 18 22:43:00 2025

Set parameter Username
Set parameter LogFile to value "src/main/java/gzhu/yh/logger/ILP_RD12.log"
Academic license - for non-commercial use only - expires 2025-09-02
Gurobi Optimizer version 11.0.3 build v11.0.3rc0 (win64 - Windows 10.0 (19045.2))

CPU model: Intel(R) Core(TM) i5-7300HQ CPU @ 2.50GHz, instruction set [SSE2|AVX|AVX2]
Thread count: 4 physical cores, 4 logical processors, using up to 4 threads

Optimize a model with 138 rows, 138 columns and 1394 nonzeros
Model fingerprint: 0x4e917119
Variable types: 0 continuous, 138 integer (138 binary)
Coefficient statistics:
  Matrix range     [1e+00, 1e+05]
  Objective range  [1e+00, 2e+00]
  Bounds range     [1e+00, 1e+00]
  RHS range        [1e+00, 1e+05]
Found heuristic solution: objective 46.0000000
Presolve removed 0 rows and 46 columns
Presolve time: 0.00s
Presolved: 138 rows, 92 columns, 1348 nonzeros
Variable types: 0 continuous, 92 integer (92 binary)

Root relaxation: objective 7.098174e+00, 119 iterations, 0.00 seconds (0.00 work units)

    Nodes    |    Current Node    |     Objective Bounds      |     Work
 Expl Unexpl |  Obj  Depth IntInf | Incumbent    BestBd   Gap | It/Node Time

     0     0    7.09817    0   48   46.00000    7.09817  84.6%     -    0s
H    0     0                      22.0000000    7.09817  67.7%     -    0s
H    0     0                      15.0000000    7.09817  52.7%     -    0s
H    0     0                      11.0000000    7.09817  35.5%     -    0s
     0     0    7.34175    0   52   11.00000    7.34175  33.3%     -    0s
     0     0    7.47746    0   46   11.00000    7.47746  32.0%     -    0s
     0     0    8.00138    0   52   11.00000    8.00138  27.3%     -    0s
     0     0    8.03643    0   52   11.00000    8.03643  26.9%     -    0s
     0     0    8.33315    0   58   11.00000    8.33315  24.2%     -    0s
     0     0    8.33395    0   58   11.00000    8.33395  24.2%     -    0s
H    0     0                      10.0000000    8.33395  16.7%     -    0s
     0     2    8.33395    0   58   10.00000    8.33395  16.7%     -    0s

Cutting planes:
  Gomory: 1
  MIR: 2
  Zero half: 8

Explored 74 nodes (1541 simplex iterations) in 0.11 seconds (0.07 work units)
Thread count was 4 (of 4 available processors)

Solution count 5: 10 11 15 ... 46

Optimal solution found (tolerance 1.00e-04)
Best objective 1.000000000000e+01, best bound 1.000000000000e+01, gap 0.0000%

Gurobi 11.0.3 (win64, Java) logging started Tue Mar 18 22:43:00 2025

Set parameter Username
Set parameter LogFile to value "src/main/java/gzhu/yh/logger/ILP_RD12.log"
Academic license - for non-commercial use only - expires 2025-09-02
Gurobi Optimizer version 11.0.3 build v11.0.3rc0 (win64 - Windows 10.0 (19045.2))

CPU model: Intel(R) Core(TM) i5-7300HQ CPU @ 2.50GHz, instruction set [SSE2|AVX|AVX2]
Thread count: 4 physical cores, 4 logical processors, using up to 4 threads

Optimize a model with 141 rows, 141 columns and 1519 nonzeros
Model fingerprint: 0x9739d94b
Variable types: 0 continuous, 141 integer (141 binary)
Coefficient statistics:
  Matrix range     [1e+00, 1e+05]
  Objective range  [1e+00, 2e+00]
  Bounds range     [1e+00, 1e+00]
  RHS range        [1e+00, 1e+05]
Found heuristic solution: objective 47.0000000
Presolve removed 0 rows and 47 columns
Presolve time: 0.00s
Presolved: 141 rows, 94 columns, 1472 nonzeros
Variable types: 0 continuous, 94 integer (94 binary)

Root relaxation: objective 6.482390e+00, 140 iterations, 0.01 seconds (0.00 work units)

    Nodes    |    Current Node    |     Objective Bounds      |     Work
 Expl Unexpl |  Obj  Depth IntInf | Incumbent    BestBd   Gap | It/Node Time

     0     0    6.48239    0   44   47.00000    6.48239  86.2%     -    0s
H    0     0                      15.0000000    6.48239  56.8%     -    0s
     0     0    6.98583    0   40   15.00000    6.98583  53.4%     -    0s
     0     0    7.02614    0   42   15.00000    7.02614  53.2%     -    0s
     0     0    7.56835    0   44   15.00000    7.56835  49.5%     -    0s
     0     0    7.63659    0   44   15.00000    7.63659  49.1%     -    0s
H    0     0                      13.0000000    7.81601  39.9%     -    0s
H    0     0                      11.0000000    7.84824  28.7%     -    0s
     0     0    7.84824    0   48   11.00000    7.84824  28.7%     -    0s
     0     0    7.84824    0   48   11.00000    7.84824  28.7%     -    0s
     0     2    7.84824    0   48   11.00000    7.84824  28.7%     -    0s
H    6     8                      10.0000000    7.84824  21.5%  31.5    0s

Cutting planes:
  Gomory: 1
  MIR: 2
  Zero half: 8

Explored 101 nodes (2320 simplex iterations) in 0.13 seconds (0.07 work units)
Thread count was 4 (of 4 available processors)

Solution count 5: 10 11 13 ... 47

Optimal solution found (tolerance 1.00e-04)
Best objective 1.000000000000e+01, best bound 1.000000000000e+01, gap 0.0000%

Gurobi 11.0.3 (win64, Java) logging started Tue Mar 18 22:43:00 2025

Set parameter Username
Set parameter LogFile to value "src/main/java/gzhu/yh/logger/ILP_RD12.log"
Academic license - for non-commercial use only - expires 2025-09-02
Gurobi Optimizer version 11.0.3 build v11.0.3rc0 (win64 - Windows 10.0 (19045.2))

CPU model: Intel(R) Core(TM) i5-7300HQ CPU @ 2.50GHz, instruction set [SSE2|AVX|AVX2]
Thread count: 4 physical cores, 4 logical processors, using up to 4 threads

Optimize a model with 144 rows, 144 columns and 1716 nonzeros
Model fingerprint: 0xbea78987
Variable types: 0 continuous, 144 integer (144 binary)
Coefficient statistics:
  Matrix range     [1e+00, 1e+05]
  Objective range  [1e+00, 2e+00]
  Bounds range     [1e+00, 1e+00]
  RHS range        [1e+00, 1e+05]
Found heuristic solution: objective 48.0000000
Presolve removed 0 rows and 48 columns
Presolve time: 0.00s
Presolved: 144 rows, 96 columns, 1668 nonzeros
Variable types: 0 continuous, 96 integer (96 binary)

Root relaxation: objective 6.045755e+00, 190 iterations, 0.00 seconds (0.00 work units)

    Nodes    |    Current Node    |     Objective Bounds      |     Work
 Expl Unexpl |  Obj  Depth IntInf | Incumbent    BestBd   Gap | It/Node Time

     0     0    6.04576    0   56   48.00000    6.04576  87.4%     -    0s
H    0     0                      17.0000000    6.04576  64.4%     -    0s
H    0     0                      14.0000000    6.04576  56.8%     -    0s
     0     0    6.40888    0   44   14.00000    6.40888  54.2%     -    0s
H    0     0                      13.0000000    6.40888  50.7%     -    0s
H    0     0                      10.0000000    6.40888  35.9%     -    0s
     0     0    6.40888    0   50   10.00000    6.40888  35.9%     -    0s
     0     0    7.02926    0   50   10.00000    7.02926  29.7%     -    0s
     0     0    7.17728    0   48   10.00000    7.17728  28.2%     -    0s
     0     0    7.51037    0   58   10.00000    7.51037  24.9%     -    0s
     0     0    7.51411    0   58   10.00000    7.51411  24.9%     -    0s
     0     2    7.51411    0   58   10.00000    7.51411  24.9%     -    0s

Cutting planes:
  Gomory: 3
  MIR: 3
  Zero half: 5

Explored 292 nodes (5847 simplex iterations) in 0.28 seconds (0.13 work units)
Thread count was 4 (of 4 available processors)

Solution count 5: 10 13 14 ... 48

Optimal solution found (tolerance 1.00e-04)
Best objective 1.000000000000e+01, best bound 1.000000000000e+01, gap 0.0000%

Gurobi 11.0.3 (win64, Java) logging started Tue Mar 18 22:43:00 2025

Set parameter Username
Set parameter LogFile to value "src/main/java/gzhu/yh/logger/ILP_RD12.log"
Academic license - for non-commercial use only - expires 2025-09-02
Gurobi Optimizer version 11.0.3 build v11.0.3rc0 (win64 - Windows 10.0 (19045.2))

CPU model: Intel(R) Core(TM) i5-7300HQ CPU @ 2.50GHz, instruction set [SSE2|AVX|AVX2]
Thread count: 4 physical cores, 4 logical processors, using up to 4 threads

Optimize a model with 147 rows, 147 columns and 1693 nonzeros
Model fingerprint: 0x71c796ef
Variable types: 0 continuous, 147 integer (147 binary)
Coefficient statistics:
  Matrix range     [1e+00, 1e+05]
  Objective range  [1e+00, 2e+00]
  Bounds range     [1e+00, 1e+00]
  RHS range        [1e+00, 1e+05]
Found heuristic solution: objective 49.0000000
Presolve removed 0 rows and 49 columns
Presolve time: 0.00s
Presolved: 147 rows, 98 columns, 1644 nonzeros
Variable types: 0 continuous, 98 integer (98 binary)

Root relaxation: objective 6.418549e+00, 112 iterations, 0.00 seconds (0.00 work units)

    Nodes    |    Current Node    |     Objective Bounds      |     Work
 Expl Unexpl |  Obj  Depth IntInf | Incumbent    BestBd   Gap | It/Node Time

     0     0    6.41855    0   48   49.00000    6.41855  86.9%     -    0s
H    0     0                      17.0000000    6.41855  62.2%     -    0s
     0     0    6.78079    0   38   17.00000    6.78079  60.1%     -    0s
H    0     0                      13.0000000    6.78079  47.8%     -    0s
     0     0    6.89149    0   48   13.00000    6.89149  47.0%     -    0s
H    0     0                      10.0000000    7.04027  29.6%     -    0s
     0     0    7.23856    0   38   10.00000    7.23856  27.6%     -    0s
     0     0    7.37272    0   40   10.00000    7.37272  26.3%     -    0s
     0     0    7.73603    0   45   10.00000    7.73603  22.6%     -    0s
     0     0    7.73603    0   45   10.00000    7.73603  22.6%     -    0s
     0     2    7.73603    0   45   10.00000    7.73603  22.6%     -    0s

Cutting planes:
  Gomory: 1
  MIR: 1
  Zero half: 5

Explored 136 nodes (3045 simplex iterations) in 0.13 seconds (0.08 work units)
Thread count was 4 (of 4 available processors)

Solution count 4: 10 13 17 49 

Optimal solution found (tolerance 1.00e-04)
Best objective 1.000000000000e+01, best bound 1.000000000000e+01, gap 0.0000%

Gurobi 11.0.3 (win64, Java) logging started Tue Mar 18 22:43:00 2025

Set parameter Username
Set parameter LogFile to value "src/main/java/gzhu/yh/logger/ILP_RD12.log"
Academic license - for non-commercial use only - expires 2025-09-02
Gurobi Optimizer version 11.0.3 build v11.0.3rc0 (win64 - Windows 10.0 (19045.2))

CPU model: Intel(R) Core(TM) i5-7300HQ CPU @ 2.50GHz, instruction set [SSE2|AVX|AVX2]
Thread count: 4 physical cores, 4 logical processors, using up to 4 threads

Optimize a model with 150 rows, 150 columns and 1718 nonzeros
Model fingerprint: 0xe8fe972c
Variable types: 0 continuous, 150 integer (150 binary)
Coefficient statistics:
  Matrix range     [1e+00, 1e+05]
  Objective range  [1e+00, 2e+00]
  Bounds range     [1e+00, 1e+00]
  RHS range        [1e+00, 1e+05]
Found heuristic solution: objective 50.0000000
Presolve removed 0 rows and 50 columns
Presolve time: 0.00s
Presolved: 150 rows, 100 columns, 1668 nonzeros
Variable types: 0 continuous, 100 integer (100 binary)

Root relaxation: objective 6.451045e+00, 161 iterations, 0.00 seconds (0.00 work units)

    Nodes    |    Current Node    |     Objective Bounds      |     Work
 Expl Unexpl |  Obj  Depth IntInf | Incumbent    BestBd   Gap | It/Node Time

     0     0    6.45105    0   50   50.00000    6.45105  87.1%     -    0s
H    0     0                      17.0000000    6.45105  62.1%     -    0s
     0     0    7.13386    0   50   17.00000    7.13386  58.0%     -    0s
H    0     0                      16.0000000    7.13386  55.4%     -    0s
     0     0    7.13386    0   54   16.00000    7.13386  55.4%     -    0s
H    0     0                      15.0000000    7.43771  50.4%     -    0s
     0     0    7.43771    0   52   15.00000    7.43771  50.4%     -    0s
H    0     0                      14.0000000    7.43771  46.9%     -    0s
     0     0    7.57553    0   54   14.00000    7.57553  45.9%     -    0s
H    0     0                      11.0000000    7.57553  31.1%     -    0s
     0     0    8.03467    0   56   11.00000    8.03467  27.0%     -    0s
     0     0    8.03467    0   56   11.00000    8.03467  27.0%     -    0s
     0     2    8.03467    0   56   11.00000    8.03467  27.0%     -    0s

Cutting planes:
  Gomory: 2
  MIR: 2
  Zero half: 6

Explored 455 nodes (8894 simplex iterations) in 0.27 seconds (0.17 work units)
Thread count was 4 (of 4 available processors)

Solution count 6: 11 14 15 ... 50

Optimal solution found (tolerance 1.00e-04)
Best objective 1.100000000000e+01, best bound 1.100000000000e+01, gap 0.0000%

Gurobi 11.0.3 (win64, Java) logging started Tue Mar 18 22:43:01 2025

Set parameter Username
Set parameter LogFile to value "src/main/java/gzhu/yh/logger/ILP_RD12.log"
Academic license - for non-commercial use only - expires 2025-09-02
Gurobi Optimizer version 11.0.3 build v11.0.3rc0 (win64 - Windows 10.0 (19045.2))

CPU model: Intel(R) Core(TM) i5-7300HQ CPU @ 2.50GHz, instruction set [SSE2|AVX|AVX2]
Thread count: 4 physical cores, 4 logical processors, using up to 4 threads

Optimize a model with 153 rows, 153 columns and 1843 nonzeros
Model fingerprint: 0x66758834
Variable types: 0 continuous, 153 integer (153 binary)
Coefficient statistics:
  Matrix range     [1e+00, 1e+05]
  Objective range  [1e+00, 2e+00]
  Bounds range     [1e+00, 1e+00]
  RHS range        [1e+00, 1e+05]
Found heuristic solution: objective 51.0000000
Presolve removed 0 rows and 51 columns
Presolve time: 0.00s
Presolved: 153 rows, 102 columns, 1792 nonzeros
Variable types: 0 continuous, 102 integer (102 binary)

Root relaxation: objective 6.563980e+00, 174 iterations, 0.01 seconds (0.00 work units)

    Nodes    |    Current Node    |     Objective Bounds      |     Work
 Expl Unexpl |  Obj  Depth IntInf | Incumbent    BestBd   Gap | It/Node Time

     0     0    6.56398    0   56   51.00000    6.56398  87.1%     -    0s
H    0     0                      17.0000000    6.56398  61.4%     -    0s
     0     0    6.87180    0   52   17.00000    6.87180  59.6%     -    0s
     0     0    6.87180    0   46   17.00000    6.87180  59.6%     -    0s
H    0     0                      15.0000000    7.02038  53.2%     -    0s
     0     0    7.20555    0   52   15.00000    7.20555  52.0%     -    0s
     0     0    7.32950    0   58   15.00000    7.32950  51.1%     -    0s
     0     0    7.71787    0   56   15.00000    7.71787  48.5%     -    0s
     0     0    7.71787    0   56   15.00000    7.71787  48.5%     -    0s
     0     2    7.71787    0   56   15.00000    7.71787  48.5%     -    0s
H   42    48                      14.0000000    7.71787  44.9%  24.5    0s
H   56    56                      12.0000000    7.71787  35.7%  22.6    0s
*  132    91               9      11.0000000    7.71787  29.8%  19.8    0s

Cutting planes:
  Gomory: 5
  MIR: 4
  Zero half: 25

Explored 863 nodes (15624 simplex iterations) in 0.44 seconds (0.27 work units)
Thread count was 4 (of 4 available processors)

Solution count 6: 11 12 14 ... 51

Optimal solution found (tolerance 1.00e-04)
Best objective 1.100000000000e+01, best bound 1.100000000000e+01, gap 0.0000%

Gurobi 11.0.3 (win64, Java) logging started Tue Mar 18 22:43:01 2025

Set parameter Username
Set parameter LogFile to value "src/main/java/gzhu/yh/logger/ILP_RD12.log"
Academic license - for non-commercial use only - expires 2025-09-02
Gurobi Optimizer version 11.0.3 build v11.0.3rc0 (win64 - Windows 10.0 (19045.2))

CPU model: Intel(R) Core(TM) i5-7300HQ CPU @ 2.50GHz, instruction set [SSE2|AVX|AVX2]
Thread count: 4 physical cores, 4 logical processors, using up to 4 threads

Optimize a model with 156 rows, 156 columns and 1852 nonzeros
Model fingerprint: 0xff514391
Variable types: 0 continuous, 156 integer (156 binary)
Coefficient statistics:
  Matrix range     [1e+00, 1e+05]
  Objective range  [1e+00, 2e+00]
  Bounds range     [1e+00, 1e+00]
  RHS range        [1e+00, 1e+05]
Found heuristic solution: objective 52.0000000
Presolve removed 0 rows and 52 columns
Presolve time: 0.00s
Presolved: 156 rows, 104 columns, 1800 nonzeros
Variable types: 0 continuous, 104 integer (104 binary)

Root relaxation: objective 6.841518e+00, 187 iterations, 0.00 seconds (0.00 work units)

    Nodes    |    Current Node    |     Objective Bounds      |     Work
 Expl Unexpl |  Obj  Depth IntInf | Incumbent    BestBd   Gap | It/Node Time

     0     0    6.84152    0   48   52.00000    6.84152  86.8%     -    0s
H    0     0                      20.0000000    6.84152  65.8%     -    0s
H    0     0                      18.0000000    6.84152  62.0%     -    0s
     0     0    7.06007    0   54   18.00000    7.06007  60.8%     -    0s
H    0     0                      15.0000000    7.06007  52.9%     -    0s
     0     0    7.06007    0   50   15.00000    7.06007  52.9%     -    0s
     0     0    7.12500    0   54   15.00000    7.12500  52.5%     -    0s
H    0     0                      12.0000000    7.12956  40.6%     -    0s
     0     0    7.12956    0   58   12.00000    7.12956  40.6%     -    0s
     0     0    8.13369    0   60   12.00000    8.13369  32.2%     -    0s
     0     0    8.14539    0   68   12.00000    8.14539  32.1%     -    0s
     0     0    8.15263    0   64   12.00000    8.15263  32.1%     -    0s
     0     0    8.15528    0   66   12.00000    8.15528  32.0%     -    0s
     0     0    8.18263    0   62   12.00000    8.18263  31.8%     -    0s
     0     0    8.18770    0   64   12.00000    8.18770  31.8%     -    0s
     0     0    8.18770    0   58   12.00000    8.18770  31.8%     -    0s
     0     0    8.23870    0   56   12.00000    8.23870  31.3%     -    0s
     0     0    8.47551    0   64   12.00000    8.47551  29.4%     -    0s
     0     0    8.47551    0   64   12.00000    8.47551  29.4%     -    0s
     0     2    8.47551    0   64   12.00000    8.47551  29.4%     -    0s
H   27    26                      11.0000000    8.47551  22.9%  29.4    0s
H   88    43                      10.0000000    8.47551  15.2%  22.6    0s

Cutting planes:
  Gomory: 7
  Zero half: 20

Explored 168 nodes (3429 simplex iterations) in 0.19 seconds (0.13 work units)
Thread count was 4 (of 4 available processors)

Solution count 7: 10 11 12 ... 52

Optimal solution found (tolerance 1.00e-04)
Best objective 1.000000000000e+01, best bound 1.000000000000e+01, gap 0.0000%

Gurobi 11.0.3 (win64, Java) logging started Tue Mar 18 22:43:01 2025

Set parameter Username
Set parameter LogFile to value "src/main/java/gzhu/yh/logger/ILP_RD12.log"
Academic license - for non-commercial use only - expires 2025-09-02
Gurobi Optimizer version 11.0.3 build v11.0.3rc0 (win64 - Windows 10.0 (19045.2))

CPU model: Intel(R) Core(TM) i5-7300HQ CPU @ 2.50GHz, instruction set [SSE2|AVX|AVX2]
Thread count: 4 physical cores, 4 logical processors, using up to 4 threads

Optimize a model with 159 rows, 159 columns and 1945 nonzeros
Model fingerprint: 0x5c6489d0
Variable types: 0 continuous, 159 integer (159 binary)
Coefficient statistics:
  Matrix range     [1e+00, 1e+05]
  Objective range  [1e+00, 2e+00]
  Bounds range     [1e+00, 1e+00]
  RHS range        [1e+00, 1e+05]
Found heuristic solution: objective 53.0000000
Presolve removed 0 rows and 53 columns
Presolve time: 0.00s
Presolved: 159 rows, 106 columns, 1892 nonzeros
Variable types: 0 continuous, 106 integer (106 binary)

Root relaxation: objective 6.419475e+00, 179 iterations, 0.01 seconds (0.00 work units)

    Nodes    |    Current Node    |     Objective Bounds      |     Work
 Expl Unexpl |  Obj  Depth IntInf | Incumbent    BestBd   Gap | It/Node Time

     0     0    6.41948    0   52   53.00000    6.41948  87.9%     -    0s
H    0     0                      19.0000000    6.41948  66.2%     -    0s
     0     0    6.96094    0   54   19.00000    6.96094  63.4%     -    0s
H    0     0                      17.0000000    6.96094  59.1%     -    0s
H    0     0                      14.0000000    6.97505  50.2%     -    0s
     0     0    6.97505    0   52   14.00000    6.97505  50.2%     -    0s
     0     0    7.11594    0   52   14.00000    7.11594  49.2%     -    0s
     0     0    7.11594    0   50   14.00000    7.11594  49.2%     -    0s
     0     0    7.29293    0   54   14.00000    7.29293  47.9%     -    0s
     0     0    7.29293    0   54   14.00000    7.29293  47.9%     -    0s
     0     2    7.29293    0   54   14.00000    7.29293  47.9%     -    0s
H   35    36                      13.0000000    7.32243  43.7%  32.3    0s
*  192    94               7      12.0000000    7.78474  35.1%  21.5    0s
H  742   236                      10.0000000    8.69502  13.0%  19.6    0s

Cutting planes:
  Gomory: 15
  MIR: 2
  Zero half: 28

Explored 907 nodes (15091 simplex iterations) in 0.59 seconds (0.27 work units)
Thread count was 4 (of 4 available processors)

Solution count 7: 10 12 13 ... 53

Optimal solution found (tolerance 1.00e-04)
Best objective 1.000000000000e+01, best bound 1.000000000000e+01, gap 0.0000%

Gurobi 11.0.3 (win64, Java) logging started Tue Mar 18 22:43:02 2025

Set parameter Username
Set parameter LogFile to value "src/main/java/gzhu/yh/logger/ILP_RD12.log"
Academic license - for non-commercial use only - expires 2025-09-02
Gurobi Optimizer version 11.0.3 build v11.0.3rc0 (win64 - Windows 10.0 (19045.2))

CPU model: Intel(R) Core(TM) i5-7300HQ CPU @ 2.50GHz, instruction set [SSE2|AVX|AVX2]
Thread count: 4 physical cores, 4 logical processors, using up to 4 threads

Optimize a model with 162 rows, 162 columns and 1998 nonzeros
Model fingerprint: 0x89647cf8
Variable types: 0 continuous, 162 integer (162 binary)
Coefficient statistics:
  Matrix range     [1e+00, 1e+05]
  Objective range  [1e+00, 2e+00]
  Bounds range     [1e+00, 1e+00]
  RHS range        [1e+00, 1e+05]
Found heuristic solution: objective 54.0000000
Presolve removed 0 rows and 54 columns
Presolve time: 0.00s
Presolved: 162 rows, 108 columns, 1944 nonzeros
Variable types: 0 continuous, 108 integer (108 binary)

Root relaxation: objective 6.366803e+00, 178 iterations, 0.00 seconds (0.00 work units)

    Nodes    |    Current Node    |     Objective Bounds      |     Work
 Expl Unexpl |  Obj  Depth IntInf | Incumbent    BestBd   Gap | It/Node Time

     0     0    6.36680    0   56   54.00000    6.36680  88.2%     -    0s
H    0     0                      23.0000000    6.36680  72.3%     -    0s
H    0     0                      20.0000000    6.36680  68.2%     -    0s
H    0     0                      19.0000000    6.58044  65.4%     -    0s
     0     0    6.68682    0   56   19.00000    6.68682  64.8%     -    0s
H    0     0                      15.0000000    6.68682  55.4%     -    0s
     0     0    6.75148    0   60   15.00000    6.75148  55.0%     -    0s
     0     0    6.82725    0   64   15.00000    6.82725  54.5%     -    0s
H    0     0                      12.0000000    6.82725  43.1%     -    0s
     0     0    7.02551    0   64   12.00000    7.02551  41.5%     -    0s
     0     0    7.86335    0   64   12.00000    7.86335  34.5%     -    0s
     0     0    7.86335    0   64   12.00000    7.86335  34.5%     -    0s
     0     2    7.86335    0   64   12.00000    7.86335  34.5%     -    0s
*   43    34               9      11.0000000    7.86335  28.5%  26.8    0s

Cutting planes:
  MIR: 3
  Zero half: 7

Explored 609 nodes (12726 simplex iterations) in 0.47 seconds (0.28 work units)
Thread count was 4 (of 4 available processors)

Solution count 7: 11 12 15 ... 54

Optimal solution found (tolerance 1.00e-04)
Best objective 1.100000000000e+01, best bound 1.100000000000e+01, gap 0.0000%

Gurobi 11.0.3 (win64, Java) logging started Tue Mar 18 22:43:02 2025

Set parameter Username
Set parameter LogFile to value "src/main/java/gzhu/yh/logger/ILP_RD12.log"
Academic license - for non-commercial use only - expires 2025-09-02
Gurobi Optimizer version 11.0.3 build v11.0.3rc0 (win64 - Windows 10.0 (19045.2))

CPU model: Intel(R) Core(TM) i5-7300HQ CPU @ 2.50GHz, instruction set [SSE2|AVX|AVX2]
Thread count: 4 physical cores, 4 logical processors, using up to 4 threads

Optimize a model with 165 rows, 165 columns and 2035 nonzeros
Model fingerprint: 0x574ea028
Variable types: 0 continuous, 165 integer (165 binary)
Coefficient statistics:
  Matrix range     [1e+00, 1e+05]
  Objective range  [1e+00, 2e+00]
  Bounds range     [1e+00, 1e+00]
  RHS range        [1e+00, 1e+05]
Found heuristic solution: objective 55.0000000
Presolve removed 0 rows and 55 columns
Presolve time: 0.00s
Presolved: 165 rows, 110 columns, 1980 nonzeros
Variable types: 0 continuous, 110 integer (110 binary)

Root relaxation: objective 6.614149e+00, 176 iterations, 0.00 seconds (0.00 work units)

    Nodes    |    Current Node    |     Objective Bounds      |     Work
 Expl Unexpl |  Obj  Depth IntInf | Incumbent    BestBd   Gap | It/Node Time

     0     0    6.61415    0   66   55.00000    6.61415  88.0%     -    0s
H    0     0                      21.0000000    6.61415  68.5%     -    0s
H    0     0                      18.0000000    6.95505  61.4%     -    0s
H    0     0                      14.0000000    6.95505  50.3%     -    0s
     0     0    6.95505    0   62   14.00000    6.95505  50.3%     -    0s
     0     0    6.95505    0   60   14.00000    6.95505  50.3%     -    0s
     0     0    6.98860    0   62   14.00000    6.98860  50.1%     -    0s
     0     0    7.26198    0   64   14.00000    7.26198  48.1%     -    0s
     0     0    7.88010    0   64   14.00000    7.88010  43.7%     -    0s
     0     0    7.88010    0   64   14.00000    7.88010  43.7%     -    0s
     0     2    7.88010    0   64   14.00000    7.88010  43.7%     -    0s
H   37    33                      13.0000000    7.88010  39.4%  25.4    0s
H   90    68                      12.0000000    7.88010  34.3%  23.2    0s
* 1000   209              10      11.0000000    9.31335  15.3%  19.6    0s

Cutting planes:
  Gomory: 14
  MIR: 3
  Zero half: 42

Explored 1301 nodes (22774 simplex iterations) in 0.66 seconds (0.35 work units)
Thread count was 4 (of 4 available processors)

Solution count 7: 11 12 13 ... 55

Optimal solution found (tolerance 1.00e-04)
Best objective 1.100000000000e+01, best bound 1.100000000000e+01, gap 0.0000%

Gurobi 11.0.3 (win64, Java) logging started Tue Mar 18 22:43:03 2025

Set parameter Username
Set parameter LogFile to value "src/main/java/gzhu/yh/logger/ILP_RD12.log"
Academic license - for non-commercial use only - expires 2025-09-02
Gurobi Optimizer version 11.0.3 build v11.0.3rc0 (win64 - Windows 10.0 (19045.2))

CPU model: Intel(R) Core(TM) i5-7300HQ CPU @ 2.50GHz, instruction set [SSE2|AVX|AVX2]
Thread count: 4 physical cores, 4 logical processors, using up to 4 threads

Optimize a model with 168 rows, 168 columns and 2128 nonzeros
Model fingerprint: 0x6b4bb11d
Variable types: 0 continuous, 168 integer (168 binary)
Coefficient statistics:
  Matrix range     [1e+00, 1e+05]
  Objective range  [1e+00, 2e+00]
  Bounds range     [1e+00, 1e+00]
  RHS range        [1e+00, 1e+05]
Found heuristic solution: objective 56.0000000
Presolve removed 0 rows and 56 columns
Presolve time: 0.00s
Presolved: 168 rows, 112 columns, 2072 nonzeros
Variable types: 0 continuous, 112 integer (112 binary)

Root relaxation: objective 6.858800e+00, 208 iterations, 0.01 seconds (0.00 work units)

    Nodes    |    Current Node    |     Objective Bounds      |     Work
 Expl Unexpl |  Obj  Depth IntInf | Incumbent    BestBd   Gap | It/Node Time

     0     0    6.85880    0   58   56.00000    6.85880  87.8%     -    0s
H    0     0                      22.0000000    6.85880  68.8%     -    0s
H    0     0                      21.0000000    6.85880  67.3%     -    0s
H    0     0                      19.0000000    6.85880  63.9%     -    0s
     0     0    7.15368    0   62   19.00000    7.15368  62.3%     -    0s
H    0     0                      18.0000000    7.15368  60.3%     -    0s
H    0     0                      15.0000000    7.39408  50.7%     -    0s
     0     0    7.39408    0   58   15.00000    7.39408  50.7%     -    0s
     0     0    7.39408    0   62   15.00000    7.39408  50.7%     -    0s
     0     0    7.39408    0   52   15.00000    7.39408  50.7%     -    0s
     0     0    7.39408    0   58   15.00000    7.39408  50.7%     -    0s
     0     0    7.39408    0   58   15.00000    7.39408  50.7%     -    0s
     0     2    7.39408    0   58   15.00000    7.39408  50.7%     -    0s
*   55    51              11      14.0000000    7.39408  47.2%  27.8    0s
H   75    71                      13.0000000    7.39408  43.1%  26.5    0s
H  206   105                      11.0000000    8.16195  25.8%  22.4    0s

Cutting planes:
  Gomory: 15
  MIR: 2
  Zero half: 21

Explored 586 nodes (11590 simplex iterations) in 0.30 seconds (0.21 work units)
Thread count was 4 (of 4 available processors)

Solution count 9: 11 13 14 ... 56

Optimal solution found (tolerance 1.00e-04)
Best objective 1.100000000000e+01, best bound 1.100000000000e+01, gap 0.0000%

Gurobi 11.0.3 (win64, Java) logging started Tue Mar 18 22:43:03 2025

Set parameter Username
Set parameter LogFile to value "src/main/java/gzhu/yh/logger/ILP_RD12.log"
Academic license - for non-commercial use only - expires 2025-09-02
Gurobi Optimizer version 11.0.3 build v11.0.3rc0 (win64 - Windows 10.0 (19045.2))

CPU model: Intel(R) Core(TM) i5-7300HQ CPU @ 2.50GHz, instruction set [SSE2|AVX|AVX2]
Thread count: 4 physical cores, 4 logical processors, using up to 4 threads

Optimize a model with 171 rows, 171 columns and 2185 nonzeros
Model fingerprint: 0xef2e9732
Variable types: 0 continuous, 171 integer (171 binary)
Coefficient statistics:
  Matrix range     [1e+00, 1e+05]
  Objective range  [1e+00, 2e+00]
  Bounds range     [1e+00, 1e+00]
  RHS range        [1e+00, 1e+05]
Found heuristic solution: objective 57.0000000
Presolve removed 0 rows and 57 columns
Presolve time: 0.00s
Presolved: 171 rows, 114 columns, 2128 nonzeros
Variable types: 0 continuous, 114 integer (114 binary)

Root relaxation: objective 6.639684e+00, 191 iterations, 0.00 seconds (0.00 work units)

    Nodes    |    Current Node    |     Objective Bounds      |     Work
 Expl Unexpl |  Obj  Depth IntInf | Incumbent    BestBd   Gap | It/Node Time

     0     0    6.63968    0   62   57.00000    6.63968  88.4%     -    0s
H    0     0                      21.0000000    6.63968  68.4%     -    0s
H    0     0                      19.0000000    6.63968  65.1%     -    0s
     0     0    6.83824    0   68   19.00000    6.83824  64.0%     -    0s
H    0     0                      14.0000000    6.83824  51.2%     -    0s
     0     0    6.83824    0   62   14.00000    6.83824  51.2%     -    0s
     0     0    6.88996    0   66   14.00000    6.88996  50.8%     -    0s
H    0     0                      13.0000000    6.89202  47.0%     -    0s
     0     0    7.10779    0   70   13.00000    7.10779  45.3%     -    0s
     0     0    8.05127    0   66   13.00000    8.05127  38.1%     -    0s
     0     0    8.05127    0   66   13.00000    8.05127  38.1%     -    0s
     0     2    8.05127    0   66   13.00000    8.05127  38.1%     -    0s

Cutting planes:
  Gomory: 2
  MIR: 2
  Zero half: 3

Explored 16694 nodes (330800 simplex iterations) in 3.41 seconds (3.63 work units)
Thread count was 4 (of 4 available processors)

Solution count 5: 13 14 19 ... 57

Optimal solution found (tolerance 1.00e-04)
Best objective 1.300000000000e+01, best bound 1.300000000000e+01, gap 0.0000%

Gurobi 11.0.3 (win64, Java) logging started Tue Mar 18 22:43:07 2025

Set parameter Username
Set parameter LogFile to value "src/main/java/gzhu/yh/logger/ILP_RD12.log"
Academic license - for non-commercial use only - expires 2025-09-02
Gurobi Optimizer version 11.0.3 build v11.0.3rc0 (win64 - Windows 10.0 (19045.2))

CPU model: Intel(R) Core(TM) i5-7300HQ CPU @ 2.50GHz, instruction set [SSE2|AVX|AVX2]
Thread count: 4 physical cores, 4 logical processors, using up to 4 threads

Optimize a model with 174 rows, 174 columns and 2378 nonzeros
Model fingerprint: 0x9c8a587d
Variable types: 0 continuous, 174 integer (174 binary)
Coefficient statistics:
  Matrix range     [1e+00, 1e+05]
  Objective range  [1e+00, 2e+00]
  Bounds range     [1e+00, 1e+00]
  RHS range        [1e+00, 1e+05]
Found heuristic solution: objective 58.0000000
Presolve removed 0 rows and 58 columns
Presolve time: 0.00s
Presolved: 174 rows, 116 columns, 2320 nonzeros
Variable types: 0 continuous, 116 integer (116 binary)

Root relaxation: objective 6.480010e+00, 196 iterations, 0.00 seconds (0.00 work units)

    Nodes    |    Current Node    |     Objective Bounds      |     Work
 Expl Unexpl |  Obj  Depth IntInf | Incumbent    BestBd   Gap | It/Node Time

     0     0    6.48001    0   60   58.00000    6.48001  88.8%     -    0s
H    0     0                      20.0000000    6.48001  67.6%     -    0s
H    0     0                      19.0000000    6.48001  65.9%     -    0s
     0     0    6.76801    0   64   19.00000    6.76801  64.4%     -    0s
H    0     0                      18.0000000    6.76801  62.4%     -    0s
H    0     0                      15.0000000    6.76801  54.9%     -    0s
     0     0    6.76801    0   58   15.00000    6.76801  54.9%     -    0s
H    0     0                      14.0000000    6.76801  51.7%     -    0s
     0     0    6.76801    0   54   14.00000    6.76801  51.7%     -    0s
     0     0    6.76801    0   58   14.00000    6.76801  51.7%     -    0s
     0     0    7.48628    0   58   14.00000    7.48628  46.5%     -    0s
     0     0    7.48628    0   58   14.00000    7.48628  46.5%     -    0s
     0     2    7.48628    0   58   14.00000    7.48628  46.5%     -    0s
H   97    64                      13.0000000    7.48628  42.4%  22.5    0s
H 1383   276                      11.0000000    8.69549  21.0%  20.3    0s

Cutting planes:
  Gomory: 3
  MIR: 2
  Zero half: 29

Explored 1918 nodes (37096 simplex iterations) in 0.57 seconds (0.59 work units)
Thread count was 4 (of 4 available processors)

Solution count 8: 11 13 14 ... 58

Optimal solution found (tolerance 1.00e-04)
Best objective 1.100000000000e+01, best bound 1.100000000000e+01, gap 0.0000%

Gurobi 11.0.3 (win64, Java) logging started Tue Mar 18 22:43:07 2025

Set parameter Username
Set parameter LogFile to value "src/main/java/gzhu/yh/logger/ILP_RD12.log"
Academic license - for non-commercial use only - expires 2025-09-02
Gurobi Optimizer version 11.0.3 build v11.0.3rc0 (win64 - Windows 10.0 (19045.2))

CPU model: Intel(R) Core(TM) i5-7300HQ CPU @ 2.50GHz, instruction set [SSE2|AVX|AVX2]
Thread count: 4 physical cores, 4 logical processors, using up to 4 threads

Optimize a model with 177 rows, 177 columns and 2319 nonzeros
Model fingerprint: 0xe25a9fd6
Variable types: 0 continuous, 177 integer (177 binary)
Coefficient statistics:
  Matrix range     [1e+00, 1e+05]
  Objective range  [1e+00, 2e+00]
  Bounds range     [1e+00, 1e+00]
  RHS range        [1e+00, 1e+05]
Found heuristic solution: objective 59.0000000
Presolve removed 0 rows and 59 columns
Presolve time: 0.00s
Presolved: 177 rows, 118 columns, 2260 nonzeros
Variable types: 0 continuous, 118 integer (118 binary)

Root relaxation: objective 6.593902e+00, 186 iterations, 0.00 seconds (0.00 work units)

    Nodes    |    Current Node    |     Objective Bounds      |     Work
 Expl Unexpl |  Obj  Depth IntInf | Incumbent    BestBd   Gap | It/Node Time

     0     0    6.59390    0   60   59.00000    6.59390  88.8%     -    0s
H    0     0                      21.0000000    6.59390  68.6%     -    0s
     0     0    6.85764    0   62   21.00000    6.85764  67.3%     -    0s
H    0     0                      17.0000000    6.85764  59.7%     -    0s
     0     0    6.85764    0   62   17.00000    6.85764  59.7%     -    0s
     0     0    7.17842    0   60   17.00000    7.17842  57.8%     -    0s
     0     0    7.29616    0   52   17.00000    7.29616  57.1%     -    0s
     0     0    7.95849    0   60   17.00000    7.95849  53.2%     -    0s
     0     0    7.95849    0   60   17.00000    7.95849  53.2%     -    0s
     0     2    7.95849    0   60   17.00000    7.95849  53.2%     -    0s
*   36    38               8      14.0000000    7.95849  43.2%  34.7    0s
H  137   101                      13.0000000    7.95849  38.8%  22.4    0s
*  194   131              13      12.0000000    7.95849  33.7%  21.6    0s

Cutting planes:
  Gomory: 3
  MIR: 5
  Zero half: 4

Explored 1958 nodes (38331 simplex iterations) in 0.78 seconds (0.67 work units)
Thread count was 4 (of 4 available processors)

Solution count 6: 12 13 14 ... 59

Optimal solution found (tolerance 1.00e-04)
Best objective 1.200000000000e+01, best bound 1.200000000000e+01, gap 0.0000%

Gurobi 11.0.3 (win64, Java) logging started Tue Mar 18 22:43:08 2025

Set parameter Username
Set parameter LogFile to value "src/main/java/gzhu/yh/logger/ILP_RD12.log"
Academic license - for non-commercial use only - expires 2025-09-02
Gurobi Optimizer version 11.0.3 build v11.0.3rc0 (win64 - Windows 10.0 (19045.2))

CPU model: Intel(R) Core(TM) i5-7300HQ CPU @ 2.50GHz, instruction set [SSE2|AVX|AVX2]
Thread count: 4 physical cores, 4 logical processors, using up to 4 threads

Optimize a model with 180 rows, 180 columns and 2276 nonzeros
Model fingerprint: 0xb7428c3c
Variable types: 0 continuous, 180 integer (180 binary)
Coefficient statistics:
  Matrix range     [1e+00, 1e+05]
  Objective range  [1e+00, 2e+00]
  Bounds range     [1e+00, 1e+00]
  RHS range        [1e+00, 1e+05]
Found heuristic solution: objective 60.0000000
Presolve removed 0 rows and 60 columns
Presolve time: 0.00s
Presolved: 180 rows, 120 columns, 2216 nonzeros
Variable types: 0 continuous, 120 integer (120 binary)

Root relaxation: objective 7.600242e+00, 192 iterations, 0.00 seconds (0.00 work units)

    Nodes    |    Current Node    |     Objective Bounds      |     Work
 Expl Unexpl |  Obj  Depth IntInf | Incumbent    BestBd   Gap | It/Node Time

     0     0    7.60024    0   59   60.00000    7.60024  87.3%     -    0s
H    0     0                      25.0000000    7.60024  69.6%     -    0s
H    0     0                      22.0000000    7.60024  65.5%     -    0s
     0     0    7.76374    0   60   22.00000    7.76374  64.7%     -    0s
H    0     0                      20.0000000    7.76374  61.2%     -    0s
H    0     0                      19.0000000    7.76374  59.1%     -    0s
     0     0    7.76374    0   54   19.00000    7.76374  59.1%     -    0s
     0     0    7.80207    0   54   19.00000    7.80207  58.9%     -    0s
     0     0    7.88410    0   56   19.00000    7.88410  58.5%     -    0s
H    0     0                      16.0000000    8.53581  46.7%     -    0s
     0     0    8.58301    0   55   16.00000    8.58301  46.4%     -    0s
H    0     0                      15.0000000    8.61889  42.5%     -    0s
     0     0    8.61889    0   62   15.00000    8.61889  42.5%     -    0s
     0     0    8.97567    0   66   15.00000    8.97567  40.2%     -    0s
     0     0    9.02695    0   66   15.00000    9.02695  39.8%     -    0s
     0     2    9.02695    0   66   15.00000    9.02695  39.8%     -    0s
H  376   153                      14.0000000    9.02695  35.5%  24.1    0s
H 1298   409                      13.0000000    9.79272  24.7%  22.2    0s

Cutting planes:
  Gomory: 2
  Zero half: 12

Explored 3081 nodes (61791 simplex iterations) in 0.76 seconds (0.82 work units)
Thread count was 4 (of 4 available processors)

Solution count 9: 13 14 15 ... 60

Optimal solution found (tolerance 1.00e-04)
Best objective 1.300000000000e+01, best bound 1.300000000000e+01, gap 0.0000%

Gurobi 11.0.3 (win64, Java) logging started Tue Mar 18 22:43:09 2025

Set parameter Username
Set parameter LogFile to value "src/main/java/gzhu/yh/logger/ILP_RD12.log"
Academic license - for non-commercial use only - expires 2025-09-02
Gurobi Optimizer version 11.0.3 build v11.0.3rc0 (win64 - Windows 10.0 (19045.2))

CPU model: Intel(R) Core(TM) i5-7300HQ CPU @ 2.50GHz, instruction set [SSE2|AVX|AVX2]
Thread count: 4 physical cores, 4 logical processors, using up to 4 threads

Optimize a model with 183 rows, 183 columns and 2569 nonzeros
Model fingerprint: 0x36724268
Variable types: 0 continuous, 183 integer (183 binary)
Coefficient statistics:
  Matrix range     [1e+00, 1e+05]
  Objective range  [1e+00, 2e+00]
  Bounds range     [1e+00, 1e+00]
  RHS range        [1e+00, 1e+05]
Found heuristic solution: objective 61.0000000
Presolve removed 0 rows and 61 columns
Presolve time: 0.00s
Presolved: 183 rows, 122 columns, 2508 nonzeros
Variable types: 0 continuous, 122 integer (122 binary)

Root relaxation: objective 6.073000e+00, 190 iterations, 0.00 seconds (0.00 work units)

    Nodes    |    Current Node    |     Objective Bounds      |     Work
 Expl Unexpl |  Obj  Depth IntInf | Incumbent    BestBd   Gap | It/Node Time

     0     0    6.07300    0   52   61.00000    6.07300  90.0%     -    0s
H    0     0                      24.0000000    6.07300  74.7%     -    0s
     0     0    6.69728    0   50   24.00000    6.69728  72.1%     -    0s
H    0     0                      18.0000000    6.69728  62.8%     -    0s
H    0     0                      16.0000000    6.69728  58.1%     -    0s
     0     0    6.69728    0   50   16.00000    6.69728  58.1%     -    0s
H    0     0                      13.0000000    6.69728  48.5%     -    0s
     0     0    6.69728    0   46   13.00000    6.69728  48.5%     -    0s
     0     0    6.69728    0   50   13.00000    6.69728  48.5%     -    0s
     0     0    7.01734    0   56   13.00000    7.01734  46.0%     -    0s
     0     0    7.06615    0   56   13.00000    7.06615  45.6%     -    0s
     0     0    7.06615    0   56   13.00000    7.06615  45.6%     -    0s
     0     0    7.27730    0   44   13.00000    7.27730  44.0%     -    0s
     0     0    7.27730    0   46   13.00000    7.27730  44.0%     -    0s
     0     0    7.31666    0   44   13.00000    7.31666  43.7%     -    0s
     0     0    7.31666    0   44   13.00000    7.31666  43.7%     -    0s
     0     0    7.31666    0   48   13.00000    7.31666  43.7%     -    0s
     0     0    7.37508    0   46   13.00000    7.37508  43.3%     -    0s
     0     0    7.37508    0   48   13.00000    7.37508  43.3%     -    0s
     0     0    7.68136    0   54   13.00000    7.68136  40.9%     -    0s
     0     0    7.68136    0   54   13.00000    7.68136  40.9%     -    0s
H    0     2                      12.0000000    7.68136  36.0%     -    0s
     0     2    7.68136    0   54   12.00000    7.68136  36.0%     -    0s

Cutting planes:
  Gomory: 3
  MIR: 3
  Zero half: 12

Explored 2183 nodes (46171 simplex iterations) in 0.75 seconds (0.78 work units)
Thread count was 4 (of 4 available processors)

Solution count 6: 12 13 16 ... 61

Optimal solution found (tolerance 1.00e-04)
Best objective 1.200000000000e+01, best bound 1.200000000000e+01, gap 0.0000%

Gurobi 11.0.3 (win64, Java) logging started Tue Mar 18 22:43:10 2025

Set parameter Username
Set parameter LogFile to value "src/main/java/gzhu/yh/logger/ILP_RD12.log"
Academic license - for non-commercial use only - expires 2025-09-02
Gurobi Optimizer version 11.0.3 build v11.0.3rc0 (win64 - Windows 10.0 (19045.2))

CPU model: Intel(R) Core(TM) i5-7300HQ CPU @ 2.50GHz, instruction set [SSE2|AVX|AVX2]
Thread count: 4 physical cores, 4 logical processors, using up to 4 threads

Optimize a model with 186 rows, 186 columns and 2674 nonzeros
Model fingerprint: 0xfd493710
Variable types: 0 continuous, 186 integer (186 binary)
Coefficient statistics:
  Matrix range     [1e+00, 1e+05]
  Objective range  [1e+00, 2e+00]
  Bounds range     [1e+00, 1e+00]
  RHS range        [1e+00, 1e+05]
Found heuristic solution: objective 62.0000000
Presolve removed 0 rows and 62 columns
Presolve time: 0.00s
Presolved: 186 rows, 124 columns, 2612 nonzeros
Variable types: 0 continuous, 124 integer (124 binary)

Root relaxation: objective 6.240440e+00, 227 iterations, 0.00 seconds (0.00 work units)

    Nodes    |    Current Node    |     Objective Bounds      |     Work
 Expl Unexpl |  Obj  Depth IntInf | Incumbent    BestBd   Gap | It/Node Time

     0     0    6.24044    0   62   62.00000    6.24044  89.9%     -    0s
H    0     0                      22.0000000    6.24044  71.6%     -    0s
H    0     0                      20.0000000    6.24044  68.8%     -    0s
     0     0    6.37990    0   58   20.00000    6.37990  68.1%     -    0s
H    0     0                      18.0000000    6.43005  64.3%     -    0s
     0     0    6.43005    0   56   18.00000    6.43005  64.3%     -    0s
     0     0    6.49904    0   62   18.00000    6.49904  63.9%     -    0s
H    0     0                      17.0000000    6.49904  61.8%     -    0s
     0     0    6.50084    0   62   17.00000    6.50084  61.8%     -    0s
     0     0    7.36692    0   60   17.00000    7.36692  56.7%     -    0s
     0     0    7.37632    0   66   17.00000    7.37632  56.6%     -    0s
H    0     0                      16.0000000    7.37632  53.9%     -    0s
     0     0    7.81294    0   68   16.00000    7.81294  51.2%     -    0s
     0     0    7.81294    0   68   16.00000    7.81294  51.2%     -    0s
     0     2    7.81294    0   68   16.00000    7.81294  51.2%     -    0s
*   65    56              13      14.0000000    7.81294  44.2%  31.0    0s
H  434   232                      13.0000000    7.81294  39.9%  25.7    0s
H  535   261                      12.0000000    7.90613  34.1%  25.1    0s

Cutting planes:
  Gomory: 1
  MIR: 4
  Inf proof: 1
  Zero half: 9

Explored 3109 nodes (64387 simplex iterations) in 0.83 seconds (0.93 work units)
Thread count was 4 (of 4 available processors)

Solution count 9: 12 13 14 ... 62

Optimal solution found (tolerance 1.00e-04)
Best objective 1.200000000000e+01, best bound 1.200000000000e+01, gap 0.0000%

Gurobi 11.0.3 (win64, Java) logging started Tue Mar 18 22:43:11 2025

Set parameter Username
Set parameter LogFile to value "src/main/java/gzhu/yh/logger/ILP_RD12.log"
Academic license - for non-commercial use only - expires 2025-09-02
Gurobi Optimizer version 11.0.3 build v11.0.3rc0 (win64 - Windows 10.0 (19045.2))

CPU model: Intel(R) Core(TM) i5-7300HQ CPU @ 2.50GHz, instruction set [SSE2|AVX|AVX2]
Thread count: 4 physical cores, 4 logical processors, using up to 4 threads

Optimize a model with 189 rows, 189 columns and 2695 nonzeros
Model fingerprint: 0xeedfd4a1
Variable types: 0 continuous, 189 integer (189 binary)
Coefficient statistics:
  Matrix range     [1e+00, 1e+05]
  Objective range  [1e+00, 2e+00]
  Bounds range     [1e+00, 1e+00]
  RHS range        [1e+00, 1e+05]
Found heuristic solution: objective 63.0000000
Presolve removed 0 rows and 63 columns
Presolve time: 0.00s
Presolved: 189 rows, 126 columns, 2632 nonzeros
Variable types: 0 continuous, 126 integer (126 binary)

Root relaxation: objective 6.365337e+00, 184 iterations, 0.00 seconds (0.00 work units)

    Nodes    |    Current Node    |     Objective Bounds      |     Work
 Expl Unexpl |  Obj  Depth IntInf | Incumbent    BestBd   Gap | It/Node Time

     0     0    6.36534    0   52   63.00000    6.36534  89.9%     -    0s
H    0     0                      19.0000000    6.36534  66.5%     -    0s
H    0     0                      18.0000000    6.36534  64.6%     -    0s
     0     0    6.87189    0   58   18.00000    6.87189  61.8%     -    0s
     0     0    6.90948    0   58   18.00000    6.90948  61.6%     -    0s
H    0     0                      16.0000000    7.16929  55.2%     -    0s
     0     0    7.29174    0   56   16.00000    7.29174  54.4%     -    0s
     0     0    7.52357    0   52   16.00000    7.52357  53.0%     -    0s
H    0     0                      15.0000000    7.52357  49.8%     -    0s
     0     0    7.80002    0   52   15.00000    7.80002  48.0%     -    0s
     0     0    7.80002    0   52   15.00000    7.80002  48.0%     -    0s
     0     2    7.80002    0   52   15.00000    7.80002  48.0%     -    0s
H   35    40                      14.0000000    7.80002  44.3%  33.3    0s
H  283   155                      13.0000000    7.89572  39.3%  25.7    0s
*  413   172              10      12.0000000    8.05504  32.9%  25.5    0s

Cutting planes:
  Gomory: 1
  MIR: 3
  Zero half: 5
  RLT: 1

Explored 1938 nodes (42462 simplex iterations) in 0.54 seconds (0.53 work units)
Thread count was 4 (of 4 available processors)

Solution count 8: 12 13 14 ... 63

Optimal solution found (tolerance 1.00e-04)
Best objective 1.200000000000e+01, best bound 1.200000000000e+01, gap 0.0000%

Gurobi 11.0.3 (win64, Java) logging started Tue Mar 18 22:43:11 2025

Set parameter Username
Set parameter LogFile to value "src/main/java/gzhu/yh/logger/ILP_RD12.log"
Academic license - for non-commercial use only - expires 2025-09-02
Gurobi Optimizer version 11.0.3 build v11.0.3rc0 (win64 - Windows 10.0 (19045.2))

CPU model: Intel(R) Core(TM) i5-7300HQ CPU @ 2.50GHz, instruction set [SSE2|AVX|AVX2]
Thread count: 4 physical cores, 4 logical processors, using up to 4 threads

Optimize a model with 192 rows, 192 columns and 2736 nonzeros
Model fingerprint: 0x6fd6b8f1
Variable types: 0 continuous, 192 integer (192 binary)
Coefficient statistics:
  Matrix range     [1e+00, 1e+05]
  Objective range  [1e+00, 2e+00]
  Bounds range     [1e+00, 1e+00]
  RHS range        [1e+00, 1e+05]
Found heuristic solution: objective 64.0000000
Presolve removed 0 rows and 64 columns
Presolve time: 0.00s
Presolved: 192 rows, 128 columns, 2672 nonzeros
Variable types: 0 continuous, 128 integer (128 binary)

Root relaxation: objective 6.629923e+00, 202 iterations, 0.00 seconds (0.00 work units)

    Nodes    |    Current Node    |     Objective Bounds      |     Work
 Expl Unexpl |  Obj  Depth IntInf | Incumbent    BestBd   Gap | It/Node Time

     0     0    6.62992    0   64   64.00000    6.62992  89.6%     -    0s
H    0     0                      25.0000000    6.62992  73.5%     -    0s
H    0     0                      23.0000000    6.62992  71.2%     -    0s
     0     0    7.02564    0   62   23.00000    7.02564  69.5%     -    0s
H    0     0                      21.0000000    7.02564  66.5%     -    0s
     0     0    7.14613    0   60   21.00000    7.14613  66.0%     -    0s
H    0     0                      19.0000000    7.14613  62.4%     -    0s
H    0     0                      17.0000000    7.18990  57.7%     -    0s
     0     0    7.18990    0   56   17.00000    7.18990  57.7%     -    0s
     0     0    7.18990    0   58   17.00000    7.18990  57.7%     -    0s
     0     0    7.34097    0   60   17.00000    7.34097  56.8%     -    0s
     0     0    7.34097    0   66   17.00000    7.34097  56.8%     -    0s
     0     0    7.82749    0   74   17.00000    7.82749  54.0%     -    0s
     0     0    7.82749    0   74   17.00000    7.82749  54.0%     -    0s
     0     2    7.82749    0   74   17.00000    7.82749  54.0%     -    0s
H  181   154                      16.0000000    7.82749  51.1%  26.9    0s
H  315   220                      15.0000000    7.82749  47.8%  26.0    0s
H  339   218                      14.0000000    7.82749  44.1%  25.1    0s
H 3007  1023                      13.0000000    8.94858  31.2%  25.5    1s
*14309  1300              29      12.0000000   10.38705  13.4%  24.2    3s

Cutting planes:
  MIR: 7
  Zero half: 6

Explored 16097 nodes (368714 simplex iterations) in 3.90 seconds (4.77 work units)
Thread count was 4 (of 4 available processors)

Solution count 10: 12 13 14 ... 25

Optimal solution found (tolerance 1.00e-04)
Best objective 1.200000000000e+01, best bound 1.200000000000e+01, gap 0.0000%

Gurobi 11.0.3 (win64, Java) logging started Tue Mar 18 22:43:15 2025

Set parameter Username
Set parameter LogFile to value "src/main/java/gzhu/yh/logger/ILP_RD12.log"
Academic license - for non-commercial use only - expires 2025-09-02
Gurobi Optimizer version 11.0.3 build v11.0.3rc0 (win64 - Windows 10.0 (19045.2))

CPU model: Intel(R) Core(TM) i5-7300HQ CPU @ 2.50GHz, instruction set [SSE2|AVX|AVX2]
Thread count: 4 physical cores, 4 logical processors, using up to 4 threads

Optimize a model with 195 rows, 195 columns and 2869 nonzeros
Model fingerprint: 0x01c1ee03
Variable types: 0 continuous, 195 integer (195 binary)
Coefficient statistics:
  Matrix range     [1e+00, 1e+05]
  Objective range  [1e+00, 2e+00]
  Bounds range     [1e+00, 1e+00]
  RHS range        [1e+00, 1e+05]
Found heuristic solution: objective 65.0000000
Presolve removed 0 rows and 65 columns
Presolve time: 0.00s
Presolved: 195 rows, 130 columns, 2804 nonzeros
Variable types: 0 continuous, 130 integer (130 binary)

Root relaxation: objective 6.461831e+00, 213 iterations, 0.00 seconds (0.00 work units)

    Nodes    |    Current Node    |     Objective Bounds      |     Work
 Expl Unexpl |  Obj  Depth IntInf | Incumbent    BestBd   Gap | It/Node Time

     0     0    6.46183    0   66   65.00000    6.46183  90.1%     -    0s
H    0     0                      23.0000000    6.46183  71.9%     -    0s
     0     0    6.75350    0   68   23.00000    6.75350  70.6%     -    0s
H    0     0                      22.0000000    6.75350  69.3%     -    0s
     0     0    6.79133    0   68   22.00000    6.79133  69.1%     -    0s
H    0     0                      18.0000000    7.01694  61.0%     -    0s
     0     0    7.01694    0   68   18.00000    7.01694  61.0%     -    0s
H    0     0                      16.0000000    7.01694  56.1%     -    0s
     0     0    7.01694    0   70   16.00000    7.01694  56.1%     -    0s
     0     0    7.37357    0   70   16.00000    7.37357  53.9%     -    0s
     0     0    7.37357    0   70   16.00000    7.37357  53.9%     -    0s
H    0     0                      15.0000000    7.37357  50.8%     -    0s
     0     2    7.37357    0   70   15.00000    7.37357  50.8%     -    0s
H   33    38                      14.0000000    7.37357  47.3%  36.3    0s
*  284   214               9      13.0000000    7.43280  42.8%  27.4    0s
 23787  2984     cutoff   40        13.00000   10.64695  18.1%  24.4    5s

Cutting planes:
  Gomory: 2
  MIR: 1
  Zero half: 4

Explored 30547 nodes (703986 simplex iterations) in 5.80 seconds (8.25 work units)
Thread count was 4 (of 4 available processors)

Solution count 8: 13 14 15 ... 65

Optimal solution found (tolerance 1.00e-04)
Best objective 1.300000000000e+01, best bound 1.300000000000e+01, gap 0.0000%

Gurobi 11.0.3 (win64, Java) logging started Tue Mar 18 22:43:21 2025

Set parameter Username
Set parameter LogFile to value "src/main/java/gzhu/yh/logger/ILP_RD12.log"
Academic license - for non-commercial use only - expires 2025-09-02
Gurobi Optimizer version 11.0.3 build v11.0.3rc0 (win64 - Windows 10.0 (19045.2))

CPU model: Intel(R) Core(TM) i5-7300HQ CPU @ 2.50GHz, instruction set [SSE2|AVX|AVX2]
Thread count: 4 physical cores, 4 logical processors, using up to 4 threads

Optimize a model with 198 rows, 198 columns and 2930 nonzeros
Model fingerprint: 0x42ae4cd0
Variable types: 0 continuous, 198 integer (198 binary)
Coefficient statistics:
  Matrix range     [1e+00, 1e+05]
  Objective range  [1e+00, 2e+00]
  Bounds range     [1e+00, 1e+00]
  RHS range        [1e+00, 1e+05]
Found heuristic solution: objective 66.0000000
Presolve removed 0 rows and 66 columns
Presolve time: 0.00s
Presolved: 198 rows, 132 columns, 2864 nonzeros
Variable types: 0 continuous, 132 integer (132 binary)

Root relaxation: objective 6.592860e+00, 202 iterations, 0.01 seconds (0.00 work units)

    Nodes    |    Current Node    |     Objective Bounds      |     Work
 Expl Unexpl |  Obj  Depth IntInf | Incumbent    BestBd   Gap | It/Node Time

     0     0    6.59286    0   50   66.00000    6.59286  90.0%     -    0s
H    0     0                      22.0000000    6.59286  70.0%     -    0s
H    0     0                      19.0000000    6.86889  63.8%     -    0s
     0     0    6.87037    0   58   19.00000    6.87037  63.8%     -    0s
     0     0    6.99767    0   54   19.00000    6.99767  63.2%     -    0s
H    0     0                      18.0000000    7.31737  59.3%     -    0s
H    0     0                      16.0000000    7.33895  54.1%     -    0s
     0     0    7.33895    0   54   16.00000    7.33895  54.1%     -    0s
H    0     0                      12.0000000    7.33895  38.8%     -    0s
     0     0    7.33895    0   54   12.00000    7.33895  38.8%     -    0s
     0     0    7.89439    0   56   12.00000    7.89439  34.2%     -    0s
     0     0    7.89439    0   56   12.00000    7.89439  34.2%     -    0s
     0     2    7.89439    0   56   12.00000    7.89439  34.2%     -    0s

Cutting planes:
  Gomory: 4
  MIR: 4
  Zero half: 5

Explored 1486 nodes (33528 simplex iterations) in 0.53 seconds (0.60 work units)
Thread count was 4 (of 4 available processors)

Solution count 6: 12 16 18 ... 66

Optimal solution found (tolerance 1.00e-04)
Best objective 1.200000000000e+01, best bound 1.200000000000e+01, gap 0.0000%

Gurobi 11.0.3 (win64, Java) logging started Tue Mar 18 22:43:22 2025

Set parameter Username
Set parameter LogFile to value "src/main/java/gzhu/yh/logger/ILP_RD12.log"
Academic license - for non-commercial use only - expires 2025-09-02
Gurobi Optimizer version 11.0.3 build v11.0.3rc0 (win64 - Windows 10.0 (19045.2))

CPU model: Intel(R) Core(TM) i5-7300HQ CPU @ 2.50GHz, instruction set [SSE2|AVX|AVX2]
Thread count: 4 physical cores, 4 logical processors, using up to 4 threads

Optimize a model with 201 rows, 201 columns and 3039 nonzeros
Model fingerprint: 0x84c2edca
Variable types: 0 continuous, 201 integer (201 binary)
Coefficient statistics:
  Matrix range     [1e+00, 1e+05]
  Objective range  [1e+00, 2e+00]
  Bounds range     [1e+00, 1e+00]
  RHS range        [1e+00, 1e+05]
Found heuristic solution: objective 67.0000000
Presolve removed 0 rows and 67 columns
Presolve time: 0.00s
Presolved: 201 rows, 134 columns, 2972 nonzeros
Variable types: 0 continuous, 134 integer (134 binary)

Root relaxation: objective 6.398980e+00, 250 iterations, 0.01 seconds (0.01 work units)

    Nodes    |    Current Node    |     Objective Bounds      |     Work
 Expl Unexpl |  Obj  Depth IntInf | Incumbent    BestBd   Gap | It/Node Time

     0     0    6.39898    0   66   67.00000    6.39898  90.4%     -    0s
H    0     0                      25.0000000    6.39898  74.4%     -    0s
H    0     0                      23.0000000    6.39898  72.2%     -    0s
H    0     0                      21.0000000    6.64160  68.4%     -    0s
     0     0    6.66309    0   68   21.00000    6.66309  68.3%     -    0s
H    0     0                      20.0000000    6.66309  66.7%     -    0s
H    0     0                      19.0000000    6.75537  64.4%     -    0s
     0     0    6.75537    0   68   19.00000    6.75537  64.4%     -    0s
     0     0    7.08121    0   64   19.00000    7.08121  62.7%     -    0s
     0     0    7.08121    0   66   19.00000    7.08121  62.7%     -    0s
     0     0    7.57847    0   68   19.00000    7.57847  60.1%     -    0s
     0     0    7.57847    0   68   19.00000    7.57847  60.1%     -    0s
H    0     0                      15.0000000    7.57847  49.5%     -    0s
     0     2    7.57847    0   68   15.00000    7.57847  49.5%     -    0s
*  675   315               7      14.0000000    8.01779  42.7%  27.8    0s
* 1316   530               4      13.0000000    8.41992  35.2%  26.2    0s
H11124  1076                      12.0000000   10.25250  14.6%  24.8    3s

Cutting planes:
  Gomory: 2
  MIR: 4
  Zero half: 3

Explored 12667 nodes (292860 simplex iterations) in 3.59 seconds (4.43 work units)
Thread count was 4 (of 4 available processors)

Solution count 10: 12 13 14 ... 67

Optimal solution found (tolerance 1.00e-04)
Best objective 1.200000000000e+01, best bound 1.200000000000e+01, gap 0.0000%

Gurobi 11.0.3 (win64, Java) logging started Tue Mar 18 22:43:25 2025

Set parameter Username
Set parameter LogFile to value "src/main/java/gzhu/yh/logger/ILP_RD12.log"
Academic license - for non-commercial use only - expires 2025-09-02
Gurobi Optimizer version 11.0.3 build v11.0.3rc0 (win64 - Windows 10.0 (19045.2))

CPU model: Intel(R) Core(TM) i5-7300HQ CPU @ 2.50GHz, instruction set [SSE2|AVX|AVX2]
Thread count: 4 physical cores, 4 logical processors, using up to 4 threads

Optimize a model with 204 rows, 204 columns and 3124 nonzeros
Model fingerprint: 0xa7dcc5f7
Variable types: 0 continuous, 204 integer (204 binary)
Coefficient statistics:
  Matrix range     [1e+00, 1e+05]
  Objective range  [1e+00, 2e+00]
  Bounds range     [1e+00, 1e+00]
  RHS range        [1e+00, 1e+05]
Found heuristic solution: objective 68.0000000
Presolve removed 0 rows and 68 columns
Presolve time: 0.00s
Presolved: 204 rows, 136 columns, 3056 nonzeros
Variable types: 0 continuous, 136 integer (136 binary)

Root relaxation: objective 6.084426e+00, 220 iterations, 0.01 seconds (0.01 work units)

    Nodes    |    Current Node    |     Objective Bounds      |     Work
 Expl Unexpl |  Obj  Depth IntInf | Incumbent    BestBd   Gap | It/Node Time

     0     0    6.08443    0   74   68.00000    6.08443  91.1%     -    0s
H    0     0                      20.0000000    6.08443  69.6%     -    0s
     0     0    6.49843    0   74   20.00000    6.49843  67.5%     -    0s
H    0     0                      19.0000000    6.49843  65.8%     -    0s
     0     0    6.50304    0   64   19.00000    6.50304  65.8%     -    0s
     0     0    6.62287    0   64   19.00000    6.62287  65.1%     -    0s
     0     0    6.62726    0   66   19.00000    6.62726  65.1%     -    0s
     0     0    7.49040    0   64   19.00000    7.49040  60.6%     -    0s
     0     0    7.53479    0   76   19.00000    7.53479  60.3%     -    0s
     0     0    7.84420    0   66   19.00000    7.84420  58.7%     -    0s
     0     0    7.84420    0   66   19.00000    7.84420  58.7%     -    0s
     0     2    7.84420    0   66   19.00000    7.84420  58.7%     -    0s
H   62    70                      16.0000000    7.84420  51.0%  39.1    0s
*  437   260               8      14.0000000    7.84420  44.0%  27.3    0s
*  606   250              25      13.0000000    7.89252  39.3%  27.2    0s
 18655  3862     cutoff   38        13.00000   10.14855  21.9%  25.6    5s

Cutting planes:
  Gomory: 2
  MIR: 4
  Zero half: 6

Explored 30933 nodes (740979 simplex iterations) in 6.95 seconds (9.00 work units)
Thread count was 4 (of 4 available processors)

Solution count 6: 13 14 16 ... 68

Optimal solution found (tolerance 1.00e-04)
Best objective 1.300000000000e+01, best bound 1.300000000000e+01, gap 0.0000%

Gurobi 11.0.3 (win64, Java) logging started Tue Mar 18 22:43:32 2025

Set parameter Username
Set parameter LogFile to value "src/main/java/gzhu/yh/logger/ILP_RD12.log"
Academic license - for non-commercial use only - expires 2025-09-02
Gurobi Optimizer version 11.0.3 build v11.0.3rc0 (win64 - Windows 10.0 (19045.2))

CPU model: Intel(R) Core(TM) i5-7300HQ CPU @ 2.50GHz, instruction set [SSE2|AVX|AVX2]
Thread count: 4 physical cores, 4 logical processors, using up to 4 threads

Optimize a model with 207 rows, 207 columns and 3317 nonzeros
Model fingerprint: 0x91eb4b74
Variable types: 0 continuous, 207 integer (207 binary)
Coefficient statistics:
  Matrix range     [1e+00, 1e+05]
  Objective range  [1e+00, 2e+00]
  Bounds range     [1e+00, 1e+00]
  RHS range        [1e+00, 1e+05]
Found heuristic solution: objective 69.0000000
Presolve removed 0 rows and 69 columns
Presolve time: 0.00s
Presolved: 207 rows, 138 columns, 3248 nonzeros
Variable types: 0 continuous, 138 integer (138 binary)

Root relaxation: objective 6.376408e+00, 223 iterations, 0.01 seconds (0.01 work units)

    Nodes    |    Current Node    |     Objective Bounds      |     Work
 Expl Unexpl |  Obj  Depth IntInf | Incumbent    BestBd   Gap | It/Node Time

     0     0    6.37641    0   64   69.00000    6.37641  90.8%     -    0s
H    0     0                      25.0000000    6.37641  74.5%     -    0s
H    0     0                      22.0000000    6.37641  71.0%     -    0s
     0     0    6.69103    0   68   22.00000    6.69103  69.6%     -    0s
H    0     0                      21.0000000    6.70519  68.1%     -    0s
     0     0    6.70519    0   64   21.00000    6.70519  68.1%     -    0s
     0     0    6.88054    0   66   21.00000    6.88054  67.2%     -    0s
     0     0    6.88054    0   72   21.00000    6.88054  67.2%     -    0s
H    0     0                      20.0000000    7.18161  64.1%     -    0s
     0     0    7.33043    0   62   20.00000    7.33043  63.3%     -    0s
     0     0    7.73851    0   66   20.00000    7.73851  61.3%     -    0s
     0     0    7.73851    0   66   20.00000    7.73851  61.3%     -    0s
     0     2    7.73851    0   66   20.00000    7.73851  61.3%     -    0s
H   69    65                      18.0000000    7.73851  57.0%  33.3    0s
*  183   136              11      16.0000000    7.73851  51.6%  28.7    0s
H  301   224                      15.0000000    7.73851  48.4%  27.6    0s
H  917   347                      13.0000000    7.95237  38.8%  26.3    0s
 18281  4285     cutoff   34        13.00000   10.01065  23.0%  26.8    5s

Cutting planes:
  Gomory: 2
  MIR: 2
  Zero half: 4

Explored 35657 nodes (867915 simplex iterations) in 8.33 seconds (10.73 work units)
Thread count was 4 (of 4 available processors)

Solution count 9: 13 15 16 ... 69

Optimal solution found (tolerance 1.00e-04)
Best objective 1.300000000000e+01, best bound 1.300000000000e+01, gap 0.0000%

Gurobi 11.0.3 (win64, Java) logging started Tue Mar 18 22:43:41 2025

Set parameter Username
Set parameter LogFile to value "src/main/java/gzhu/yh/logger/ILP_RD12.log"
Academic license - for non-commercial use only - expires 2025-09-02
Gurobi Optimizer version 11.0.3 build v11.0.3rc0 (win64 - Windows 10.0 (19045.2))

CPU model: Intel(R) Core(TM) i5-7300HQ CPU @ 2.50GHz, instruction set [SSE2|AVX|AVX2]
Thread count: 4 physical cores, 4 logical processors, using up to 4 threads

Optimize a model with 210 rows, 210 columns and 3222 nonzeros
Model fingerprint: 0x382788d9
Variable types: 0 continuous, 210 integer (210 binary)
Coefficient statistics:
  Matrix range     [1e+00, 1e+05]
  Objective range  [1e+00, 2e+00]
  Bounds range     [1e+00, 1e+00]
  RHS range        [1e+00, 1e+05]
Found heuristic solution: objective 70.0000000
Presolve removed 0 rows and 70 columns
Presolve time: 0.00s
Presolved: 210 rows, 140 columns, 3152 nonzeros
Variable types: 0 continuous, 140 integer (140 binary)

Root relaxation: objective 6.667033e+00, 221 iterations, 0.01 seconds (0.01 work units)

    Nodes    |    Current Node    |     Objective Bounds      |     Work
 Expl Unexpl |  Obj  Depth IntInf | Incumbent    BestBd   Gap | It/Node Time

     0     0    6.66703    0   68   70.00000    6.66703  90.5%     -    0s
H    0     0                      29.0000000    6.66703  77.0%     -    0s
H    0     0                      24.0000000    6.66703  72.2%     -    0s
     0     0    7.06257    0   70   24.00000    7.06257  70.6%     -    0s
H    0     0                      17.0000000    7.06257  58.5%     -    0s
     0     0    7.25233    0   68   17.00000    7.25233  57.3%     -    0s
     0     0    7.48958    0   74   17.00000    7.48958  55.9%     -    0s
     0     0    7.48958    0   68   17.00000    7.48958  55.9%     -    0s
     0     0    7.93151    0   70   17.00000    7.93151  53.3%     -    0s
     0     0    7.93151    0   70   17.00000    7.93151  53.3%     -    0s
     0     2    7.93151    0   70   17.00000    7.93151  53.3%     -    0s
*  470   238              10      14.0000000    7.97431  43.0%  27.2    0s
 17259  5704     cutoff   35        14.00000   10.43719  25.4%  26.6    5s
 32166  6717   12.77720   26   55   14.00000   11.24379  19.7%  25.2   10s

Cutting planes:
  Gomory: 2
  MIR: 3
  Flow cover: 12
  Zero half: 6

Explored 49915 nodes (1191457 simplex iterations) in 13.66 seconds (15.82 work units)
Thread count was 4 (of 4 available processors)

Solution count 5: 14 17 24 ... 70

Optimal solution found (tolerance 1.00e-04)
Best objective 1.400000000000e+01, best bound 1.400000000000e+01, gap 0.0000%

Gurobi 11.0.3 (win64, Java) logging started Tue Mar 18 22:43:54 2025

Set parameter Username
Set parameter LogFile to value "src/main/java/gzhu/yh/logger/ILP_RD12.log"
Academic license - for non-commercial use only - expires 2025-09-02
Gurobi Optimizer version 11.0.3 build v11.0.3rc0 (win64 - Windows 10.0 (19045.2))

CPU model: Intel(R) Core(TM) i5-7300HQ CPU @ 2.50GHz, instruction set [SSE2|AVX|AVX2]
Thread count: 4 physical cores, 4 logical processors, using up to 4 threads

Optimize a model with 213 rows, 213 columns and 3331 nonzeros
Model fingerprint: 0xd4203256
Variable types: 0 continuous, 213 integer (213 binary)
Coefficient statistics:
  Matrix range     [1e+00, 1e+05]
  Objective range  [1e+00, 2e+00]
  Bounds range     [1e+00, 1e+00]
  RHS range        [1e+00, 1e+05]
Found heuristic solution: objective 71.0000000
Presolve removed 0 rows and 71 columns
Presolve time: 0.00s
Presolved: 213 rows, 142 columns, 3260 nonzeros
Variable types: 0 continuous, 142 integer (142 binary)

Root relaxation: objective 6.514864e+00, 229 iterations, 0.01 seconds (0.01 work units)

    Nodes    |    Current Node    |     Objective Bounds      |     Work
 Expl Unexpl |  Obj  Depth IntInf | Incumbent    BestBd   Gap | It/Node Time

     0     0    6.51486    0   74   71.00000    6.51486  90.8%     -    0s
H    0     0                      25.0000000    6.51486  73.9%     -    0s
     0     0    6.68492    0   76   25.00000    6.68492  73.3%     -    0s
H    0     0                      22.0000000    6.68492  69.6%     -    0s
     0     0    6.69598    0   76   22.00000    6.69598  69.6%     -    0s
H    0     0                      20.0000000    6.78286  66.1%     -    0s
     0     0    7.04864    0   72   20.00000    7.04864  64.8%     -    0s
     0     0    7.04864    0   74   20.00000    7.04864  64.8%     -    0s
     0     0    7.75868    0   72   20.00000    7.75868  61.2%     -    0s
     0     0    7.76221    0   70   20.00000    7.76221  61.2%     -    0s
     0     0    7.98590    0   80   20.00000    7.98590  60.1%     -    0s
     0     0    7.98590    0   80   20.00000    7.98590  60.1%     -    0s
     0     2    7.98590    0   80   20.00000    7.98590  60.1%     -    0s
*  129   125              29      19.0000000    7.98590  58.0%  32.7    0s
H  151   136                      17.0000000    7.98590  53.0%  30.6    0s
H  261   225                      16.0000000    7.98590  50.1%  30.6    0s
H  619   353                      14.0000000    7.98590  43.0%  29.6    0s
H  786   357                      13.0000000    8.01858  38.3%  29.3    0s
 14182  4109   11.40239   27   59   13.00000    9.79777  24.6%  28.1    5s

Cutting planes:
  Gomory: 1
  Zero half: 9

Explored 33324 nodes (872459 simplex iterations) in 8.89 seconds (11.49 work units)
Thread count was 4 (of 4 available processors)

Solution count 9: 13 14 16 ... 71

Optimal solution found (tolerance 1.00e-04)
Best objective 1.300000000000e+01, best bound 1.300000000000e+01, gap 0.0000%

Gurobi 11.0.3 (win64, Java) logging started Tue Mar 18 22:44:03 2025

Set parameter Username
Set parameter LogFile to value "src/main/java/gzhu/yh/logger/ILP_RD12.log"
Academic license - for non-commercial use only - expires 2025-09-02
Gurobi Optimizer version 11.0.3 build v11.0.3rc0 (win64 - Windows 10.0 (19045.2))

CPU model: Intel(R) Core(TM) i5-7300HQ CPU @ 2.50GHz, instruction set [SSE2|AVX|AVX2]
Thread count: 4 physical cores, 4 logical processors, using up to 4 threads

Optimize a model with 216 rows, 216 columns and 3464 nonzeros
Model fingerprint: 0xeb6900ce
Variable types: 0 continuous, 216 integer (216 binary)
Coefficient statistics:
  Matrix range     [1e+00, 1e+05]
  Objective range  [1e+00, 2e+00]
  Bounds range     [1e+00, 1e+00]
  RHS range        [1e+00, 1e+05]
Found heuristic solution: objective 72.0000000
Presolve removed 0 rows and 72 columns
Presolve time: 0.00s
Presolved: 216 rows, 144 columns, 3392 nonzeros
Variable types: 0 continuous, 144 integer (144 binary)

Root relaxation: objective 6.499741e+00, 238 iterations, 0.01 seconds (0.01 work units)

    Nodes    |    Current Node    |     Objective Bounds      |     Work
 Expl Unexpl |  Obj  Depth IntInf | Incumbent    BestBd   Gap | It/Node Time

     0     0    6.49974    0   68   72.00000    6.49974  91.0%     -    0s
H    0     0                      26.0000000    6.49974  75.0%     -    0s
H    0     0                      25.0000000    6.97905  72.1%     -    0s
H    0     0                      17.0000000    6.97905  58.9%     -    0s
     0     0    6.97905    0   76   17.00000    6.97905  58.9%     -    0s
H    0     0                      15.0000000    6.97905  53.5%     -    0s
     0     0    6.99345    0   68   15.00000    6.99345  53.4%     -    0s
     0     0    7.23430    0   72   15.00000    7.23430  51.8%     -    0s
     0     0    7.23430    0   66   15.00000    7.23430  51.8%     -    0s
     0     0    7.76193    0   70   15.00000    7.76193  48.3%     -    0s
     0     0    7.76193    0   70   15.00000    7.76193  48.3%     -    0s
     0     2    7.76193    0   70   15.00000    7.76193  48.3%     -    0s
*  367   232              13      14.0000000    7.76193  44.6%  27.9    0s
H 6369   974                      12.0000000    9.64605  19.6%  27.6    2s

Cutting planes:
  Gomory: 2
  MIR: 4
  Zero half: 2

Explored 8528 nodes (220192 simplex iterations) in 2.91 seconds (3.66 work units)
Thread count was 4 (of 4 available processors)

Solution count 7: 12 14 15 ... 72

Optimal solution found (tolerance 1.00e-04)
Best objective 1.200000000000e+01, best bound 1.200000000000e+01, gap 0.0000%

Gurobi 11.0.3 (win64, Java) logging started Tue Mar 18 22:44:06 2025

Set parameter Username
Set parameter LogFile to value "src/main/java/gzhu/yh/logger/ILP_RD12.log"
Academic license - for non-commercial use only - expires 2025-09-02
Gurobi Optimizer version 11.0.3 build v11.0.3rc0 (win64 - Windows 10.0 (19045.2))

CPU model: Intel(R) Core(TM) i5-7300HQ CPU @ 2.50GHz, instruction set [SSE2|AVX|AVX2]
Thread count: 4 physical cores, 4 logical processors, using up to 4 threads

Optimize a model with 219 rows, 219 columns and 3369 nonzeros
Model fingerprint: 0x9638de45
Variable types: 0 continuous, 219 integer (219 binary)
Coefficient statistics:
  Matrix range     [1e+00, 1e+05]
  Objective range  [1e+00, 2e+00]
  Bounds range     [1e+00, 1e+00]
  RHS range        [1e+00, 1e+05]
Found heuristic solution: objective 73.0000000
Presolve removed 0 rows and 73 columns
Presolve time: 0.00s
Presolved: 219 rows, 146 columns, 3296 nonzeros
Variable types: 0 continuous, 146 integer (146 binary)

Root relaxation: objective 7.206613e+00, 244 iterations, 0.01 seconds (0.01 work units)

    Nodes    |    Current Node    |     Objective Bounds      |     Work
 Expl Unexpl |  Obj  Depth IntInf | Incumbent    BestBd   Gap | It/Node Time

     0     0    7.20661    0   78   73.00000    7.20661  90.1%     -    0s
H    0     0                      32.0000000    7.20661  77.5%     -    0s
H    0     0                      27.0000000    7.20661  73.3%     -    0s
     0     0    7.47476    0   86   27.00000    7.47476  72.3%     -    0s
H    0     0                      26.0000000    7.47476  71.3%     -    0s
H    0     0                      24.0000000    7.47476  68.9%     -    0s
     0     0    7.47476    0   78   24.00000    7.47476  68.9%     -    0s
     0     0    7.59897    0   74   24.00000    7.59897  68.3%     -    0s
     0     0    7.59897    0   72   24.00000    7.59897  68.3%     -    0s
     0     0    8.30595    0   74   24.00000    8.30595  65.4%     -    0s
H    0     0                      21.0000000    8.30595  60.4%     -    0s
     0     0    8.41126    0   74   21.00000    8.41126  59.9%     -    0s
     0     0    8.60261    0   82   21.00000    8.60261  59.0%     -    0s
     0     0    8.60261    0   82   21.00000    8.60261  59.0%     -    0s
     0     2    8.60261    0   82   21.00000    8.60261  59.0%     -    0s
H   31    40                      20.0000000    8.60261  57.0%  33.9    0s
H   79    86                      16.0000000    8.60261  46.2%  35.3    0s
 13019  6319   11.38942   26   72   16.00000   10.17941  36.4%  29.0    5s
 21153 10179   13.90530   35   82   16.00000   10.56500  34.0%  28.0   10s
H23503 10056                      14.0000000   10.56500  24.5%  28.4   14s
 26857 10459   10.84373   50   71   14.00000   10.56500  24.5%  28.3   15s
 47609  7041   12.83688   51   53   14.00000   11.23428  19.8%  27.6   20s

Cutting planes:
  Gomory: 14
  Flow cover: 12
  Zero half: 14

Explored 65829 nodes (1690545 simplex iterations) in 23.56 seconds (27.33 work units)
Thread count was 4 (of 4 available processors)

Solution count 9: 14 16 20 ... 73

Optimal solution found (tolerance 1.00e-04)
Best objective 1.400000000000e+01, best bound 1.400000000000e+01, gap 0.0000%

Gurobi 11.0.3 (win64, Java) logging started Tue Mar 18 22:44:30 2025

Set parameter Username
Set parameter LogFile to value "src/main/java/gzhu/yh/logger/ILP_RD12.log"
Academic license - for non-commercial use only - expires 2025-09-02
Gurobi Optimizer version 11.0.3 build v11.0.3rc0 (win64 - Windows 10.0 (19045.2))

CPU model: Intel(R) Core(TM) i5-7300HQ CPU @ 2.50GHz, instruction set [SSE2|AVX|AVX2]
Thread count: 4 physical cores, 4 logical processors, using up to 4 threads

Optimize a model with 222 rows, 222 columns and 3746 nonzeros
Model fingerprint: 0x81f3cb96
Variable types: 0 continuous, 222 integer (222 binary)
Coefficient statistics:
  Matrix range     [1e+00, 1e+05]
  Objective range  [1e+00, 2e+00]
  Bounds range     [1e+00, 1e+00]
  RHS range        [1e+00, 1e+05]
Found heuristic solution: objective 74.0000000
Presolve removed 0 rows and 74 columns
Presolve time: 0.01s
Presolved: 222 rows, 148 columns, 3672 nonzeros
Variable types: 0 continuous, 148 integer (148 binary)

Root relaxation: objective 6.310838e+00, 284 iterations, 0.00 seconds (0.01 work units)

    Nodes    |    Current Node    |     Objective Bounds      |     Work
 Expl Unexpl |  Obj  Depth IntInf | Incumbent    BestBd   Gap | It/Node Time

     0     0    6.31084    0   84   74.00000    6.31084  91.5%     -    0s
H    0     0                      30.0000000    6.31084  79.0%     -    0s
H    0     0                      22.0000000    6.31084  71.3%     -    0s
     0     0    6.50040    0   74   22.00000    6.50040  70.5%     -    0s
H    0     0                      18.0000000    6.50040  63.9%     -    0s
     0     0    6.60821    0   76   18.00000    6.60821  63.3%     -    0s
     0     0    6.61417    0   74   18.00000    6.61417  63.3%     -    0s
     0     0    6.67949    0   74   18.00000    6.67949  62.9%     -    0s
     0     0    7.25153    0   76   18.00000    7.25153  59.7%     -    0s
     0     0    7.25153    0   76   18.00000    7.25153  59.7%     -    0s
H    0     2                      17.0000000    7.25153  57.3%     -    0s
     0     2    7.25153    0   76   17.00000    7.25153  57.3%     -    0s
*   56    52              10      16.0000000    7.25153  54.7%  35.8    0s
H 5529  2720                      15.0000000    8.43198  43.8%  30.6    2s
H10155  4677                      14.0000000    9.00296  35.7%  29.4    3s
 15433  7077     cutoff   43        14.00000    9.38723  32.9%  28.7    5s
 21034  9272   11.31936   45  104   14.00000    9.69025  30.8%  28.1   10s
 26824 10828   12.05634   58   64   14.00000    9.69025  30.8%  29.2   15s
 46975 12764   10.27082   50   44   14.00000    9.81037  29.9%  29.0   20s
 69940 18102   11.70942   49   63   14.00000   10.42921  25.5%  28.1   25s
 92694 20088     cutoff   62        14.00000   10.91080  22.1%  27.4   30s
 116651 17714     cutoff   50        14.00000   11.41089  18.5%  26.9   35s
 140236  8058   12.98161   56   59   14.00000   12.01097  14.2%  26.0   40s

Cutting planes:
  Gomory: 13
  MIR: 4
  Flow cover: 10
  Zero half: 16

Explored 150685 nodes (3769414 simplex iterations) in 42.44 seconds (58.54 work units)
Thread count was 4 (of 4 available processors)

Solution count 8: 14 15 16 ... 74

Optimal solution found (tolerance 1.00e-04)
Best objective 1.400000000000e+01, best bound 1.400000000000e+01, gap 0.0000%

Gurobi 11.0.3 (win64, Java) logging started Tue Mar 18 22:45:12 2025

Set parameter Username
Set parameter LogFile to value "src/main/java/gzhu/yh/logger/ILP_RD12.log"
Academic license - for non-commercial use only - expires 2025-09-02
Gurobi Optimizer version 11.0.3 build v11.0.3rc0 (win64 - Windows 10.0 (19045.2))

CPU model: Intel(R) Core(TM) i5-7300HQ CPU @ 2.50GHz, instruction set [SSE2|AVX|AVX2]
Thread count: 4 physical cores, 4 logical processors, using up to 4 threads

Optimize a model with 225 rows, 225 columns and 3579 nonzeros
Model fingerprint: 0x57baad80
Variable types: 0 continuous, 225 integer (225 binary)
Coefficient statistics:
  Matrix range     [1e+00, 1e+05]
  Objective range  [1e+00, 2e+00]
  Bounds range     [1e+00, 1e+00]
  RHS range        [1e+00, 1e+05]
Found heuristic solution: objective 75.0000000
Presolve removed 0 rows and 75 columns
Presolve time: 0.00s
Presolved: 225 rows, 150 columns, 3504 nonzeros
Variable types: 0 continuous, 150 integer (150 binary)

Root relaxation: objective 6.606754e+00, 242 iterations, 0.01 seconds (0.01 work units)

    Nodes    |    Current Node    |     Objective Bounds      |     Work
 Expl Unexpl |  Obj  Depth IntInf | Incumbent    BestBd   Gap | It/Node Time

     0     0    6.60675    0   78   75.00000    6.60675  91.2%     -    0s
H    0     0                      25.0000000    6.60675  73.6%     -    0s
     0     0    6.77863    0   82   25.00000    6.77863  72.9%     -    0s
H    0     0                      23.0000000    6.77863  70.5%     -    0s
     0     0    6.83929    0   68   23.00000    6.83929  70.3%     -    0s
H    0     0                      20.0000000    7.01702  64.9%     -    0s
     0     0    7.01702    0   70   20.00000    7.01702  64.9%     -    0s
     0     0    7.01702    0   70   20.00000    7.01702  64.9%     -    0s
     0     0    7.48781    0   70   20.00000    7.48781  62.6%     -    0s
     0     0    7.62788    0   70   20.00000    7.62788  61.9%     -    0s
     0     0    8.02885    0   72   20.00000    8.02885  59.9%     -    0s
     0     0    8.02885    0   72   20.00000    8.02885  59.9%     -    0s
     0     2    8.02885    0   72   20.00000    8.02885  59.9%     -    0s
H  115   126                      18.0000000    8.02885  55.4%  39.8    0s
*  375   259              10      13.0000000    8.02885  38.2%  32.7    0s
 10370  2036   11.28834   29   63   13.00000   10.23476  21.3%  29.4    5s

Cutting planes:
  Gomory: 2
  MIR: 4
  Zero half: 4

Explored 17075 nodes (477392 simplex iterations) in 6.65 seconds (7.31 work units)
Thread count was 4 (of 4 available processors)

Solution count 6: 13 18 20 ... 75

Optimal solution found (tolerance 1.00e-04)
Best objective 1.300000000000e+01, best bound 1.300000000000e+01, gap 0.0000%

Gurobi 11.0.3 (win64, Java) logging started Tue Mar 18 22:45:19 2025

Set parameter Username
Set parameter LogFile to value "src/main/java/gzhu/yh/logger/ILP_RD12.log"
Academic license - for non-commercial use only - expires 2025-09-02
Gurobi Optimizer version 11.0.3 build v11.0.3rc0 (win64 - Windows 10.0 (19045.2))

CPU model: Intel(R) Core(TM) i5-7300HQ CPU @ 2.50GHz, instruction set [SSE2|AVX|AVX2]
Thread count: 4 physical cores, 4 logical processors, using up to 4 threads

Optimize a model with 228 rows, 228 columns and 3680 nonzeros
Model fingerprint: 0x00677dc8
Variable types: 0 continuous, 228 integer (228 binary)
Coefficient statistics:
  Matrix range     [1e+00, 1e+05]
  Objective range  [1e+00, 2e+00]
  Bounds range     [1e+00, 1e+00]
  RHS range        [1e+00, 1e+05]
Found heuristic solution: objective 76.0000000
Presolve removed 0 rows and 76 columns
Presolve time: 0.00s
Presolved: 228 rows, 152 columns, 3604 nonzeros
Variable types: 0 continuous, 152 integer (152 binary)

Root relaxation: objective 7.029725e+00, 263 iterations, 0.01 seconds (0.01 work units)

    Nodes    |    Current Node    |     Objective Bounds      |     Work
 Expl Unexpl |  Obj  Depth IntInf | Incumbent    BestBd   Gap | It/Node Time

     0     0    7.02972    0   84   76.00000    7.02972  90.8%     -    0s
H    0     0                      30.0000000    7.02972  76.6%     -    0s
H    0     0                      27.0000000    7.02972  74.0%     -    0s
H    0     0                      23.0000000    7.21879  68.6%     -    0s
     0     0    7.26081    0   78   23.00000    7.26081  68.4%     -    0s
H    0     0                      21.0000000    7.26081  65.4%     -    0s
     0     0    7.47745    0   76   21.00000    7.47745  64.4%     -    0s
H    0     0                      19.0000000    7.75628  59.2%     -    0s
     0     0    7.75628    0   78   19.00000    7.75628  59.2%     -    0s
     0     0    7.75628    0   74   19.00000    7.75628  59.2%     -    0s
     0     0    8.12111    0   74   19.00000    8.12111  57.3%     -    0s
     0     0    8.14739    0   78   19.00000    8.14739  57.1%     -    0s
H    0     0                      18.0000000    8.49776  52.8%     -    0s
     0     0    8.53285    0   76   18.00000    8.53285  52.6%     -    0s
     0     0    8.57418    0   72   18.00000    8.57418  52.4%     -    0s
     0     0    8.62251    0   76   18.00000    8.62251  52.1%     -    0s
     0     0    8.62251    0   76   18.00000    8.62251  52.1%     -    0s
     0     2    8.62251    0   76   18.00000    8.62251  52.1%     -    0s
H   35    40                      17.0000000    8.62251  49.3%  45.5    0s
H  360   249                      16.0000000    8.62251  46.1%  32.3    0s
H  413   238                      14.0000000    8.62251  38.4%  31.6    0s
 13068  4769     cutoff   34        14.00000   10.38678  25.8%  29.3    5s
 22235  6127     cutoff   32        14.00000   10.96819  21.7%  28.2   10s

Cutting planes:
  Gomory: 2
  MIR: 5
  Flow cover: 9
  Zero half: 5

Explored 43170 nodes (1101204 simplex iterations) in 14.99 seconds (16.80 work units)
Thread count was 4 (of 4 available processors)

Solution count 10: 14 16 17 ... 76

Optimal solution found (tolerance 1.00e-04)
Best objective 1.400000000000e+01, best bound 1.400000000000e+01, gap 0.0000%

Gurobi 11.0.3 (win64, Java) logging started Tue Mar 18 22:45:34 2025

Set parameter Username
Set parameter LogFile to value "src/main/java/gzhu/yh/logger/ILP_RD12.log"
Academic license - for non-commercial use only - expires 2025-09-02
Gurobi Optimizer version 11.0.3 build v11.0.3rc0 (win64 - Windows 10.0 (19045.2))

CPU model: Intel(R) Core(TM) i5-7300HQ CPU @ 2.50GHz, instruction set [SSE2|AVX|AVX2]
Thread count: 4 physical cores, 4 logical processors, using up to 4 threads

Optimize a model with 231 rows, 231 columns and 3801 nonzeros
Model fingerprint: 0xd0dc8e74
Variable types: 0 continuous, 231 integer (231 binary)
Coefficient statistics:
  Matrix range     [1e+00, 1e+05]
  Objective range  [1e+00, 2e+00]
  Bounds range     [1e+00, 1e+00]
  RHS range        [1e+00, 1e+05]
Found heuristic solution: objective 77.0000000
Presolve removed 0 rows and 77 columns
Presolve time: 0.00s
Presolved: 231 rows, 154 columns, 3724 nonzeros
Variable types: 0 continuous, 154 integer (154 binary)

Root relaxation: objective 6.716677e+00, 288 iterations, 0.01 seconds (0.01 work units)

    Nodes    |    Current Node    |     Objective Bounds      |     Work
 Expl Unexpl |  Obj  Depth IntInf | Incumbent    BestBd   Gap | It/Node Time

     0     0    6.71668    0   86   77.00000    6.71668  91.3%     -    0s
H    0     0                      30.0000000    6.71668  77.6%     -    0s
H    0     0                      28.0000000    6.71668  76.0%     -    0s
H    0     0                      19.0000000    6.71668  64.6%     -    0s
     0     0    7.12469    0   84   19.00000    7.12469  62.5%     -    0s
     0     0    7.17421    0   86   19.00000    7.17421  62.2%     -    0s
H    0     0                      18.0000000    7.24421  59.8%     -    0s
     0     0    7.24421    0   80   18.00000    7.24421  59.8%     -    0s
     0     0    7.37720    0   80   18.00000    7.37720  59.0%     -    0s
     0     0    7.92137    0   84   18.00000    7.92137  56.0%     -    0s
     0     0    7.99836    0   84   18.00000    7.99836  55.6%     -    0s
     0     0    8.24706    0   84   18.00000    8.24706  54.2%     -    0s
     0     0    8.24706    0   84   18.00000    8.24706  54.2%     -    0s
     0     2    8.24706    0   84   18.00000    8.24706  54.2%     -    0s
*  509   367              18      17.0000000    8.24706  51.5%  30.7    0s
H  564   378                      16.0000000    8.24706  48.5%  31.5    0s
* 1340   705              21      15.0000000    8.51577  43.2%  30.3    0s
 13047  6609    9.76577   29   59   15.00000    9.64317  35.7%  30.8    5s
 20899 10056   11.97451   32  108   15.00000    9.96826  33.5%  30.1   10s
 29694 12457   11.38091   45   67   15.00000    9.96826  33.5%  30.8   15s
 48532 14928     cutoff   61        15.00000   10.20205  32.0%  30.3   20s
 67107 21074   12.18059   50   64   15.00000   10.65301  29.0%  29.7   25s
 85943 26610     cutoff   52        15.00000   10.98861  26.7%  29.1   30s
 104463 30438   13.32213   54   56   15.00000   11.28065  24.8%  28.6   35s
 124784 33233     cutoff   60        15.00000   11.54696  23.0%  28.3   40s
 138784 33935   12.51522   60   59   15.00000   11.72983  21.8%  28.2   45s
 159353 33521   12.66960   59   60   15.00000   11.98648  20.1%  27.7   50s
 176344 31726   13.67195   56   57   15.00000   12.18801  18.7%  27.4   55s
 194497 28158     cutoff   56        15.00000   12.41457  17.2%  27.0   60s
 209779 23461     cutoff   49        15.00000   12.61799  15.9%  26.7   65s
 232634 12159   13.81633   64   55   15.00000   12.99470  13.4%  26.1   70s

Cutting planes:
  Gomory: 10
  MIR: 3
  Flow cover: 19
  Zero half: 10

Explored 248643 nodes (6303310 simplex iterations) in 72.47 seconds (89.07 work units)
Thread count was 4 (of 4 available processors)

Solution count 8: 15 16 17 ... 77

Optimal solution found (tolerance 1.00e-04)
Best objective 1.500000000000e+01, best bound 1.500000000000e+01, gap 0.0000%

Gurobi 11.0.3 (win64, Java) logging started Tue Mar 18 22:46:46 2025

Set parameter Username
Set parameter LogFile to value "src/main/java/gzhu/yh/logger/ILP_RD12.log"
Academic license - for non-commercial use only - expires 2025-09-02
Gurobi Optimizer version 11.0.3 build v11.0.3rc0 (win64 - Windows 10.0 (19045.2))

CPU model: Intel(R) Core(TM) i5-7300HQ CPU @ 2.50GHz, instruction set [SSE2|AVX|AVX2]
Thread count: 4 physical cores, 4 logical processors, using up to 4 threads

Optimize a model with 234 rows, 234 columns and 3902 nonzeros
Model fingerprint: 0xf6ae9e5f
Variable types: 0 continuous, 234 integer (234 binary)
Coefficient statistics:
  Matrix range     [1e+00, 1e+05]
  Objective range  [1e+00, 2e+00]
  Bounds range     [1e+00, 1e+00]
  RHS range        [1e+00, 1e+05]
Found heuristic solution: objective 78.0000000
Presolve removed 0 rows and 78 columns
Presolve time: 0.00s
Presolved: 234 rows, 156 columns, 3824 nonzeros
Variable types: 0 continuous, 156 integer (156 binary)

Root relaxation: objective 6.747902e+00, 280 iterations, 0.01 seconds (0.01 work units)

    Nodes    |    Current Node    |     Objective Bounds      |     Work
 Expl Unexpl |  Obj  Depth IntInf | Incumbent    BestBd   Gap | It/Node Time

     0     0    6.74790    0   84   78.00000    6.74790  91.3%     -    0s
H    0     0                      22.0000000    6.74790  69.3%     -    0s
H    0     0                      19.0000000    6.74790  64.5%     -    0s
     0     0    7.00013    0   78   19.00000    7.00013  63.2%     -    0s
     0     0    7.03274    0   76   19.00000    7.03274  63.0%     -    0s
     0     0    7.11578    0   76   19.00000    7.11578  62.5%     -    0s
     0     0    7.13126    0   76   19.00000    7.13126  62.5%     -    0s
     0     0    7.73655    0   76   19.00000    7.73655  59.3%     -    0s
     0     0    7.79809    0   78   19.00000    7.79809  59.0%     -    0s
     0     0    8.21545    0   88   19.00000    8.21545  56.8%     -    0s
     0     0    8.21545    0   88   19.00000    8.21545  56.8%     -    0s
     0     2    8.21545    0   88   19.00000    8.21545  56.8%     -    0s
*   94    85              20      18.0000000    8.21545  54.4%  37.0    0s
H  171   138                      16.0000000    8.21545  48.7%  32.3    0s
*  926   518              33      15.0000000    8.46037  43.6%  30.9    0s
 13020  6540     cutoff   41        15.00000    9.71028  35.3%  30.6    5s
 20720  9895   11.48615   34   96   15.00000   10.01311  33.2%  29.9   10s
 27919 11617   11.38106   37   68   15.00000   10.01311  33.2%  30.6   15s
 43903 13507   13.08238   49   61   15.00000   10.38792  30.7%  29.8   20s
 67086 18238   11.48249   48   62   15.00000   11.02691  26.5%  28.9   25s
 83879 21282   12.74990   58   56   15.00000   11.38906  24.1%  28.7   30s
 106322 22868   12.64602   47   53   15.00000   11.80569  21.3%  28.1   35s
 131178 20509     cutoff   68        15.00000   12.26390  18.2%  27.5   40s
 154528 13459   13.69155   48   58   15.00000   12.73164  15.1%  26.9   45s

Cutting planes:
  Gomory: 7
  MIR: 4
  Flow cover: 16
  Zero half: 12

Explored 175556 nodes (4561910 simplex iterations) in 49.16 seconds (66.93 work units)
Thread count was 4 (of 4 available processors)

Solution count 6: 15 16 18 ... 78

Optimal solution found (tolerance 1.00e-04)
Best objective 1.500000000000e+01, best bound 1.500000000000e+01, gap 0.0000%

Gurobi 11.0.3 (win64, Java) logging started Tue Mar 18 22:47:36 2025

Set parameter Username
Set parameter LogFile to value "src/main/java/gzhu/yh/logger/ILP_RD12.log"
Academic license - for non-commercial use only - expires 2025-09-02
Gurobi Optimizer version 11.0.3 build v11.0.3rc0 (win64 - Windows 10.0 (19045.2))

CPU model: Intel(R) Core(TM) i5-7300HQ CPU @ 2.50GHz, instruction set [SSE2|AVX|AVX2]
Thread count: 4 physical cores, 4 logical processors, using up to 4 threads

Optimize a model with 237 rows, 237 columns and 4219 nonzeros
Model fingerprint: 0x08f6feaf
Variable types: 0 continuous, 237 integer (237 binary)
Coefficient statistics:
  Matrix range     [1e+00, 1e+05]
  Objective range  [1e+00, 2e+00]
  Bounds range     [1e+00, 1e+00]
  RHS range        [1e+00, 1e+05]
Found heuristic solution: objective 79.0000000
Presolve removed 0 rows and 79 columns
Presolve time: 0.00s
Presolved: 237 rows, 158 columns, 4140 nonzeros
Variable types: 0 continuous, 158 integer (158 binary)

Root relaxation: objective 6.403115e+00, 323 iterations, 0.01 seconds (0.01 work units)

    Nodes    |    Current Node    |     Objective Bounds      |     Work
 Expl Unexpl |  Obj  Depth IntInf | Incumbent    BestBd   Gap | It/Node Time

     0     0    6.40311    0   80   79.00000    6.40311  91.9%     -    0s
H    0     0                      23.0000000    6.40311  72.2%     -    0s
     0     0    6.71510    0   72   23.00000    6.71510  70.8%     -    0s
     0     0    6.88998    0   76   23.00000    6.88998  70.0%     -    0s
     0     0    7.02696    0   72   23.00000    7.02696  69.4%     -    0s
     0     0    7.09768    0   70   23.00000    7.09768  69.1%     -    0s
     0     0    7.57986    0   70   23.00000    7.57986  67.0%     -    0s
     0     0    7.63023    0   72   23.00000    7.63023  66.8%     -    0s
     0     0    7.96279    0   76   23.00000    7.96279  65.4%     -    0s
     0     0    7.96279    0   76   23.00000    7.96279  65.4%     -    0s
     0     2    7.96279    0   76   23.00000    7.96279  65.4%     -    0s
H  109   124                      22.0000000    7.96279  63.8%  36.6    0s
H  133   152                      20.0000000    7.96279  60.2%  35.3    0s
*  245   213              34      16.0000000    7.96279  50.2%  31.1    0s
*  667   388               6      15.0000000    7.96279  46.9%  30.5    0s
 11626  6142   12.13350   43   69   15.00000    9.03613  39.8%  32.7    5s
 20753 10742   11.16905   32   76   15.00000    9.48684  36.8%  31.5   10s
 21059 10893    9.48684   36   60   15.00000    9.48684  36.8%  31.7   15s
 37145 14290   10.48997   56   55   15.00000    9.67092  35.5%  31.4   20s
 54145 16056   11.32276   50   52   15.00000   10.19685  32.0%  30.9   25s
 73177 23058   13.37637   55   61   15.00000   10.61119  29.3%  30.2   30s
 92783 28707   11.92831   51   63   15.00000   10.92581  27.2%  29.5   35s
 107998 32366   12.64948   47   73   15.00000   11.14279  25.7%  29.0   40s
 128256 35679   12.91555   58   53   15.00000   11.40645  24.0%  28.7   45s
 146903 37519   13.64181   60   61   15.00000   11.62842  22.5%  28.5   50s
 171937 37626   13.92257   56   69   15.00000   11.91448  20.6%  28.0   55s
 192228 35953     cutoff   59        15.00000   12.14388  19.0%  27.6   60s
 214331 31585   13.79394   53   71   15.00000   12.40721  17.3%  27.2   65s
 235201 24527   13.64254   50   53   15.00000   12.67338  15.5%  26.7   70s
 264497  7440     cutoff   53        15.00000   13.18582  12.1%  25.8   75s

Cutting planes:
  Gomory: 16
  MIR: 1
  Flow cover: 14
  Zero half: 11

Explored 274534 nodes (6945244 simplex iterations) in 76.59 seconds (104.29 work units)
Thread count was 4 (of 4 available processors)

Solution count 6: 15 16 20 ... 79

Optimal solution found (tolerance 1.00e-04)
Best objective 1.500000000000e+01, best bound 1.500000000000e+01, gap 0.0000%

Gurobi 11.0.3 (win64, Java) logging started Tue Mar 18 22:48:52 2025

Set parameter Username
Set parameter LogFile to value "src/main/java/gzhu/yh/logger/ILP_RD12.log"
Academic license - for non-commercial use only - expires 2025-09-02
Gurobi Optimizer version 11.0.3 build v11.0.3rc0 (win64 - Windows 10.0 (19045.2))

CPU model: Intel(R) Core(TM) i5-7300HQ CPU @ 2.50GHz, instruction set [SSE2|AVX|AVX2]
Thread count: 4 physical cores, 4 logical processors, using up to 4 threads

Optimize a model with 240 rows, 240 columns and 4068 nonzeros
Model fingerprint: 0xd9d47f52
Variable types: 0 continuous, 240 integer (240 binary)
Coefficient statistics:
  Matrix range     [1e+00, 1e+05]
  Objective range  [1e+00, 2e+00]
  Bounds range     [1e+00, 1e+00]
  RHS range        [1e+00, 1e+05]
Found heuristic solution: objective 80.0000000
Presolve removed 0 rows and 80 columns
Presolve time: 0.00s
Presolved: 240 rows, 160 columns, 3988 nonzeros
Variable types: 0 continuous, 160 integer (160 binary)

Root relaxation: objective 6.961727e+00, 296 iterations, 0.01 seconds (0.01 work units)

    Nodes    |    Current Node    |     Objective Bounds      |     Work
 Expl Unexpl |  Obj  Depth IntInf | Incumbent    BestBd   Gap | It/Node Time

     0     0    6.96173    0   74   80.00000    6.96173  91.3%     -    0s
H    0     0                      24.0000000    6.96173  71.0%     -    0s
     0     0    7.20836    0   68   24.00000    7.20836  70.0%     -    0s
H    0     0                      23.0000000    7.20836  68.7%     -    0s
     0     0    7.24631    0   74   23.00000    7.24631  68.5%     -    0s
     0     0    7.39570    0   70   23.00000    7.39570  67.8%     -    0s
H    0     0                      21.0000000    7.39570  64.8%     -    0s
H    0     0                      20.0000000    7.39570  63.0%     -    0s
     0     0    7.39570    0   70   20.00000    7.39570  63.0%     -    0s
     0     0    8.09918    0   74   20.00000    8.09918  59.5%     -    0s
     0     0    8.11038    0   76   20.00000    8.11038  59.4%     -    0s
     0     0    8.40565    0   76   20.00000    8.40565  58.0%     -    0s
     0     0    8.40565    0   76   20.00000    8.40565  58.0%     -    0s
     0     2    8.40565    0   76   20.00000    8.40565  58.0%     -    0s
H   84    77                      19.0000000    8.40565  55.8%  40.4    0s
*  120   110              24      18.0000000    8.40565  53.3%  38.5    0s
H  446   263                      15.0000000    8.40565  44.0%  34.1    0s
 13160  6122   11.88648   40   60   15.00000   10.14441  32.4%  31.4    5s
 21278  9188   11.96331   35  100   15.00000   10.57589  29.5%  30.2   10s
 26559 10482   12.94547   72   61   15.00000   10.57589  29.5%  31.1   15s
 43778 11921   13.87033   55   59   15.00000   10.60896  29.3%  31.1   20s
 63962 15609   13.29361   58   72   15.00000   11.26072  24.9%  30.5   25s
 83944 18396   13.39319   58   53   15.00000   11.72945  21.8%  29.7   30s
 104373 17493   13.70152   58   61   15.00000   12.17498  18.8%  29.0   35s
 125960 12563     cutoff   60        15.00000   12.64878  15.7%  28.6   40s

Cutting planes:
  Gomory: 7
  MIR: 2
  Flow cover: 14
  Zero half: 15

Explored 147979 nodes (3983111 simplex iterations) in 43.76 seconds (60.77 work units)
Thread count was 4 (of 4 available processors)

Solution count 8: 15 18 19 ... 80

Optimal solution found (tolerance 1.00e-04)
Best objective 1.500000000000e+01, best bound 1.500000000000e+01, gap 0.0000%

Gurobi 11.0.3 (win64, Java) logging started Tue Mar 18 22:49:36 2025

Set parameter Username
Set parameter LogFile to value "src/main/java/gzhu/yh/logger/ILP_RD12.log"
Academic license - for non-commercial use only - expires 2025-09-02
Gurobi Optimizer version 11.0.3 build v11.0.3rc0 (win64 - Windows 10.0 (19045.2))

CPU model: Intel(R) Core(TM) i5-7300HQ CPU @ 2.50GHz, instruction set [SSE2|AVX|AVX2]
Thread count: 4 physical cores, 4 logical processors, using up to 4 threads

Optimize a model with 243 rows, 243 columns and 4401 nonzeros
Model fingerprint: 0x069e37e1
Variable types: 0 continuous, 243 integer (243 binary)
Coefficient statistics:
  Matrix range     [1e+00, 1e+05]
  Objective range  [1e+00, 2e+00]
  Bounds range     [1e+00, 1e+00]
  RHS range        [1e+00, 1e+05]
Found heuristic solution: objective 81.0000000
Presolve removed 0 rows and 81 columns
Presolve time: 0.00s
Presolved: 243 rows, 162 columns, 4320 nonzeros
Variable types: 0 continuous, 162 integer (162 binary)

Root relaxation: objective 6.295876e+00, 266 iterations, 0.01 seconds (0.01 work units)

    Nodes    |    Current Node    |     Objective Bounds      |     Work
 Expl Unexpl |  Obj  Depth IntInf | Incumbent    BestBd   Gap | It/Node Time

     0     0    6.29588    0   90   81.00000    6.29588  92.2%     -    0s
H    0     0                      27.0000000    6.29588  76.7%     -    0s
H    0     0                      26.0000000    6.29588  75.8%     -    0s
     0     0    6.56728    0   90   26.00000    6.56728  74.7%     -    0s
     0     0    6.56728    0   86   26.00000    6.56728  74.7%     -    0s
     0     0    6.66740    0   88   26.00000    6.66740  74.4%     -    0s
H    0     0                      23.0000000    6.66740  71.0%     -    0s
     0     0    6.74531    0   90   23.00000    6.74531  70.7%     -    0s
     0     0    7.65038    0   92   23.00000    7.65038  66.7%     -    0s
     0     0    7.65038    0   92   23.00000    7.65038  66.7%     -    0s
     0     2    7.65038    0   92   23.00000    7.65038  66.7%     -    0s
*  111   129              29      16.0000000    7.65038  52.2%  40.9    0s
H 3460  1494                      15.0000000    8.17320  45.5%  35.9    2s
H 6834  2915                      14.0000000    8.74976  37.5%  34.4    3s
 12668  5898   12.96947   49   59   14.00000    9.32795  33.4%  33.0    5s
 20535  8926   11.61834   41   92   14.00000    9.71963  30.6%  32.0   10s
 24270 10016   11.06297   54   44   14.00000    9.71963  30.6%  32.9   15s
 39870 11272   12.69189   53   50   14.00000    9.78076  30.1%  32.5   20s
 56500 13527 infeasible   57        14.00000   10.38078  25.9%  31.8   25s
 73388 15853   12.17397   40   56   14.00000   10.84627  22.5%  31.1   30s
 88333 15191     cutoff   52        14.00000   11.23958  19.7%  30.4   35s
 104541 10676     cutoff   53        14.00000   11.71536  16.3%  29.5   40s

Cutting planes:
  Gomory: 8
  MIR: 5
  Flow cover: 16
  Zero half: 17

Explored 120448 nodes (3399115 simplex iterations) in 43.55 seconds (58.17 work units)
Thread count was 4 (of 4 available processors)

Solution count 7: 14 15 16 ... 81

Optimal solution found (tolerance 1.00e-04)
Best objective 1.400000000000e+01, best bound 1.400000000000e+01, gap 0.0000%

Gurobi 11.0.3 (win64, Java) logging started Tue Mar 18 22:50:20 2025

Set parameter Username
Set parameter LogFile to value "src/main/java/gzhu/yh/logger/ILP_RD12.log"
Academic license - for non-commercial use only - expires 2025-09-02
Gurobi Optimizer version 11.0.3 build v11.0.3rc0 (win64 - Windows 10.0 (19045.2))

CPU model: Intel(R) Core(TM) i5-7300HQ CPU @ 2.50GHz, instruction set [SSE2|AVX|AVX2]
Thread count: 4 physical cores, 4 logical processors, using up to 4 threads

Optimize a model with 246 rows, 246 columns and 4374 nonzeros
Model fingerprint: 0x905e2cf0
Variable types: 0 continuous, 246 integer (246 binary)
Coefficient statistics:
  Matrix range     [1e+00, 1e+05]
  Objective range  [1e+00, 2e+00]
  Bounds range     [1e+00, 1e+00]
  RHS range        [1e+00, 1e+05]
Found heuristic solution: objective 82.0000000
Presolve removed 0 rows and 82 columns
Presolve time: 0.00s
Presolved: 246 rows, 164 columns, 4292 nonzeros
Variable types: 0 continuous, 164 integer (164 binary)

Root relaxation: objective 6.712041e+00, 291 iterations, 0.01 seconds (0.01 work units)

    Nodes    |    Current Node    |     Objective Bounds      |     Work
 Expl Unexpl |  Obj  Depth IntInf | Incumbent    BestBd   Gap | It/Node Time

     0     0    6.71204    0   80   82.00000    6.71204  91.8%     -    0s
H    0     0                      30.0000000    6.71204  77.6%     -    0s
H    0     0                      23.0000000    6.71204  70.8%     -    0s
     0     0    6.92125    0   80   23.00000    6.92125  69.9%     -    0s
H    0     0                      22.0000000    6.92125  68.5%     -    0s
     0     0    6.96310    0   78   22.00000    6.96310  68.3%     -    0s
     0     0    7.09367    0   78   22.00000    7.09367  67.8%     -    0s
     0     0    7.15023    0   80   22.00000    7.15023  67.5%     -    0s
     0     0    7.52061    0   82   22.00000    7.52061  65.8%     -    0s
     0     0    7.52061    0   82   22.00000    7.52061  65.8%     -    0s
     0     2    7.52061    0   82   22.00000    7.52061  65.8%     -    0s
H  554   398                      20.0000000    7.52911  62.4%  32.2    0s
H 1225   794                      19.0000000    8.17312  57.0%  30.8    0s
H 1226   754                      18.0000000    8.17312  54.6%  30.8    0s
H 1269   748                      17.0000000    8.17312  51.9%  31.9    1s
H 2039  1019                      16.0000000    8.17312  48.9%  36.1    1s
 10839  6465   14.09773   59   62   16.00000    9.00222  43.7%  32.9    5s
 20773 11895   13.44390   30   82   16.00000    9.43675  41.0%  33.2   11s
 20846 11944   11.04949   44  104   16.00000    9.43675  41.0%  33.1   15s
 27711 13956   12.60995   47   62   16.00000    9.43675  41.0%  33.6   20s
 46745 18516   13.19790   52   62   16.00000    9.81441  38.7%  33.4   25s
 65806 24978   13.50744   60   60   16.00000   10.23575  36.0%  32.9   30s
 83069 33201   12.44125   41   57   16.00000   10.51080  34.3%  32.5   35s
 101983 41495   11.74374   50   61   16.00000   10.73725  32.9%  32.0   40s
 121845 49184   13.88169   68   57   16.00000   10.92891  31.7%  31.6   45s
 142329 56819   12.61052   47   67   16.00000   11.11494  30.5%  31.2   50s
 164174 64155   13.07319   63   53   16.00000   11.27902  29.5%  30.9   55s
 183132 69942   14.17958   60   67   16.00000   11.41165  28.7%  30.7   60s
 202810 75764   14.03308   61   56   16.00000   11.54622  27.8%  30.6   65s
 222498 80565   12.41623   45   73   16.00000   11.67054  27.1%  30.5   70s
 239982 84364     cutoff   72        16.00000   11.77799  26.4%  30.5   75s
 257714 87684   14.45760   68   61   16.00000   11.88674  25.7%  30.3   80s
 275396 90827   13.84680   49   56   16.00000   11.99026  25.1%  30.1   85s
 291969 93168     cutoff   54        16.00000   12.08374  24.5%  29.9   90s
 309125 95249   14.00252   60   54   16.00000   12.17468  23.9%  29.8   95s
 327944 97072   12.42657   42   63   16.00000   12.27737  23.3%  29.6  100s
 348693 98187   13.84270   67   64   16.00000   12.39113  22.6%  29.5  105s
 367767 98745   14.12882   52   67   16.00000   12.49342  21.9%  29.4  110s
 387526 98524   14.07688   50   57   16.00000   12.59800  21.3%  29.2  115s
 406503 97991   14.99511   65   53   16.00000   12.69658  20.6%  29.1  120s
 428223 96404   14.63011   70   55   16.00000   12.80756  20.0%  28.9  125s
 447733 94065 infeasible   64        16.00000   12.91337  19.3%  28.9  130s
 468129 90649     cutoff   55        16.00000   13.02456  18.6%  28.8  135s
 486039 86940     cutoff   71        16.00000   13.12410  18.0%  28.8  140s
 503698 82499     cutoff   65        16.00000   13.22551  17.3%  28.7  145s
 521869 76854   14.86072   60   50   16.00000   13.32992  16.7%  28.6  150s
 540239 70189   14.15531   75   51   16.00000   13.44110  16.0%  28.6  155s
 562070 60875   14.57395   61   52   16.00000   13.57939  15.1%  28.4  160s
 585508 48950   14.68654   63   62   16.00000   13.73870  14.1%  28.0  165s
 609276 34849     cutoff   68        16.00000   13.91582  13.0%  27.7  170s
 642565  9769   14.90277   66   57   16.00000   14.30881  10.6%  26.9  175s

Cutting planes:
  Gomory: 14
  MIR: 1
  Flow cover: 8
  Zero half: 18

Explored 655442 nodes (17379392 simplex iterations) in 176.44 seconds (256.64 work units)
Thread count was 4 (of 4 available processors)

Solution count 9: 16 17 18 ... 82

Optimal solution found (tolerance 1.00e-04)
Best objective 1.600000000000e+01, best bound 1.600000000000e+01, gap 0.0000%

Gurobi 11.0.3 (win64, Java) logging started Tue Mar 18 22:53:16 2025

Set parameter Username
Set parameter LogFile to value "src/main/java/gzhu/yh/logger/ILP_RD12.log"
Academic license - for non-commercial use only - expires 2025-09-02
Gurobi Optimizer version 11.0.3 build v11.0.3rc0 (win64 - Windows 10.0 (19045.2))

CPU model: Intel(R) Core(TM) i5-7300HQ CPU @ 2.50GHz, instruction set [SSE2|AVX|AVX2]
Thread count: 4 physical cores, 4 logical processors, using up to 4 threads

Optimize a model with 249 rows, 249 columns and 4559 nonzeros
Model fingerprint: 0xfd3a7ee7
Variable types: 0 continuous, 249 integer (249 binary)
Coefficient statistics:
  Matrix range     [1e+00, 1e+05]
  Objective range  [1e+00, 2e+00]
  Bounds range     [1e+00, 1e+00]
  RHS range        [1e+00, 1e+05]
Found heuristic solution: objective 83.0000000
Presolve removed 0 rows and 83 columns
Presolve time: 0.00s
Presolved: 249 rows, 166 columns, 4476 nonzeros
Variable types: 0 continuous, 166 integer (166 binary)

Root relaxation: objective 6.461513e+00, 298 iterations, 0.01 seconds (0.01 work units)

    Nodes    |    Current Node    |     Objective Bounds      |     Work
 Expl Unexpl |  Obj  Depth IntInf | Incumbent    BestBd   Gap | It/Node Time

     0     0    6.46151    0  102   83.00000    6.46151  92.2%     -    0s
H    0     0                      31.0000000    6.46151  79.2%     -    0s
H    0     0                      29.0000000    6.55438  77.4%     -    0s
     0     0    6.63751    0   86   29.00000    6.63751  77.1%     -    0s
H    0     0                      28.0000000    6.63751  76.3%     -    0s
H    0     0                      24.0000000    6.69679  72.1%     -    0s
     0     0    6.69679    0   80   24.00000    6.69679  72.1%     -    0s
H    0     0                      22.0000000    6.74643  69.3%     -    0s
     0     0    6.74643    0   86   22.00000    6.74643  69.3%     -    0s
H    0     0                      19.0000000    6.74643  64.5%     -    0s
     0     0    6.74643    0   88   19.00000    6.74643  64.5%     -    0s
     0     0    7.47032    0   92   19.00000    7.47032  60.7%     -    0s
     0     0    7.47032    0   92   19.00000    7.47032  60.7%     -    0s
     0     2    7.47032    0   92   19.00000    7.47032  60.7%     -    0s
H  686   536                      18.0000000    7.47032  58.5%  31.2    0s
H 1235   761                      17.0000000    7.91354  53.4%  32.2    0s
H 2606  1353                      16.0000000    8.03282  49.8%  38.2    2s
 11504  6673   11.12370   41   79   16.00000    8.91108  44.3%  33.3    5s
 20947 12175   10.95987   26   92   16.00000    9.29222  41.9%  32.3   11s
 21004 12213   13.49644   46  120   16.00000    9.29222  41.9%  32.2   15s
 21711 12627    9.29222   52   57   16.00000    9.29222  41.9%  32.8   20s
 36664 17686   11.87901   53   65   16.00000    9.29222  41.9%  33.1   25s
 55067 22139   10.58291   28   65   16.00000    9.48822  40.7%  32.9   30s
 72144 30779     cutoff   43        16.00000    9.74939  39.1%  32.7   35s
 86100 38129   11.32549   47   52   16.00000    9.93345  37.9%  32.4   40s
 102864 46621     cutoff   44        16.00000   10.10855  36.8%  32.1   45s
 119642 55067   11.58003   43   63   16.00000   10.25057  35.9%  31.7   50s
 131232 60871   11.83720   43   64   16.00000   10.34831  35.3%  31.5   55s
 148594 69326   12.11935   60   64   16.00000   10.47160  34.6%  31.2   60s
 167043 77486     cutoff   49        16.00000   10.58995  33.8%  31.1   65s
 182635 84274   12.16066   50   59   16.00000   10.67966  33.3%  31.0   70s
 197553 90543   12.93522   44   70   16.00000   10.75560  32.8%  31.0   75s
 217106 98278   11.60215   44   67   16.00000   10.85480  32.2%  30.9   80s
 235859 105294     cutoff   60        16.00000   10.93889  31.6%  30.7   85s
 256503 112802   13.53867   57   65   16.00000   11.03234  31.0%  30.6   90s
 270765 117846     cutoff   46        16.00000   11.09225  30.7%  30.5   95s
 291250 124965   13.47895   63   70   16.00000   11.17751  30.1%  30.3  100s
 310071 131218   14.20656   54   51   16.00000   11.25214  29.7%  30.2  105s
 327688 136740   12.76174   46   77   16.00000   11.31477  29.3%  30.1  110s
 345681 142125   12.45801   56   73   16.00000   11.38189  28.9%  30.0  115s
 364895 147318   13.98389   68   60   16.00000   11.44777  28.5%  29.9  120s
 387519 153807     cutoff   39        16.00000   11.52242  28.0%  29.7  125s
 405320 158596     cutoff   55        16.00000   11.57874  27.6%  29.6  130s
 423980 163228     cutoff   48        16.00000   11.63462  27.3%  29.6  135s
 444389 168003   13.40818   52   71   16.00000   11.69842  26.9%  29.6  140s
 462612 172298   13.71081   44   70   16.00000   11.75550  26.5%  29.5  145s
 481990 176550   12.42996   38   64   16.00000   11.81325  26.2%  29.5  150s
 498451 179884     cutoff   50        16.00000   11.85940  25.9%  29.5  155s
 515199 183105   13.76158   59   65   16.00000   11.90758  25.6%  29.4  160s
 532138 186141   14.51129   56   55   16.00000   11.95704  25.3%  29.4  165s
 550903 189200   13.64988   53   71   16.00000   12.01059  24.9%  29.4  170s
 568209 191980   13.43641   57   64   16.00000   12.05586  24.7%  29.4  175s
 589683 194843   14.06404   52   63   16.00000   12.11408  24.3%  29.3  180s
 608971 197252   13.39836   42   60   16.00000   12.16599  24.0%  29.2  185s
 626328 199146   13.29931   55   65   16.00000   12.21129  23.7%  29.1  190s
 644617 201042   12.68434   60   55   16.00000   12.25816  23.4%  29.1  195s
 665714 202702   13.34181   62   61   16.00000   12.31677  23.0%  29.0  200s
 686878 203947   14.43851   52   72   16.00000   12.37067  22.7%  28.9  205s
 705570 204742     cutoff   63        16.00000   12.42027  22.4%  28.8  210s
 723442 205221   14.86044   40   59   16.00000   12.46716  22.1%  28.7  215s
 742191 205431   14.43699   64   59   16.00000   12.51560  21.8%  28.7  220s
 762751 205377   13.36119   50   63   16.00000   12.56882  21.4%  28.6  225s
 782863 204982     cutoff   50        16.00000   12.62218  21.1%  28.5  230s
 803383 203963   14.03819   53   59   16.00000   12.67437  20.8%  28.4  235s
 824455 202595   13.63098   53   63   16.00000   12.72943  20.4%  28.4  240s
 845762 200808   14.21654   59   63   16.00000   12.78415  20.1%  28.3  245s
 863260 198784   14.83165   51   66   16.00000   12.83187  19.8%  28.2  250s
 880237 196521 infeasible   50        16.00000   12.87818  19.5%  28.1  255s
 901712 193232     cutoff   55        16.00000   12.93705  19.1%  28.0  260s
 923965 189342     cutoff   48        16.00000   12.99807  18.8%  27.9  265s
 945044 185274     cutoff   50        16.00000   13.05459  18.4%  27.8  270s
 967968 179849     cutoff   54        16.00000   13.11993  18.0%  27.8  275s
 989373 174234   14.72567   60   57   16.00000   13.18037  17.6%  27.7  280s
 1010484 167721   14.47228   56   72   16.00000   13.24286  17.2%  27.6  285s
 1034668 159505     cutoff   65        16.00000   13.31556  16.8%  27.4  290s
 1056487 151325     cutoff   46        16.00000   13.38182  16.4%  27.3  295s
 1077225 142921     cutoff   46        16.00000   13.44670  16.0%  27.2  300s
 1095569 134890     cutoff   56        16.00000   13.50454  15.6%  27.2  305s
 1111672 127102   14.99427   67   49   16.00000   13.55791  15.3%  27.1  310s
 1133529 116004     cutoff   59        16.00000   13.62954  14.8%  27.0  315s
 1154862 104254     cutoff   61        16.00000   13.70354  14.4%  26.9  320s
 1173930 92995     cutoff   50        16.00000   13.77216  13.9%  26.8  325s
 1197742 77683     cutoff   69        16.00000   13.86380  13.4%  26.7  330s
 1223725 59849     cutoff   57        16.00000   13.97028  12.7%  26.5  335s
 1252181 37362   14.73209   50   64   16.00000   14.12471  11.7%  26.3  340s
 1291336  5438   14.77184   67   57   16.00000   14.60282  8.73%  25.8  345s

Cutting planes:
  Gomory: 18
  MIR: 5
  Flow cover: 12
  Zero half: 12

Explored 1298033 nodes (33422633 simplex iterations) in 345.71 seconds (495.58 work units)
Thread count was 4 (of 4 available processors)

Solution count 10: 16 17 18 ... 83

Optimal solution found (tolerance 1.00e-04)
Best objective 1.600000000000e+01, best bound 1.600000000000e+01, gap 0.0000%

Gurobi 11.0.3 (win64, Java) logging started Tue Mar 18 22:59:02 2025

Set parameter Username
Set parameter LogFile to value "src/main/java/gzhu/yh/logger/ILP_RD12.log"
Academic license - for non-commercial use only - expires 2025-09-02
Gurobi Optimizer version 11.0.3 build v11.0.3rc0 (win64 - Windows 10.0 (19045.2))

CPU model: Intel(R) Core(TM) i5-7300HQ CPU @ 2.50GHz, instruction set [SSE2|AVX|AVX2]
Thread count: 4 physical cores, 4 logical processors, using up to 4 threads

Optimize a model with 252 rows, 252 columns and 4676 nonzeros
Model fingerprint: 0xac5b7791
Variable types: 0 continuous, 252 integer (252 binary)
Coefficient statistics:
  Matrix range     [1e+00, 1e+05]
  Objective range  [1e+00, 2e+00]
  Bounds range     [1e+00, 1e+00]
  RHS range        [1e+00, 1e+05]
Found heuristic solution: objective 84.0000000
Presolve removed 0 rows and 84 columns
Presolve time: 0.00s
Presolved: 252 rows, 168 columns, 4592 nonzeros
Variable types: 0 continuous, 168 integer (168 binary)

Root relaxation: objective 6.567577e+00, 308 iterations, 0.01 seconds (0.01 work units)

    Nodes    |    Current Node    |     Objective Bounds      |     Work
 Expl Unexpl |  Obj  Depth IntInf | Incumbent    BestBd   Gap | It/Node Time

     0     0    6.56758    0   92   84.00000    6.56758  92.2%     -    0s
H    0     0                      33.0000000    6.56758  80.1%     -    0s
H    0     0                      31.0000000    6.56758  78.8%     -    0s
     0     0    6.67125    0   94   31.00000    6.67125  78.5%     -    0s
H    0     0                      25.0000000    6.67125  73.3%     -    0s
     0     0    6.74513    0   92   25.00000    6.74513  73.0%     -    0s
H    0     0                      18.0000000    6.90087  61.7%     -    0s
     0     0    6.90087    0   92   18.00000    6.90087  61.7%     -    0s
     0     0    6.98586    0   94   18.00000    6.98586  61.2%     -    0s
     0     0    7.74886    0  100   18.00000    7.74886  57.0%     -    0s
     0     0    7.75258    0   92   18.00000    7.75258  56.9%     -    0s
     0     0    8.05428    0  102   18.00000    8.05428  55.3%     -    0s
     0     0    8.05428    0  102   18.00000    8.05428  55.3%     -    0s
     0     2    8.05428    0  102   18.00000    8.05428  55.3%     -    0s
H 7313  3485                      16.0000000    8.67469  45.8%  33.8    3s
 13389  7377   13.21962   43   76   16.00000    9.09193  43.2%  32.2    5s
 20735 11671   13.77992   56  102   16.00000    9.33949  41.6%  31.7   10s
 21908 12243   10.85959   49   68   16.00000    9.33949  41.6%  32.5   15s
 37395 16976   11.84847   53   63   16.00000    9.33949  41.6%  33.2   20s
 56987 21907     cutoff   55        16.00000    9.81534  38.7%  32.7   25s
 75623 31977   11.95944   42   69   16.00000   10.11955  36.8%  32.3   30s
 93571 40979   13.72914   57   56   16.00000   10.34860  35.3%  31.8   35s
 110631 49271     cutoff   39        16.00000   10.52791  34.2%  31.5   40s
 130604 58333   13.87474   36   54   16.00000   10.71567  33.0%  31.2   45s
